抽せん日,候補_3桁,予測番号,百,十,一,joint_prob,model_name,feature_set,gen_at,source,EV_gross,EV_net,price,expected_payout
2025-12-09,805,805,8,0,5,0.062,RandomForestClassifier,safe_w200,2025-12-09T18:34:20,predict_next_joint,5580.0,5380.0,200.0,5580.0
2025-12-09,395,395,3,9,5,0.062,RandomForestClassifier,safe_w200,2025-12-09T18:34:20,predict_next_joint,5580.0,5380.0,200.0,5580.0
2025-12-09,013,13,0,1,3,0.056,RandomForestClassifier,safe_w200,2025-12-09T18:34:20,predict_next_joint,5040.0,4840.0,200.0,5040.0
2025-12-09,708,708,7,0,8,0.048,RandomForestClassifier,safe_w200,2025-12-09T18:34:20,predict_next_joint,4320.0,4120.0,200.0,4320.0
2025-12-09,718,718,7,1,8,0.044,RandomForestClassifier,safe_w200,2025-12-09T18:34:20,predict_next_joint,3959.9999999999995,3759.9999999999995,200.0,3960.0
2025-12-09,278,278,2,7,8,0.042,RandomForestClassifier,safe_w200,2025-12-09T18:34:20,predict_next_joint,3780.0000000000005,3580.0000000000005,200.0,3780.000000000001
2025-12-09,157,157,1,5,7,0.042,RandomForestClassifier,safe_w200,2025-12-09T18:34:20,predict_next_joint,3780.0000000000005,3580.0000000000005,200.0,3780.000000000001
2025-12-09,652,652,6,5,2,0.036,RandomForestClassifier,safe_w200,2025-12-09T18:34:20,predict_next_joint,3239.9999999999995,3039.9999999999995,200.0,3239.9999999999995
2025-12-09,374,374,3,7,4,0.03,RandomForestClassifier,safe_w200,2025-12-09T18:34:20,predict_next_joint,2700.0,2500.0,200.0,2700.0
2025-12-09,752,752,7,5,2,0.028,RandomForestClassifier,safe_w200,2025-12-09T18:34:20,predict_next_joint,2520.0,2320.0,200.0,2520.0
2025-12-09,072,72,0,7,2,0.026,RandomForestClassifier,safe_w200,2025-12-09T18:34:20,predict_next_joint,2340.0,2140.0,200.0,2340.0
2025-12-09,518,518,5,1,8,0.022,RandomForestClassifier,safe_w200,2025-12-09T18:34:20,predict_next_joint,1979.9999999999998,1779.9999999999998,200.0,1980.0
2025-12-09,631,631,6,3,1,0.02,RandomForestClassifier,safe_w200,2025-12-09T18:34:20,predict_next_joint,1800.0,1600.0,200.0,1800.0
2025-12-09,523,523,5,2,3,0.018,RandomForestClassifier,safe_w200,2025-12-09T18:34:20,predict_next_joint,1619.9999999999998,1419.9999999999998,200.0,1619.9999999999998
2025-12-09,168,168,1,6,8,0.018,RandomForestClassifier,safe_w200,2025-12-09T18:34:20,predict_next_joint,1619.9999999999998,1419.9999999999998,200.0,1619.9999999999998
2025-12-09,253,253,2,5,3,0.018,RandomForestClassifier,safe_w200,2025-12-09T18:34:20,predict_next_joint,1619.9999999999998,1419.9999999999998,200.0,1619.9999999999998
2025-12-09,856,856,8,5,6,0.016,RandomForestClassifier,safe_w200,2025-12-09T18:34:20,predict_next_joint,1440.0,1240.0,200.0,1440.0
2025-12-09,729,729,7,2,9,0.014,RandomForestClassifier,safe_w200,2025-12-09T18:34:20,predict_next_joint,1260.0,1060.0,200.0,1260.0
2025-12-09,490,490,4,9,0,0.012,RandomForestClassifier,safe_w200,2025-12-09T18:34:20,predict_next_joint,1080.0,880.0,200.0,1080.0
2025-12-09,038,38,0,3,8,0.01,RandomForestClassifier,safe_w200,2025-12-09T18:34:20,predict_next_joint,900.0,700.0,200.0,900.0
2025-12-09,204,204,2,0,4,0.01,RandomForestClassifier,safe_w200,2025-12-09T18:34:20,predict_next_joint,900.0,700.0,200.0,900.0
2025-12-09,014,14,0,1,4,0.01,RandomForestClassifier,safe_w200,2025-12-09T18:34:20,predict_next_joint,900.0,700.0,200.0,900.0
2025-12-09,572,572,5,7,2,0.01,RandomForestClassifier,safe_w200,2025-12-09T18:34:20,predict_next_joint,900.0,700.0,200.0,900.0
2025-12-09,430,430,4,3,0,0.01,RandomForestClassifier,safe_w200,2025-12-09T18:34:20,predict_next_joint,900.0,700.0,200.0,900.0
2025-12-09,064,64,0,6,4,0.008,RandomForestClassifier,safe_w200,2025-12-09T18:34:20,predict_next_joint,720.0,520.0,200.0,720.0
2025-12-09,870,870,8,7,0,0.008,RandomForestClassifier,safe_w200,2025-12-09T18:34:20,predict_next_joint,720.0,520.0,200.0,720.0
2025-12-09,427,427,4,2,7,0.008,RandomForestClassifier,safe_w200,2025-12-09T18:34:20,predict_next_joint,720.0,520.0,200.0,720.0
2025-12-09,591,591,5,9,1,0.008,RandomForestClassifier,safe_w200,2025-12-09T18:34:20,predict_next_joint,720.0,520.0,200.0,720.0
2025-12-09,207,207,2,0,7,0.008,RandomForestClassifier,safe_w200,2025-12-09T18:34:20,predict_next_joint,720.0,520.0,200.0,720.0
2025-12-09,948,948,9,4,8,0.006,RandomForestClassifier,safe_w200,2025-12-09T18:34:20,predict_next_joint,540.0,340.0,200.0,540.0
2025-12-09,049,49,0,4,9,0.006,RandomForestClassifier,safe_w200,2025-12-09T18:34:20,predict_next_joint,540.0,340.0,200.0,540.0
2025-12-09,607,607,6,0,7,0.006,RandomForestClassifier,safe_w200,2025-12-09T18:34:20,predict_next_joint,540.0,340.0,200.0,540.0
2025-12-09,531,531,5,3,1,0.006,RandomForestClassifier,safe_w200,2025-12-09T18:34:20,predict_next_joint,540.0,340.0,200.0,540.0
2025-12-09,460,460,4,6,0,0.006,RandomForestClassifier,safe_w200,2025-12-09T18:34:20,predict_next_joint,540.0,340.0,200.0,540.0
2025-12-09,139,139,1,3,9,0.006,RandomForestClassifier,safe_w200,2025-12-09T18:34:20,predict_next_joint,540.0,340.0,200.0,540.0
2025-12-09,237,237,2,3,7,0.006,RandomForestClassifier,safe_w200,2025-12-09T18:34:20,predict_next_joint,540.0,340.0,200.0,540.0
2025-12-09,831,831,8,3,1,0.006,RandomForestClassifier,safe_w200,2025-12-09T18:34:20,predict_next_joint,540.0,340.0,200.0,540.0
2025-12-09,827,827,8,2,7,0.006,RandomForestClassifier,safe_w200,2025-12-09T18:34:20,predict_next_joint,540.0,340.0,200.0,540.0
2025-12-09,657,657,6,5,7,0.006,RandomForestClassifier,safe_w200,2025-12-09T18:34:20,predict_next_joint,540.0,340.0,200.0,540.0
2025-12-09,391,391,3,9,1,0.004,RandomForestClassifier,safe_w200,2025-12-09T18:34:20,predict_next_joint,360.0,160.0,200.0,360.0
2025-12-09,229,229,2,2,9,0.004,RandomForestClassifier,safe_w200,2025-12-09T18:34:20,predict_next_joint,360.0,160.0,200.0,360.0
2025-12-09,218,218,2,1,8,0.004,RandomForestClassifier,safe_w200,2025-12-09T18:34:20,predict_next_joint,360.0,160.0,200.0,360.0
2025-12-09,321,321,3,2,1,0.004,RandomForestClassifier,safe_w200,2025-12-09T18:34:20,predict_next_joint,360.0,160.0,200.0,360.0
2025-12-09,361,361,3,6,1,0.004,RandomForestClassifier,safe_w200,2025-12-09T18:34:20,predict_next_joint,360.0,160.0,200.0,360.0
2025-12-09,314,314,3,1,4,0.004,RandomForestClassifier,safe_w200,2025-12-09T18:34:20,predict_next_joint,360.0,160.0,200.0,360.0
2025-12-09,469,469,4,6,9,0.004,RandomForestClassifier,safe_w200,2025-12-09T18:34:20,predict_next_joint,360.0,160.0,200.0,360.0
2025-12-09,470,470,4,7,0,0.004,RandomForestClassifier,safe_w200,2025-12-09T18:34:20,predict_next_joint,360.0,160.0,200.0,360.0
2025-12-09,485,485,4,8,5,0.004,RandomForestClassifier,safe_w200,2025-12-09T18:34:20,predict_next_joint,360.0,160.0,200.0,360.0
2025-12-09,573,573,5,7,3,0.004,RandomForestClassifier,safe_w200,2025-12-09T18:34:20,predict_next_joint,360.0,160.0,200.0,360.0
2025-12-09,520,520,5,2,0,0.004,RandomForestClassifier,safe_w200,2025-12-09T18:34:20,predict_next_joint,360.0,160.0,200.0,360.0
2025-12-09,964,964,9,6,4,0.004,RandomForestClassifier,safe_w200,2025-12-09T18:34:20,predict_next_joint,360.0,160.0,200.0,360.0
2025-12-09,692,692,6,9,2,0.004,RandomForestClassifier,safe_w200,2025-12-09T18:34:20,predict_next_joint,360.0,160.0,200.0,360.0
2025-12-09,671,671,6,7,1,0.004,RandomForestClassifier,safe_w200,2025-12-09T18:34:20,predict_next_joint,360.0,160.0,200.0,360.0
2025-12-09,796,796,7,9,6,0.004,RandomForestClassifier,safe_w200,2025-12-09T18:34:20,predict_next_joint,360.0,160.0,200.0,360.0
2025-12-09,068,68,0,6,8,0.004,RandomForestClassifier,safe_w200,2025-12-09T18:34:20,predict_next_joint,360.0,160.0,200.0,360.0
2025-12-09,000,0,0,0,0,0.004,RandomForestClassifier,safe_w200,2025-12-09T18:34:20,predict_next_joint,360.0,160.0,200.0,360.0
2025-12-09,891,891,8,9,1,0.004,RandomForestClassifier,safe_w200,2025-12-09T18:34:20,predict_next_joint,360.0,160.0,200.0,360.0
2025-12-09,187,187,1,8,7,0.004,RandomForestClassifier,safe_w200,2025-12-09T18:34:20,predict_next_joint,360.0,160.0,200.0,360.0
2025-12-09,169,169,1,6,9,0.004,RandomForestClassifier,safe_w200,2025-12-09T18:34:20,predict_next_joint,360.0,160.0,200.0,360.0
2025-12-09,190,190,1,9,0,0.004,RandomForestClassifier,safe_w200,2025-12-09T18:34:20,predict_next_joint,360.0,160.0,200.0,360.0
2025-12-09,149,149,1,4,9,0.004,RandomForestClassifier,safe_w200,2025-12-09T18:34:20,predict_next_joint,360.0,160.0,200.0,360.0
2025-12-09,263,263,2,6,3,0.004,RandomForestClassifier,safe_w200,2025-12-09T18:34:20,predict_next_joint,360.0,160.0,200.0,360.0
2025-12-09,368,368,3,6,8,0.004,RandomForestClassifier,safe_w200,2025-12-09T18:34:20,predict_next_joint,360.0,160.0,200.0,360.0
2025-12-09,906,906,9,0,6,0.002,RandomForestClassifier,safe_w200,2025-12-09T18:34:20,predict_next_joint,180.0,-20.0,200.0,180.0
2025-12-09,584,584,5,8,4,0.002,RandomForestClassifier,safe_w200,2025-12-09T18:34:20,predict_next_joint,180.0,-20.0,200.0,180.0
2025-12-09,610,610,6,1,0,0.002,RandomForestClassifier,safe_w200,2025-12-09T18:34:20,predict_next_joint,180.0,-20.0,200.0,180.0
2025-12-09,637,637,6,3,7,0.002,RandomForestClassifier,safe_w200,2025-12-09T18:34:20,predict_next_joint,180.0,-20.0,200.0,180.0
2025-12-09,641,641,6,4,1,0.002,RandomForestClassifier,safe_w200,2025-12-09T18:34:20,predict_next_joint,180.0,-20.0,200.0,180.0
2025-12-09,642,642,6,4,2,0.002,RandomForestClassifier,safe_w200,2025-12-09T18:34:20,predict_next_joint,180.0,-20.0,200.0,180.0
2025-12-09,675,675,6,7,5,0.002,RandomForestClassifier,safe_w200,2025-12-09T18:34:20,predict_next_joint,180.0,-20.0,200.0,180.0
2025-12-09,075,75,0,7,5,0.002,RandomForestClassifier,safe_w200,2025-12-09T18:34:20,predict_next_joint,180.0,-20.0,200.0,180.0
2025-12-09,672,672,6,7,2,0.002,RandomForestClassifier,safe_w200,2025-12-09T18:34:20,predict_next_joint,180.0,-20.0,200.0,180.0
2025-12-09,069,69,0,6,9,0.002,RandomForestClassifier,safe_w200,2025-12-09T18:34:20,predict_next_joint,180.0,-20.0,200.0,180.0
2025-12-09,745,745,7,4,5,0.002,RandomForestClassifier,safe_w200,2025-12-09T18:34:20,predict_next_joint,180.0,-20.0,200.0,180.0
2025-12-09,741,741,7,4,1,0.002,RandomForestClassifier,safe_w200,2025-12-09T18:34:20,predict_next_joint,180.0,-20.0,200.0,180.0
2025-12-09,063,63,0,6,3,0.002,RandomForestClassifier,safe_w200,2025-12-09T18:34:20,predict_next_joint,180.0,-20.0,200.0,180.0
2025-12-09,734,734,7,3,4,0.002,RandomForestClassifier,safe_w200,2025-12-09T18:34:20,predict_next_joint,180.0,-20.0,200.0,180.0
2025-12-09,720,720,7,2,0,0.002,RandomForestClassifier,safe_w200,2025-12-09T18:34:20,predict_next_joint,180.0,-20.0,200.0,180.0
2025-12-09,704,704,7,0,4,0.002,RandomForestClassifier,safe_w200,2025-12-09T18:34:20,predict_next_joint,180.0,-20.0,200.0,180.0
2025-12-09,674,674,6,7,4,0.002,RandomForestClassifier,safe_w200,2025-12-09T18:34:20,predict_next_joint,180.0,-20.0,200.0,180.0
2025-12-09,758,758,7,5,8,0.002,RandomForestClassifier,safe_w200,2025-12-09T18:34:20,predict_next_joint,180.0,-20.0,200.0,180.0
2025-12-09,746,746,7,4,6,0.002,RandomForestClassifier,safe_w200,2025-12-09T18:34:20,predict_next_joint,180.0,-20.0,200.0,180.0
2025-12-09,902,902,9,0,2,0.002,RandomForestClassifier,safe_w200,2025-12-09T18:34:20,predict_next_joint,180.0,-20.0,200.0,180.0
2025-12-09,928,928,9,2,8,0.002,RandomForestClassifier,safe_w200,2025-12-09T18:34:20,predict_next_joint,180.0,-20.0,200.0,180.0
2025-12-09,936,936,9,3,6,0.002,RandomForestClassifier,safe_w200,2025-12-09T18:34:20,predict_next_joint,180.0,-20.0,200.0,180.0
2025-12-09,925,925,9,2,5,0.002,RandomForestClassifier,safe_w200,2025-12-09T18:34:20,predict_next_joint,180.0,-20.0,200.0,180.0
2025-12-09,958,958,9,5,8,0.002,RandomForestClassifier,safe_w200,2025-12-09T18:34:20,predict_next_joint,180.0,-20.0,200.0,180.0
2025-12-09,035,35,0,3,5,0.002,RandomForestClassifier,safe_w200,2025-12-09T18:34:20,predict_next_joint,180.0,-20.0,200.0,180.0
2025-12-09,847,847,8,4,7,0.002,RandomForestClassifier,safe_w200,2025-12-09T18:34:20,predict_next_joint,180.0,-20.0,200.0,180.0
2025-12-09,841,841,8,4,1,0.002,RandomForestClassifier,safe_w200,2025-12-09T18:34:20,predict_next_joint,180.0,-20.0,200.0,180.0
2025-12-09,042,42,0,4,2,0.002,RandomForestClassifier,safe_w200,2025-12-09T18:34:20,predict_next_joint,180.0,-20.0,200.0,180.0
2025-12-09,041,41,0,4,1,0.002,RandomForestClassifier,safe_w200,2025-12-09T18:34:20,predict_next_joint,180.0,-20.0,200.0,180.0
2025-12-09,806,806,8,0,6,0.002,RandomForestClassifier,safe_w200,2025-12-09T18:34:20,predict_next_joint,180.0,-20.0,200.0,180.0
2025-12-09,809,809,8,0,9,0.002,RandomForestClassifier,safe_w200,2025-12-09T18:34:20,predict_next_joint,180.0,-20.0,200.0,180.0
2025-12-09,785,785,7,8,5,0.002,RandomForestClassifier,safe_w200,2025-12-09T18:34:20,predict_next_joint,180.0,-20.0,200.0,180.0
2025-12-09,789,789,7,8,9,0.002,RandomForestClassifier,safe_w200,2025-12-09T18:34:20,predict_next_joint,180.0,-20.0,200.0,180.0
2025-12-09,019,19,0,1,9,0.002,RandomForestClassifier,safe_w200,2025-12-09T18:34:20,predict_next_joint,180.0,-20.0,200.0,180.0
2025-12-09,973,973,9,7,3,0.002,RandomForestClassifier,safe_w200,2025-12-09T18:34:20,predict_next_joint,180.0,-20.0,200.0,180.0
2025-12-09,439,439,4,3,9,0.002,RandomForestClassifier,safe_w200,2025-12-09T18:34:20,predict_next_joint,180.0,-20.0,200.0,180.0
2025-12-09,429,429,4,2,9,0.002,RandomForestClassifier,safe_w200,2025-12-09T18:34:20,predict_next_joint,180.0,-20.0,200.0,180.0
2025-12-09,468,468,4,6,8,0.002,RandomForestClassifier,safe_w200,2025-12-09T18:34:20,predict_next_joint,180.0,-20.0,200.0,180.0
2025-12-09,108,108,1,0,8,0.002,RandomForestClassifier,safe_w200,2025-12-09T18:34:20,predict_next_joint,180.0,-20.0,200.0,180.0
2025-12-09,496,496,4,9,6,0.002,RandomForestClassifier,safe_w200,2025-12-09T18:34:20,predict_next_joint,180.0,-20.0,200.0,180.0
2025-12-09,461,461,4,6,1,0.002,RandomForestClassifier,safe_w200,2025-12-09T18:34:20,predict_next_joint,180.0,-20.0,200.0,180.0
2025-12-09,491,491,4,9,1,0.002,RandomForestClassifier,safe_w200,2025-12-09T18:34:20,predict_next_joint,180.0,-20.0,200.0,180.0
2025-12-09,532,532,5,3,2,0.002,RandomForestClassifier,safe_w200,2025-12-09T18:34:20,predict_next_joint,180.0,-20.0,200.0,180.0
2025-12-09,529,529,5,2,9,0.002,RandomForestClassifier,safe_w200,2025-12-09T18:34:20,predict_next_joint,180.0,-20.0,200.0,180.0
2025-12-09,089,89,0,8,9,0.002,RandomForestClassifier,safe_w200,2025-12-09T18:34:20,predict_next_joint,180.0,-20.0,200.0,180.0
2025-12-09,540,540,5,4,0,0.002,RandomForestClassifier,safe_w200,2025-12-09T18:34:20,predict_next_joint,180.0,-20.0,200.0,180.0
2025-12-09,543,543,5,4,3,0.002,RandomForestClassifier,safe_w200,2025-12-09T18:34:20,predict_next_joint,180.0,-20.0,200.0,180.0
2025-12-09,481,481,4,8,1,0.002,RandomForestClassifier,safe_w200,2025-12-09T18:34:20,predict_next_joint,180.0,-20.0,200.0,180.0
2025-12-09,507,507,5,0,7,0.002,RandomForestClassifier,safe_w200,2025-12-09T18:34:20,predict_next_joint,180.0,-20.0,200.0,180.0
2025-12-09,371,371,3,7,1,0.002,RandomForestClassifier,safe_w200,2025-12-09T18:34:20,predict_next_joint,180.0,-20.0,200.0,180.0
2025-12-09,431,431,4,3,1,0.002,RandomForestClassifier,safe_w200,2025-12-09T18:34:20,predict_next_joint,180.0,-20.0,200.0,180.0
2025-12-09,286,286,2,8,6,0.002,RandomForestClassifier,safe_w200,2025-12-09T18:34:20,predict_next_joint,180.0,-20.0,200.0,180.0
2025-12-09,292,292,2,9,2,0.002,RandomForestClassifier,safe_w200,2025-12-09T18:34:20,predict_next_joint,180.0,-20.0,200.0,180.0
2025-12-09,315,315,3,1,5,0.002,RandomForestClassifier,safe_w200,2025-12-09T18:34:20,predict_next_joint,180.0,-20.0,200.0,180.0
2025-12-09,372,372,3,7,2,0.002,RandomForestClassifier,safe_w200,2025-12-09T18:34:20,predict_next_joint,180.0,-20.0,200.0,180.0
2025-12-09,347,347,3,4,7,0.002,RandomForestClassifier,safe_w200,2025-12-09T18:34:20,predict_next_joint,180.0,-20.0,200.0,180.0
2025-12-09,350,350,3,5,0,0.002,RandomForestClassifier,safe_w200,2025-12-09T18:34:20,predict_next_joint,180.0,-20.0,200.0,180.0
2025-12-09,364,364,3,6,4,0.002,RandomForestClassifier,safe_w200,2025-12-09T18:34:20,predict_next_joint,180.0,-20.0,200.0,180.0
2025-12-09,276,276,2,7,6,0.002,RandomForestClassifier,safe_w200,2025-12-09T18:34:20,predict_next_joint,180.0,-20.0,200.0,180.0
2025-12-09,290,290,2,9,0,0.002,RandomForestClassifier,safe_w200,2025-12-09T18:34:20,predict_next_joint,180.0,-20.0,200.0,180.0
2025-12-09,227,227,2,2,7,0.002,RandomForestClassifier,safe_w200,2025-12-09T18:34:20,predict_next_joint,180.0,-20.0,200.0,180.0
2025-12-09,963,963,9,6,3,0.002,RandomForestClassifier,safe_w200,2025-12-09T18:34:20,predict_next_joint,180.0,-20.0,200.0,180.0
2025-12-09,962,962,9,6,2,0.002,RandomForestClassifier,safe_w200,2025-12-09T18:34:20,predict_next_joint,180.0,-20.0,200.0,180.0
2025-12-09,895,895,8,9,5,0.002,RandomForestClassifier,safe_w200,2025-12-09T18:34:20,predict_next_joint,180.0,-20.0,200.0,180.0
2025-12-09,953,953,9,5,3,0.002,RandomForestClassifier,safe_w200,2025-12-09T18:34:20,predict_next_joint,180.0,-20.0,200.0,180.0
2025-12-09,203,203,2,0,3,0.002,RandomForestClassifier,safe_w200,2025-12-09T18:34:20,predict_next_joint,180.0,-20.0,200.0,180.0
2025-12-09,178,178,1,7,8,0.002,RandomForestClassifier,safe_w200,2025-12-09T18:34:20,predict_next_joint,180.0,-20.0,200.0,180.0
2025-12-09,239,239,2,3,9,0.002,RandomForestClassifier,safe_w200,2025-12-09T18:34:20,predict_next_joint,180.0,-20.0,200.0,180.0
2025-12-09,215,215,2,1,5,0.002,RandomForestClassifier,safe_w200,2025-12-09T18:34:20,predict_next_joint,180.0,-20.0,200.0,180.0
2025-12-09,984,984,9,8,4,0.002,RandomForestClassifier,safe_w200,2025-12-09T18:34:20,predict_next_joint,180.0,-20.0,200.0,180.0
2025-12-09,992,992,9,9,2,0.0,RandomForestClassifier,safe_w200,2025-12-09T18:34:20,predict_next_joint,0.0,-200.0,200.0,0.0
2025-12-09,991,991,9,9,1,0.0,RandomForestClassifier,safe_w200,2025-12-09T18:34:20,predict_next_joint,0.0,-200.0,200.0,0.0
2025-12-09,990,990,9,9,0,0.0,RandomForestClassifier,safe_w200,2025-12-09T18:34:20,predict_next_joint,0.0,-200.0,200.0,0.0
2025-12-09,989,989,9,8,9,0.0,RandomForestClassifier,safe_w200,2025-12-09T18:34:20,predict_next_joint,0.0,-200.0,200.0,0.0
2025-12-09,988,988,9,8,8,0.0,RandomForestClassifier,safe_w200,2025-12-09T18:34:20,predict_next_joint,0.0,-200.0,200.0,0.0
2025-12-09,987,987,9,8,7,0.0,RandomForestClassifier,safe_w200,2025-12-09T18:34:20,predict_next_joint,0.0,-200.0,200.0,0.0
2025-12-09,986,986,9,8,6,0.0,RandomForestClassifier,safe_w200,2025-12-09T18:34:20,predict_next_joint,0.0,-200.0,200.0,0.0
2025-12-09,985,985,9,8,5,0.0,RandomForestClassifier,safe_w200,2025-12-09T18:34:20,predict_next_joint,0.0,-200.0,200.0,0.0
2025-12-09,983,983,9,8,3,0.0,RandomForestClassifier,safe_w200,2025-12-09T18:34:20,predict_next_joint,0.0,-200.0,200.0,0.0
2025-12-09,982,982,9,8,2,0.0,RandomForestClassifier,safe_w200,2025-12-09T18:34:20,predict_next_joint,0.0,-200.0,200.0,0.0
2025-12-09,981,981,9,8,1,0.0,RandomForestClassifier,safe_w200,2025-12-09T18:34:20,predict_next_joint,0.0,-200.0,200.0,0.0
2025-12-09,980,980,9,8,0,0.0,RandomForestClassifier,safe_w200,2025-12-09T18:34:20,predict_next_joint,0.0,-200.0,200.0,0.0
2025-12-09,979,979,9,7,9,0.0,RandomForestClassifier,safe_w200,2025-12-09T18:34:20,predict_next_joint,0.0,-200.0,200.0,0.0
2025-12-09,978,978,9,7,8,0.0,RandomForestClassifier,safe_w200,2025-12-09T18:34:20,predict_next_joint,0.0,-200.0,200.0,0.0
2025-12-09,977,977,9,7,7,0.0,RandomForestClassifier,safe_w200,2025-12-09T18:34:20,predict_next_joint,0.0,-200.0,200.0,0.0
2025-12-09,016,16,0,1,6,0.0,RandomForestClassifier,safe_w200,2025-12-09T18:34:20,predict_next_joint,0.0,-200.0,200.0,0.0
2025-12-09,015,15,0,1,5,0.0,RandomForestClassifier,safe_w200,2025-12-09T18:34:20,predict_next_joint,0.0,-200.0,200.0,0.0
2025-12-09,012,12,0,1,2,0.0,RandomForestClassifier,safe_w200,2025-12-09T18:34:20,predict_next_joint,0.0,-200.0,200.0,0.0
2025-12-09,011,11,0,1,1,0.0,RandomForestClassifier,safe_w200,2025-12-09T18:34:20,predict_next_joint,0.0,-200.0,200.0,0.0
2025-12-09,010,10,0,1,0,0.0,RandomForestClassifier,safe_w200,2025-12-09T18:34:20,predict_next_joint,0.0,-200.0,200.0,0.0
2025-12-09,009,9,0,0,9,0.0,RandomForestClassifier,safe_w200,2025-12-09T18:34:20,predict_next_joint,0.0,-200.0,200.0,0.0
2025-12-09,008,8,0,0,8,0.0,RandomForestClassifier,safe_w200,2025-12-09T18:34:20,predict_next_joint,0.0,-200.0,200.0,0.0
2025-12-09,007,7,0,0,7,0.0,RandomForestClassifier,safe_w200,2025-12-09T18:34:20,predict_next_joint,0.0,-200.0,200.0,0.0
2025-12-09,006,6,0,0,6,0.0,RandomForestClassifier,safe_w200,2025-12-09T18:34:20,predict_next_joint,0.0,-200.0,200.0,0.0
2025-12-09,005,5,0,0,5,0.0,RandomForestClassifier,safe_w200,2025-12-09T18:34:20,predict_next_joint,0.0,-200.0,200.0,0.0
2025-12-09,004,4,0,0,4,0.0,RandomForestClassifier,safe_w200,2025-12-09T18:34:20,predict_next_joint,0.0,-200.0,200.0,0.0
2025-12-09,003,3,0,0,3,0.0,RandomForestClassifier,safe_w200,2025-12-09T18:34:20,predict_next_joint,0.0,-200.0,200.0,0.0
2025-12-09,002,2,0,0,2,0.0,RandomForestClassifier,safe_w200,2025-12-09T18:34:20,predict_next_joint,0.0,-200.0,200.0,0.0
2025-12-09,993,993,9,9,3,0.0,RandomForestClassifier,safe_w200,2025-12-09T18:34:20,predict_next_joint,0.0,-200.0,200.0,0.0
2025-12-09,160,160,1,6,0,0.0,RandomForestClassifier,safe_w200,2025-12-09T18:34:20,predict_next_joint,0.0,-200.0,200.0,0.0
2025-12-09,159,159,1,5,9,0.0,RandomForestClassifier,safe_w200,2025-12-09T18:34:20,predict_next_joint,0.0,-200.0,200.0,0.0
2025-12-09,158,158,1,5,8,0.0,RandomForestClassifier,safe_w200,2025-12-09T18:34:20,predict_next_joint,0.0,-200.0,200.0,0.0
2025-12-09,156,156,1,5,6,0.0,RandomForestClassifier,safe_w200,2025-12-09T18:34:20,predict_next_joint,0.0,-200.0,200.0,0.0
2025-12-09,155,155,1,5,5,0.0,RandomForestClassifier,safe_w200,2025-12-09T18:34:20,predict_next_joint,0.0,-200.0,200.0,0.0
2025-12-09,154,154,1,5,4,0.0,RandomForestClassifier,safe_w200,2025-12-09T18:34:20,predict_next_joint,0.0,-200.0,200.0,0.0
2025-12-09,153,153,1,5,3,0.0,RandomForestClassifier,safe_w200,2025-12-09T18:34:20,predict_next_joint,0.0,-200.0,200.0,0.0
2025-12-09,152,152,1,5,2,0.0,RandomForestClassifier,safe_w200,2025-12-09T18:34:20,predict_next_joint,0.0,-200.0,200.0,0.0
2025-12-09,151,151,1,5,1,0.0,RandomForestClassifier,safe_w200,2025-12-09T18:34:20,predict_next_joint,0.0,-200.0,200.0,0.0
2025-12-09,150,150,1,5,0,0.0,RandomForestClassifier,safe_w200,2025-12-09T18:34:20,predict_next_joint,0.0,-200.0,200.0,0.0
2025-12-09,148,148,1,4,8,0.0,RandomForestClassifier,safe_w200,2025-12-09T18:34:20,predict_next_joint,0.0,-200.0,200.0,0.0
2025-12-09,147,147,1,4,7,0.0,RandomForestClassifier,safe_w200,2025-12-09T18:34:20,predict_next_joint,0.0,-200.0,200.0,0.0
2025-12-09,146,146,1,4,6,0.0,RandomForestClassifier,safe_w200,2025-12-09T18:34:20,predict_next_joint,0.0,-200.0,200.0,0.0
2025-12-09,145,145,1,4,5,0.0,RandomForestClassifier,safe_w200,2025-12-09T18:34:20,predict_next_joint,0.0,-200.0,200.0,0.0
2025-12-09,176,176,1,7,6,0.0,RandomForestClassifier,safe_w200,2025-12-09T18:34:20,predict_next_joint,0.0,-200.0,200.0,0.0
2025-12-09,175,175,1,7,5,0.0,RandomForestClassifier,safe_w200,2025-12-09T18:34:20,predict_next_joint,0.0,-200.0,200.0,0.0
2025-12-09,174,174,1,7,4,0.0,RandomForestClassifier,safe_w200,2025-12-09T18:34:20,predict_next_joint,0.0,-200.0,200.0,0.0
2025-12-09,173,173,1,7,3,0.0,RandomForestClassifier,safe_w200,2025-12-09T18:34:20,predict_next_joint,0.0,-200.0,200.0,0.0
2025-12-09,172,172,1,7,2,0.0,RandomForestClassifier,safe_w200,2025-12-09T18:34:20,predict_next_joint,0.0,-200.0,200.0,0.0
2025-12-09,171,171,1,7,1,0.0,RandomForestClassifier,safe_w200,2025-12-09T18:34:20,predict_next_joint,0.0,-200.0,200.0,0.0
2025-12-09,170,170,1,7,0,0.0,RandomForestClassifier,safe_w200,2025-12-09T18:34:20,predict_next_joint,0.0,-200.0,200.0,0.0
2025-12-09,167,167,1,6,7,0.0,RandomForestClassifier,safe_w200,2025-12-09T18:34:20,predict_next_joint,0.0,-200.0,200.0,0.0
2025-12-09,166,166,1,6,6,0.0,RandomForestClassifier,safe_w200,2025-12-09T18:34:20,predict_next_joint,0.0,-200.0,200.0,0.0
2025-12-09,165,165,1,6,5,0.0,RandomForestClassifier,safe_w200,2025-12-09T18:34:20,predict_next_joint,0.0,-200.0,200.0,0.0
2025-12-09,164,164,1,6,4,0.0,RandomForestClassifier,safe_w200,2025-12-09T18:34:20,predict_next_joint,0.0,-200.0,200.0,0.0
2025-12-09,163,163,1,6,3,0.0,RandomForestClassifier,safe_w200,2025-12-09T18:34:20,predict_next_joint,0.0,-200.0,200.0,0.0
2025-12-09,162,162,1,6,2,0.0,RandomForestClassifier,safe_w200,2025-12-09T18:34:20,predict_next_joint,0.0,-200.0,200.0,0.0
2025-12-09,161,161,1,6,1,0.0,RandomForestClassifier,safe_w200,2025-12-09T18:34:20,predict_next_joint,0.0,-200.0,200.0,0.0
2025-12-09,192,192,1,9,2,0.0,RandomForestClassifier,safe_w200,2025-12-09T18:34:20,predict_next_joint,0.0,-200.0,200.0,0.0
2025-12-09,191,191,1,9,1,0.0,RandomForestClassifier,safe_w200,2025-12-09T18:34:20,predict_next_joint,0.0,-200.0,200.0,0.0
2025-12-09,189,189,1,8,9,0.0,RandomForestClassifier,safe_w200,2025-12-09T18:34:20,predict_next_joint,0.0,-200.0,200.0,0.0
2025-12-09,188,188,1,8,8,0.0,RandomForestClassifier,safe_w200,2025-12-09T18:34:20,predict_next_joint,0.0,-200.0,200.0,0.0
2025-12-09,186,186,1,8,6,0.0,RandomForestClassifier,safe_w200,2025-12-09T18:34:20,predict_next_joint,0.0,-200.0,200.0,0.0
2025-12-09,185,185,1,8,5,0.0,RandomForestClassifier,safe_w200,2025-12-09T18:34:20,predict_next_joint,0.0,-200.0,200.0,0.0
2025-12-09,184,184,1,8,4,0.0,RandomForestClassifier,safe_w200,2025-12-09T18:34:20,predict_next_joint,0.0,-200.0,200.0,0.0
2025-12-09,183,183,1,8,3,0.0,RandomForestClassifier,safe_w200,2025-12-09T18:34:20,predict_next_joint,0.0,-200.0,200.0,0.0
2025-12-09,182,182,1,8,2,0.0,RandomForestClassifier,safe_w200,2025-12-09T18:34:20,predict_next_joint,0.0,-200.0,200.0,0.0
2025-12-09,181,181,1,8,1,0.0,RandomForestClassifier,safe_w200,2025-12-09T18:34:20,predict_next_joint,0.0,-200.0,200.0,0.0
2025-12-09,180,180,1,8,0,0.0,RandomForestClassifier,safe_w200,2025-12-09T18:34:20,predict_next_joint,0.0,-200.0,200.0,0.0
2025-12-09,179,179,1,7,9,0.0,RandomForestClassifier,safe_w200,2025-12-09T18:34:20,predict_next_joint,0.0,-200.0,200.0,0.0
2025-12-09,177,177,1,7,7,0.0,RandomForestClassifier,safe_w200,2025-12-09T18:34:20,predict_next_joint,0.0,-200.0,200.0,0.0
2025-12-09,208,208,2,0,8,0.0,RandomForestClassifier,safe_w200,2025-12-09T18:34:20,predict_next_joint,0.0,-200.0,200.0,0.0
2025-12-09,206,206,2,0,6,0.0,RandomForestClassifier,safe_w200,2025-12-09T18:34:20,predict_next_joint,0.0,-200.0,200.0,0.0
2025-12-09,205,205,2,0,5,0.0,RandomForestClassifier,safe_w200,2025-12-09T18:34:20,predict_next_joint,0.0,-200.0,200.0,0.0
2025-12-09,202,202,2,0,2,0.0,RandomForestClassifier,safe_w200,2025-12-09T18:34:20,predict_next_joint,0.0,-200.0,200.0,0.0
2025-12-09,201,201,2,0,1,0.0,RandomForestClassifier,safe_w200,2025-12-09T18:34:20,predict_next_joint,0.0,-200.0,200.0,0.0
2025-12-09,200,200,2,0,0,0.0,RandomForestClassifier,safe_w200,2025-12-09T18:34:20,predict_next_joint,0.0,-200.0,200.0,0.0
2025-12-09,199,199,1,9,9,0.0,RandomForestClassifier,safe_w200,2025-12-09T18:34:20,predict_next_joint,0.0,-200.0,200.0,0.0
2025-12-09,198,198,1,9,8,0.0,RandomForestClassifier,safe_w200,2025-12-09T18:34:20,predict_next_joint,0.0,-200.0,200.0,0.0
2025-12-09,197,197,1,9,7,0.0,RandomForestClassifier,safe_w200,2025-12-09T18:34:20,predict_next_joint,0.0,-200.0,200.0,0.0
2025-12-09,196,196,1,9,6,0.0,RandomForestClassifier,safe_w200,2025-12-09T18:34:20,predict_next_joint,0.0,-200.0,200.0,0.0
2025-12-09,195,195,1,9,5,0.0,RandomForestClassifier,safe_w200,2025-12-09T18:34:20,predict_next_joint,0.0,-200.0,200.0,0.0
2025-12-09,194,194,1,9,4,0.0,RandomForestClassifier,safe_w200,2025-12-09T18:34:20,predict_next_joint,0.0,-200.0,200.0,0.0
2025-12-09,193,193,1,9,3,0.0,RandomForestClassifier,safe_w200,2025-12-09T18:34:20,predict_next_joint,0.0,-200.0,200.0,0.0
2025-12-09,224,224,2,2,4,0.0,RandomForestClassifier,safe_w200,2025-12-09T18:34:20,predict_next_joint,0.0,-200.0,200.0,0.0
2025-12-09,223,223,2,2,3,0.0,RandomForestClassifier,safe_w200,2025-12-09T18:34:20,predict_next_joint,0.0,-200.0,200.0,0.0
2025-12-09,222,222,2,2,2,0.0,RandomForestClassifier,safe_w200,2025-12-09T18:34:20,predict_next_joint,0.0,-200.0,200.0,0.0
2025-12-09,221,221,2,2,1,0.0,RandomForestClassifier,safe_w200,2025-12-09T18:34:20,predict_next_joint,0.0,-200.0,200.0,0.0
2025-12-09,220,220,2,2,0,0.0,RandomForestClassifier,safe_w200,2025-12-09T18:34:20,predict_next_joint,0.0,-200.0,200.0,0.0
2025-12-09,219,219,2,1,9,0.0,RandomForestClassifier,safe_w200,2025-12-09T18:34:20,predict_next_joint,0.0,-200.0,200.0,0.0
2025-12-09,217,217,2,1,7,0.0,RandomForestClassifier,safe_w200,2025-12-09T18:34:20,predict_next_joint,0.0,-200.0,200.0,0.0
2025-12-09,216,216,2,1,6,0.0,RandomForestClassifier,safe_w200,2025-12-09T18:34:20,predict_next_joint,0.0,-200.0,200.0,0.0
2025-12-09,214,214,2,1,4,0.0,RandomForestClassifier,safe_w200,2025-12-09T18:34:20,predict_next_joint,0.0,-200.0,200.0,0.0
2025-12-09,213,213,2,1,3,0.0,RandomForestClassifier,safe_w200,2025-12-09T18:34:20,predict_next_joint,0.0,-200.0,200.0,0.0
2025-12-09,212,212,2,1,2,0.0,RandomForestClassifier,safe_w200,2025-12-09T18:34:20,predict_next_joint,0.0,-200.0,200.0,0.0
2025-12-09,211,211,2,1,1,0.0,RandomForestClassifier,safe_w200,2025-12-09T18:34:20,predict_next_joint,0.0,-200.0,200.0,0.0
2025-12-09,210,210,2,1,0,0.0,RandomForestClassifier,safe_w200,2025-12-09T18:34:20,predict_next_joint,0.0,-200.0,200.0,0.0
2025-12-09,209,209,2,0,9,0.0,RandomForestClassifier,safe_w200,2025-12-09T18:34:20,predict_next_joint,0.0,-200.0,200.0,0.0
2025-12-09,240,240,2,4,0,0.0,RandomForestClassifier,safe_w200,2025-12-09T18:34:20,predict_next_joint,0.0,-200.0,200.0,0.0
2025-12-09,238,238,2,3,8,0.0,RandomForestClassifier,safe_w200,2025-12-09T18:34:20,predict_next_joint,0.0,-200.0,200.0,0.0
2025-12-09,236,236,2,3,6,0.0,RandomForestClassifier,safe_w200,2025-12-09T18:34:20,predict_next_joint,0.0,-200.0,200.0,0.0
2025-12-09,235,235,2,3,5,0.0,RandomForestClassifier,safe_w200,2025-12-09T18:34:20,predict_next_joint,0.0,-200.0,200.0,0.0
2025-12-09,234,234,2,3,4,0.0,RandomForestClassifier,safe_w200,2025-12-09T18:34:20,predict_next_joint,0.0,-200.0,200.0,0.0
2025-12-09,233,233,2,3,3,0.0,RandomForestClassifier,safe_w200,2025-12-09T18:34:20,predict_next_joint,0.0,-200.0,200.0,0.0
2025-12-09,232,232,2,3,2,0.0,RandomForestClassifier,safe_w200,2025-12-09T18:34:20,predict_next_joint,0.0,-200.0,200.0,0.0
2025-12-09,231,231,2,3,1,0.0,RandomForestClassifier,safe_w200,2025-12-09T18:34:20,predict_next_joint,0.0,-200.0,200.0,0.0
2025-12-09,230,230,2,3,0,0.0,RandomForestClassifier,safe_w200,2025-12-09T18:34:20,predict_next_joint,0.0,-200.0,200.0,0.0
2025-12-09,228,228,2,2,8,0.0,RandomForestClassifier,safe_w200,2025-12-09T18:34:20,predict_next_joint,0.0,-200.0,200.0,0.0
2025-12-09,226,226,2,2,6,0.0,RandomForestClassifier,safe_w200,2025-12-09T18:34:20,predict_next_joint,0.0,-200.0,200.0,0.0
2025-12-09,225,225,2,2,5,0.0,RandomForestClassifier,safe_w200,2025-12-09T18:34:20,predict_next_joint,0.0,-200.0,200.0,0.0
2025-12-09,144,144,1,4,4,0.0,RandomForestClassifier,safe_w200,2025-12-09T18:34:20,predict_next_joint,0.0,-200.0,200.0,0.0
2025-12-09,143,143,1,4,3,0.0,RandomForestClassifier,safe_w200,2025-12-09T18:34:20,predict_next_joint,0.0,-200.0,200.0,0.0
2025-12-09,142,142,1,4,2,0.0,RandomForestClassifier,safe_w200,2025-12-09T18:34:20,predict_next_joint,0.0,-200.0,200.0,0.0
2025-12-09,141,141,1,4,1,0.0,RandomForestClassifier,safe_w200,2025-12-09T18:34:20,predict_next_joint,0.0,-200.0,200.0,0.0
2025-12-09,140,140,1,4,0,0.0,RandomForestClassifier,safe_w200,2025-12-09T18:34:20,predict_next_joint,0.0,-200.0,200.0,0.0
2025-12-09,138,138,1,3,8,0.0,RandomForestClassifier,safe_w200,2025-12-09T18:34:20,predict_next_joint,0.0,-200.0,200.0,0.0
2025-12-09,137,137,1,3,7,0.0,RandomForestClassifier,safe_w200,2025-12-09T18:34:20,predict_next_joint,0.0,-200.0,200.0,0.0
2025-12-09,136,136,1,3,6,0.0,RandomForestClassifier,safe_w200,2025-12-09T18:34:20,predict_next_joint,0.0,-200.0,200.0,0.0
2025-12-09,135,135,1,3,5,0.0,RandomForestClassifier,safe_w200,2025-12-09T18:34:20,predict_next_joint,0.0,-200.0,200.0,0.0
2025-12-09,134,134,1,3,4,0.0,RandomForestClassifier,safe_w200,2025-12-09T18:34:20,predict_next_joint,0.0,-200.0,200.0,0.0
2025-12-09,133,133,1,3,3,0.0,RandomForestClassifier,safe_w200,2025-12-09T18:34:20,predict_next_joint,0.0,-200.0,200.0,0.0
2025-12-09,132,132,1,3,2,0.0,RandomForestClassifier,safe_w200,2025-12-09T18:34:20,predict_next_joint,0.0,-200.0,200.0,0.0
2025-12-09,131,131,1,3,1,0.0,RandomForestClassifier,safe_w200,2025-12-09T18:34:20,predict_next_joint,0.0,-200.0,200.0,0.0
2025-12-09,130,130,1,3,0,0.0,RandomForestClassifier,safe_w200,2025-12-09T18:34:20,predict_next_joint,0.0,-200.0,200.0,0.0
2025-12-09,129,129,1,2,9,0.0,RandomForestClassifier,safe_w200,2025-12-09T18:34:20,predict_next_joint,0.0,-200.0,200.0,0.0
2025-12-09,256,256,2,5,6,0.0,RandomForestClassifier,safe_w200,2025-12-09T18:34:20,predict_next_joint,0.0,-200.0,200.0,0.0
2025-12-09,255,255,2,5,5,0.0,RandomForestClassifier,safe_w200,2025-12-09T18:34:20,predict_next_joint,0.0,-200.0,200.0,0.0
2025-12-09,254,254,2,5,4,0.0,RandomForestClassifier,safe_w200,2025-12-09T18:34:20,predict_next_joint,0.0,-200.0,200.0,0.0
2025-12-09,252,252,2,5,2,0.0,RandomForestClassifier,safe_w200,2025-12-09T18:34:20,predict_next_joint,0.0,-200.0,200.0,0.0
2025-12-09,251,251,2,5,1,0.0,RandomForestClassifier,safe_w200,2025-12-09T18:34:20,predict_next_joint,0.0,-200.0,200.0,0.0
2025-12-09,250,250,2,5,0,0.0,RandomForestClassifier,safe_w200,2025-12-09T18:34:20,predict_next_joint,0.0,-200.0,200.0,0.0
2025-12-09,249,249,2,4,9,0.0,RandomForestClassifier,safe_w200,2025-12-09T18:34:20,predict_next_joint,0.0,-200.0,200.0,0.0
2025-12-09,248,248,2,4,8,0.0,RandomForestClassifier,safe_w200,2025-12-09T18:34:20,predict_next_joint,0.0,-200.0,200.0,0.0
2025-12-09,247,247,2,4,7,0.0,RandomForestClassifier,safe_w200,2025-12-09T18:34:20,predict_next_joint,0.0,-200.0,200.0,0.0
2025-12-09,246,246,2,4,6,0.0,RandomForestClassifier,safe_w200,2025-12-09T18:34:20,predict_next_joint,0.0,-200.0,200.0,0.0
2025-12-09,245,245,2,4,5,0.0,RandomForestClassifier,safe_w200,2025-12-09T18:34:20,predict_next_joint,0.0,-200.0,200.0,0.0
2025-12-09,244,244,2,4,4,0.0,RandomForestClassifier,safe_w200,2025-12-09T18:34:20,predict_next_joint,0.0,-200.0,200.0,0.0
2025-12-09,243,243,2,4,3,0.0,RandomForestClassifier,safe_w200,2025-12-09T18:34:20,predict_next_joint,0.0,-200.0,200.0,0.0
2025-12-09,242,242,2,4,2,0.0,RandomForestClassifier,safe_w200,2025-12-09T18:34:20,predict_next_joint,0.0,-200.0,200.0,0.0
2025-12-09,241,241,2,4,1,0.0,RandomForestClassifier,safe_w200,2025-12-09T18:34:20,predict_next_joint,0.0,-200.0,200.0,0.0
2025-12-09,272,272,2,7,2,0.0,RandomForestClassifier,safe_w200,2025-12-09T18:34:20,predict_next_joint,0.0,-200.0,200.0,0.0
2025-12-09,271,271,2,7,1,0.0,RandomForestClassifier,safe_w200,2025-12-09T18:34:20,predict_next_joint,0.0,-200.0,200.0,0.0
2025-12-09,270,270,2,7,0,0.0,RandomForestClassifier,safe_w200,2025-12-09T18:34:20,predict_next_joint,0.0,-200.0,200.0,0.0
2025-12-09,269,269,2,6,9,0.0,RandomForestClassifier,safe_w200,2025-12-09T18:34:20,predict_next_joint,0.0,-200.0,200.0,0.0
2025-12-09,268,268,2,6,8,0.0,RandomForestClassifier,safe_w200,2025-12-09T18:34:20,predict_next_joint,0.0,-200.0,200.0,0.0
2025-12-09,267,267,2,6,7,0.0,RandomForestClassifier,safe_w200,2025-12-09T18:34:20,predict_next_joint,0.0,-200.0,200.0,0.0
2025-12-09,266,266,2,6,6,0.0,RandomForestClassifier,safe_w200,2025-12-09T18:34:20,predict_next_joint,0.0,-200.0,200.0,0.0
2025-12-09,265,265,2,6,5,0.0,RandomForestClassifier,safe_w200,2025-12-09T18:34:20,predict_next_joint,0.0,-200.0,200.0,0.0
2025-12-09,264,264,2,6,4,0.0,RandomForestClassifier,safe_w200,2025-12-09T18:34:20,predict_next_joint,0.0,-200.0,200.0,0.0
2025-12-09,262,262,2,6,2,0.0,RandomForestClassifier,safe_w200,2025-12-09T18:34:20,predict_next_joint,0.0,-200.0,200.0,0.0
2025-12-09,261,261,2,6,1,0.0,RandomForestClassifier,safe_w200,2025-12-09T18:34:20,predict_next_joint,0.0,-200.0,200.0,0.0
2025-12-09,260,260,2,6,0,0.0,RandomForestClassifier,safe_w200,2025-12-09T18:34:20,predict_next_joint,0.0,-200.0,200.0,0.0
2025-12-09,259,259,2,5,9,0.0,RandomForestClassifier,safe_w200,2025-12-09T18:34:20,predict_next_joint,0.0,-200.0,200.0,0.0
2025-12-09,258,258,2,5,8,0.0,RandomForestClassifier,safe_w200,2025-12-09T18:34:20,predict_next_joint,0.0,-200.0,200.0,0.0
2025-12-09,257,257,2,5,7,0.0,RandomForestClassifier,safe_w200,2025-12-09T18:34:20,predict_next_joint,0.0,-200.0,200.0,0.0
2025-12-09,288,288,2,8,8,0.0,RandomForestClassifier,safe_w200,2025-12-09T18:34:20,predict_next_joint,0.0,-200.0,200.0,0.0
2025-12-09,287,287,2,8,7,0.0,RandomForestClassifier,safe_w200,2025-12-09T18:34:20,predict_next_joint,0.0,-200.0,200.0,0.0
2025-12-09,285,285,2,8,5,0.0,RandomForestClassifier,safe_w200,2025-12-09T18:34:20,predict_next_joint,0.0,-200.0,200.0,0.0
2025-12-09,284,284,2,8,4,0.0,RandomForestClassifier,safe_w200,2025-12-09T18:34:20,predict_next_joint,0.0,-200.0,200.0,0.0
2025-12-09,283,283,2,8,3,0.0,RandomForestClassifier,safe_w200,2025-12-09T18:34:20,predict_next_joint,0.0,-200.0,200.0,0.0
2025-12-09,282,282,2,8,2,0.0,RandomForestClassifier,safe_w200,2025-12-09T18:34:20,predict_next_joint,0.0,-200.0,200.0,0.0
2025-12-09,281,281,2,8,1,0.0,RandomForestClassifier,safe_w200,2025-12-09T18:34:20,predict_next_joint,0.0,-200.0,200.0,0.0
2025-12-09,280,280,2,8,0,0.0,RandomForestClassifier,safe_w200,2025-12-09T18:34:20,predict_next_joint,0.0,-200.0,200.0,0.0
2025-12-09,279,279,2,7,9,0.0,RandomForestClassifier,safe_w200,2025-12-09T18:34:20,predict_next_joint,0.0,-200.0,200.0,0.0
2025-12-09,277,277,2,7,7,0.0,RandomForestClassifier,safe_w200,2025-12-09T18:34:20,predict_next_joint,0.0,-200.0,200.0,0.0
2025-12-09,275,275,2,7,5,0.0,RandomForestClassifier,safe_w200,2025-12-09T18:34:20,predict_next_joint,0.0,-200.0,200.0,0.0
2025-12-09,274,274,2,7,4,0.0,RandomForestClassifier,safe_w200,2025-12-09T18:34:20,predict_next_joint,0.0,-200.0,200.0,0.0
2025-12-09,273,273,2,7,3,0.0,RandomForestClassifier,safe_w200,2025-12-09T18:34:20,predict_next_joint,0.0,-200.0,200.0,0.0
2025-12-09,304,304,3,0,4,0.0,RandomForestClassifier,safe_w200,2025-12-09T18:34:20,predict_next_joint,0.0,-200.0,200.0,0.0
2025-12-09,303,303,3,0,3,0.0,RandomForestClassifier,safe_w200,2025-12-09T18:34:20,predict_next_joint,0.0,-200.0,200.0,0.0
2025-12-09,302,302,3,0,2,0.0,RandomForestClassifier,safe_w200,2025-12-09T18:34:20,predict_next_joint,0.0,-200.0,200.0,0.0
2025-12-09,301,301,3,0,1,0.0,RandomForestClassifier,safe_w200,2025-12-09T18:34:20,predict_next_joint,0.0,-200.0,200.0,0.0
2025-12-09,300,300,3,0,0,0.0,RandomForestClassifier,safe_w200,2025-12-09T18:34:20,predict_next_joint,0.0,-200.0,200.0,0.0
2025-12-09,299,299,2,9,9,0.0,RandomForestClassifier,safe_w200,2025-12-09T18:34:20,predict_next_joint,0.0,-200.0,200.0,0.0
2025-12-09,298,298,2,9,8,0.0,RandomForestClassifier,safe_w200,2025-12-09T18:34:20,predict_next_joint,0.0,-200.0,200.0,0.0
2025-12-09,297,297,2,9,7,0.0,RandomForestClassifier,safe_w200,2025-12-09T18:34:20,predict_next_joint,0.0,-200.0,200.0,0.0
2025-12-09,296,296,2,9,6,0.0,RandomForestClassifier,safe_w200,2025-12-09T18:34:20,predict_next_joint,0.0,-200.0,200.0,0.0
2025-12-09,295,295,2,9,5,0.0,RandomForestClassifier,safe_w200,2025-12-09T18:34:20,predict_next_joint,0.0,-200.0,200.0,0.0
2025-12-09,294,294,2,9,4,0.0,RandomForestClassifier,safe_w200,2025-12-09T18:34:20,predict_next_joint,0.0,-200.0,200.0,0.0
2025-12-09,293,293,2,9,3,0.0,RandomForestClassifier,safe_w200,2025-12-09T18:34:20,predict_next_joint,0.0,-200.0,200.0,0.0
2025-12-09,291,291,2,9,1,0.0,RandomForestClassifier,safe_w200,2025-12-09T18:34:20,predict_next_joint,0.0,-200.0,200.0,0.0
2025-12-09,289,289,2,8,9,0.0,RandomForestClassifier,safe_w200,2025-12-09T18:34:20,predict_next_joint,0.0,-200.0,200.0,0.0
2025-12-09,320,320,3,2,0,0.0,RandomForestClassifier,safe_w200,2025-12-09T18:34:20,predict_next_joint,0.0,-200.0,200.0,0.0
2025-12-09,319,319,3,1,9,0.0,RandomForestClassifier,safe_w200,2025-12-09T18:34:20,predict_next_joint,0.0,-200.0,200.0,0.0
2025-12-09,318,318,3,1,8,0.0,RandomForestClassifier,safe_w200,2025-12-09T18:34:20,predict_next_joint,0.0,-200.0,200.0,0.0
2025-12-09,317,317,3,1,7,0.0,RandomForestClassifier,safe_w200,2025-12-09T18:34:20,predict_next_joint,0.0,-200.0,200.0,0.0
2025-12-09,316,316,3,1,6,0.0,RandomForestClassifier,safe_w200,2025-12-09T18:34:20,predict_next_joint,0.0,-200.0,200.0,0.0
2025-12-09,313,313,3,1,3,0.0,RandomForestClassifier,safe_w200,2025-12-09T18:34:20,predict_next_joint,0.0,-200.0,200.0,0.0
2025-12-09,312,312,3,1,2,0.0,RandomForestClassifier,safe_w200,2025-12-09T18:34:20,predict_next_joint,0.0,-200.0,200.0,0.0
2025-12-09,311,311,3,1,1,0.0,RandomForestClassifier,safe_w200,2025-12-09T18:34:20,predict_next_joint,0.0,-200.0,200.0,0.0
2025-12-09,310,310,3,1,0,0.0,RandomForestClassifier,safe_w200,2025-12-09T18:34:20,predict_next_joint,0.0,-200.0,200.0,0.0
2025-12-09,309,309,3,0,9,0.0,RandomForestClassifier,safe_w200,2025-12-09T18:34:20,predict_next_joint,0.0,-200.0,200.0,0.0
2025-12-09,308,308,3,0,8,0.0,RandomForestClassifier,safe_w200,2025-12-09T18:34:20,predict_next_joint,0.0,-200.0,200.0,0.0
2025-12-09,307,307,3,0,7,0.0,RandomForestClassifier,safe_w200,2025-12-09T18:34:20,predict_next_joint,0.0,-200.0,200.0,0.0
2025-12-09,306,306,3,0,6,0.0,RandomForestClassifier,safe_w200,2025-12-09T18:34:20,predict_next_joint,0.0,-200.0,200.0,0.0
2025-12-09,305,305,3,0,5,0.0,RandomForestClassifier,safe_w200,2025-12-09T18:34:20,predict_next_joint,0.0,-200.0,200.0,0.0
2025-12-09,336,336,3,3,6,0.0,RandomForestClassifier,safe_w200,2025-12-09T18:34:20,predict_next_joint,0.0,-200.0,200.0,0.0
2025-12-09,335,335,3,3,5,0.0,RandomForestClassifier,safe_w200,2025-12-09T18:34:20,predict_next_joint,0.0,-200.0,200.0,0.0
2025-12-09,334,334,3,3,4,0.0,RandomForestClassifier,safe_w200,2025-12-09T18:34:20,predict_next_joint,0.0,-200.0,200.0,0.0
2025-12-09,333,333,3,3,3,0.0,RandomForestClassifier,safe_w200,2025-12-09T18:34:20,predict_next_joint,0.0,-200.0,200.0,0.0
2025-12-09,332,332,3,3,2,0.0,RandomForestClassifier,safe_w200,2025-12-09T18:34:20,predict_next_joint,0.0,-200.0,200.0,0.0
2025-12-09,331,331,3,3,1,0.0,RandomForestClassifier,safe_w200,2025-12-09T18:34:20,predict_next_joint,0.0,-200.0,200.0,0.0
2025-12-09,330,330,3,3,0,0.0,RandomForestClassifier,safe_w200,2025-12-09T18:34:20,predict_next_joint,0.0,-200.0,200.0,0.0
2025-12-09,329,329,3,2,9,0.0,RandomForestClassifier,safe_w200,2025-12-09T18:34:20,predict_next_joint,0.0,-200.0,200.0,0.0
2025-12-09,328,328,3,2,8,0.0,RandomForestClassifier,safe_w200,2025-12-09T18:34:20,predict_next_joint,0.0,-200.0,200.0,0.0
2025-12-09,327,327,3,2,7,0.0,RandomForestClassifier,safe_w200,2025-12-09T18:34:20,predict_next_joint,0.0,-200.0,200.0,0.0
2025-12-09,326,326,3,2,6,0.0,RandomForestClassifier,safe_w200,2025-12-09T18:34:20,predict_next_joint,0.0,-200.0,200.0,0.0
2025-12-09,325,325,3,2,5,0.0,RandomForestClassifier,safe_w200,2025-12-09T18:34:20,predict_next_joint,0.0,-200.0,200.0,0.0
2025-12-09,324,324,3,2,4,0.0,RandomForestClassifier,safe_w200,2025-12-09T18:34:20,predict_next_joint,0.0,-200.0,200.0,0.0
2025-12-09,323,323,3,2,3,0.0,RandomForestClassifier,safe_w200,2025-12-09T18:34:20,predict_next_joint,0.0,-200.0,200.0,0.0
2025-12-09,322,322,3,2,2,0.0,RandomForestClassifier,safe_w200,2025-12-09T18:34:20,predict_next_joint,0.0,-200.0,200.0,0.0
2025-12-09,352,352,3,5,2,0.0,RandomForestClassifier,safe_w200,2025-12-09T18:34:20,predict_next_joint,0.0,-200.0,200.0,0.0
2025-12-09,351,351,3,5,1,0.0,RandomForestClassifier,safe_w200,2025-12-09T18:34:20,predict_next_joint,0.0,-200.0,200.0,0.0
2025-12-09,349,349,3,4,9,0.0,RandomForestClassifier,safe_w200,2025-12-09T18:34:20,predict_next_joint,0.0,-200.0,200.0,0.0
2025-12-09,348,348,3,4,8,0.0,RandomForestClassifier,safe_w200,2025-12-09T18:34:20,predict_next_joint,0.0,-200.0,200.0,0.0
2025-12-09,346,346,3,4,6,0.0,RandomForestClassifier,safe_w200,2025-12-09T18:34:20,predict_next_joint,0.0,-200.0,200.0,0.0
2025-12-09,345,345,3,4,5,0.0,RandomForestClassifier,safe_w200,2025-12-09T18:34:20,predict_next_joint,0.0,-200.0,200.0,0.0
2025-12-09,344,344,3,4,4,0.0,RandomForestClassifier,safe_w200,2025-12-09T18:34:20,predict_next_joint,0.0,-200.0,200.0,0.0
2025-12-09,343,343,3,4,3,0.0,RandomForestClassifier,safe_w200,2025-12-09T18:34:20,predict_next_joint,0.0,-200.0,200.0,0.0
2025-12-09,342,342,3,4,2,0.0,RandomForestClassifier,safe_w200,2025-12-09T18:34:20,predict_next_joint,0.0,-200.0,200.0,0.0
2025-12-09,341,341,3,4,1,0.0,RandomForestClassifier,safe_w200,2025-12-09T18:34:20,predict_next_joint,0.0,-200.0,200.0,0.0
2025-12-09,340,340,3,4,0,0.0,RandomForestClassifier,safe_w200,2025-12-09T18:34:20,predict_next_joint,0.0,-200.0,200.0,0.0
2025-12-09,339,339,3,3,9,0.0,RandomForestClassifier,safe_w200,2025-12-09T18:34:20,predict_next_joint,0.0,-200.0,200.0,0.0
2025-12-09,338,338,3,3,8,0.0,RandomForestClassifier,safe_w200,2025-12-09T18:34:20,predict_next_joint,0.0,-200.0,200.0,0.0
2025-12-09,337,337,3,3,7,0.0,RandomForestClassifier,safe_w200,2025-12-09T18:34:20,predict_next_joint,0.0,-200.0,200.0,0.0
2025-12-09,367,367,3,6,7,0.0,RandomForestClassifier,safe_w200,2025-12-09T18:34:20,predict_next_joint,0.0,-200.0,200.0,0.0
2025-12-09,366,366,3,6,6,0.0,RandomForestClassifier,safe_w200,2025-12-09T18:34:20,predict_next_joint,0.0,-200.0,200.0,0.0
2025-12-09,365,365,3,6,5,0.0,RandomForestClassifier,safe_w200,2025-12-09T18:34:20,predict_next_joint,0.0,-200.0,200.0,0.0
2025-12-09,363,363,3,6,3,0.0,RandomForestClassifier,safe_w200,2025-12-09T18:34:20,predict_next_joint,0.0,-200.0,200.0,0.0
2025-12-09,362,362,3,6,2,0.0,RandomForestClassifier,safe_w200,2025-12-09T18:34:20,predict_next_joint,0.0,-200.0,200.0,0.0
2025-12-09,360,360,3,6,0,0.0,RandomForestClassifier,safe_w200,2025-12-09T18:34:20,predict_next_joint,0.0,-200.0,200.0,0.0
2025-12-09,359,359,3,5,9,0.0,RandomForestClassifier,safe_w200,2025-12-09T18:34:20,predict_next_joint,0.0,-200.0,200.0,0.0
2025-12-09,358,358,3,5,8,0.0,RandomForestClassifier,safe_w200,2025-12-09T18:34:20,predict_next_joint,0.0,-200.0,200.0,0.0
2025-12-09,357,357,3,5,7,0.0,RandomForestClassifier,safe_w200,2025-12-09T18:34:20,predict_next_joint,0.0,-200.0,200.0,0.0
2025-12-09,356,356,3,5,6,0.0,RandomForestClassifier,safe_w200,2025-12-09T18:34:20,predict_next_joint,0.0,-200.0,200.0,0.0
2025-12-09,355,355,3,5,5,0.0,RandomForestClassifier,safe_w200,2025-12-09T18:34:20,predict_next_joint,0.0,-200.0,200.0,0.0
2025-12-09,354,354,3,5,4,0.0,RandomForestClassifier,safe_w200,2025-12-09T18:34:20,predict_next_joint,0.0,-200.0,200.0,0.0
2025-12-09,353,353,3,5,3,0.0,RandomForestClassifier,safe_w200,2025-12-09T18:34:20,predict_next_joint,0.0,-200.0,200.0,0.0
2025-12-09,128,128,1,2,8,0.0,RandomForestClassifier,safe_w200,2025-12-09T18:34:20,predict_next_joint,0.0,-200.0,200.0,0.0
2025-12-09,127,127,1,2,7,0.0,RandomForestClassifier,safe_w200,2025-12-09T18:34:20,predict_next_joint,0.0,-200.0,200.0,0.0
2025-12-09,126,126,1,2,6,0.0,RandomForestClassifier,safe_w200,2025-12-09T18:34:20,predict_next_joint,0.0,-200.0,200.0,0.0
2025-12-09,125,125,1,2,5,0.0,RandomForestClassifier,safe_w200,2025-12-09T18:34:20,predict_next_joint,0.0,-200.0,200.0,0.0
2025-12-09,124,124,1,2,4,0.0,RandomForestClassifier,safe_w200,2025-12-09T18:34:20,predict_next_joint,0.0,-200.0,200.0,0.0
2025-12-09,123,123,1,2,3,0.0,RandomForestClassifier,safe_w200,2025-12-09T18:34:20,predict_next_joint,0.0,-200.0,200.0,0.0
2025-12-09,122,122,1,2,2,0.0,RandomForestClassifier,safe_w200,2025-12-09T18:34:20,predict_next_joint,0.0,-200.0,200.0,0.0
2025-12-09,121,121,1,2,1,0.0,RandomForestClassifier,safe_w200,2025-12-09T18:34:20,predict_next_joint,0.0,-200.0,200.0,0.0
2025-12-09,120,120,1,2,0,0.0,RandomForestClassifier,safe_w200,2025-12-09T18:34:20,predict_next_joint,0.0,-200.0,200.0,0.0
2025-12-09,119,119,1,1,9,0.0,RandomForestClassifier,safe_w200,2025-12-09T18:34:20,predict_next_joint,0.0,-200.0,200.0,0.0
2025-12-09,118,118,1,1,8,0.0,RandomForestClassifier,safe_w200,2025-12-09T18:34:20,predict_next_joint,0.0,-200.0,200.0,0.0
2025-12-09,117,117,1,1,7,0.0,RandomForestClassifier,safe_w200,2025-12-09T18:34:20,predict_next_joint,0.0,-200.0,200.0,0.0
2025-12-09,116,116,1,1,6,0.0,RandomForestClassifier,safe_w200,2025-12-09T18:34:20,predict_next_joint,0.0,-200.0,200.0,0.0
2025-12-09,115,115,1,1,5,0.0,RandomForestClassifier,safe_w200,2025-12-09T18:34:20,predict_next_joint,0.0,-200.0,200.0,0.0
2025-12-09,114,114,1,1,4,0.0,RandomForestClassifier,safe_w200,2025-12-09T18:34:20,predict_next_joint,0.0,-200.0,200.0,0.0
2025-12-09,113,113,1,1,3,0.0,RandomForestClassifier,safe_w200,2025-12-09T18:34:20,predict_next_joint,0.0,-200.0,200.0,0.0
2025-12-09,384,384,3,8,4,0.0,RandomForestClassifier,safe_w200,2025-12-09T18:34:20,predict_next_joint,0.0,-200.0,200.0,0.0
2025-12-09,383,383,3,8,3,0.0,RandomForestClassifier,safe_w200,2025-12-09T18:34:20,predict_next_joint,0.0,-200.0,200.0,0.0
2025-12-09,382,382,3,8,2,0.0,RandomForestClassifier,safe_w200,2025-12-09T18:34:20,predict_next_joint,0.0,-200.0,200.0,0.0
2025-12-09,381,381,3,8,1,0.0,RandomForestClassifier,safe_w200,2025-12-09T18:34:20,predict_next_joint,0.0,-200.0,200.0,0.0
2025-12-09,380,380,3,8,0,0.0,RandomForestClassifier,safe_w200,2025-12-09T18:34:20,predict_next_joint,0.0,-200.0,200.0,0.0
2025-12-09,379,379,3,7,9,0.0,RandomForestClassifier,safe_w200,2025-12-09T18:34:20,predict_next_joint,0.0,-200.0,200.0,0.0
2025-12-09,378,378,3,7,8,0.0,RandomForestClassifier,safe_w200,2025-12-09T18:34:20,predict_next_joint,0.0,-200.0,200.0,0.0
2025-12-09,377,377,3,7,7,0.0,RandomForestClassifier,safe_w200,2025-12-09T18:34:20,predict_next_joint,0.0,-200.0,200.0,0.0
2025-12-09,376,376,3,7,6,0.0,RandomForestClassifier,safe_w200,2025-12-09T18:34:20,predict_next_joint,0.0,-200.0,200.0,0.0
2025-12-09,375,375,3,7,5,0.0,RandomForestClassifier,safe_w200,2025-12-09T18:34:20,predict_next_joint,0.0,-200.0,200.0,0.0
2025-12-09,373,373,3,7,3,0.0,RandomForestClassifier,safe_w200,2025-12-09T18:34:20,predict_next_joint,0.0,-200.0,200.0,0.0
2025-12-09,370,370,3,7,0,0.0,RandomForestClassifier,safe_w200,2025-12-09T18:34:20,predict_next_joint,0.0,-200.0,200.0,0.0
2025-12-09,369,369,3,6,9,0.0,RandomForestClassifier,safe_w200,2025-12-09T18:34:20,predict_next_joint,0.0,-200.0,200.0,0.0
2025-12-09,400,400,4,0,0,0.0,RandomForestClassifier,safe_w200,2025-12-09T18:34:20,predict_next_joint,0.0,-200.0,200.0,0.0
2025-12-09,399,399,3,9,9,0.0,RandomForestClassifier,safe_w200,2025-12-09T18:34:20,predict_next_joint,0.0,-200.0,200.0,0.0
2025-12-09,398,398,3,9,8,0.0,RandomForestClassifier,safe_w200,2025-12-09T18:34:20,predict_next_joint,0.0,-200.0,200.0,0.0
2025-12-09,397,397,3,9,7,0.0,RandomForestClassifier,safe_w200,2025-12-09T18:34:20,predict_next_joint,0.0,-200.0,200.0,0.0
2025-12-09,396,396,3,9,6,0.0,RandomForestClassifier,safe_w200,2025-12-09T18:34:20,predict_next_joint,0.0,-200.0,200.0,0.0
2025-12-09,394,394,3,9,4,0.0,RandomForestClassifier,safe_w200,2025-12-09T18:34:20,predict_next_joint,0.0,-200.0,200.0,0.0
2025-12-09,393,393,3,9,3,0.0,RandomForestClassifier,safe_w200,2025-12-09T18:34:20,predict_next_joint,0.0,-200.0,200.0,0.0
2025-12-09,392,392,3,9,2,0.0,RandomForestClassifier,safe_w200,2025-12-09T18:34:20,predict_next_joint,0.0,-200.0,200.0,0.0
2025-12-09,390,390,3,9,0,0.0,RandomForestClassifier,safe_w200,2025-12-09T18:34:20,predict_next_joint,0.0,-200.0,200.0,0.0
2025-12-09,389,389,3,8,9,0.0,RandomForestClassifier,safe_w200,2025-12-09T18:34:20,predict_next_joint,0.0,-200.0,200.0,0.0
2025-12-09,388,388,3,8,8,0.0,RandomForestClassifier,safe_w200,2025-12-09T18:34:20,predict_next_joint,0.0,-200.0,200.0,0.0
2025-12-09,387,387,3,8,7,0.0,RandomForestClassifier,safe_w200,2025-12-09T18:34:20,predict_next_joint,0.0,-200.0,200.0,0.0
2025-12-09,386,386,3,8,6,0.0,RandomForestClassifier,safe_w200,2025-12-09T18:34:20,predict_next_joint,0.0,-200.0,200.0,0.0
2025-12-09,385,385,3,8,5,0.0,RandomForestClassifier,safe_w200,2025-12-09T18:34:20,predict_next_joint,0.0,-200.0,200.0,0.0
2025-12-09,416,416,4,1,6,0.0,RandomForestClassifier,safe_w200,2025-12-09T18:34:20,predict_next_joint,0.0,-200.0,200.0,0.0
2025-12-09,415,415,4,1,5,0.0,RandomForestClassifier,safe_w200,2025-12-09T18:34:20,predict_next_joint,0.0,-200.0,200.0,0.0
2025-12-09,414,414,4,1,4,0.0,RandomForestClassifier,safe_w200,2025-12-09T18:34:20,predict_next_joint,0.0,-200.0,200.0,0.0
2025-12-09,413,413,4,1,3,0.0,RandomForestClassifier,safe_w200,2025-12-09T18:34:20,predict_next_joint,0.0,-200.0,200.0,0.0
2025-12-09,412,412,4,1,2,0.0,RandomForestClassifier,safe_w200,2025-12-09T18:34:20,predict_next_joint,0.0,-200.0,200.0,0.0
2025-12-09,411,411,4,1,1,0.0,RandomForestClassifier,safe_w200,2025-12-09T18:34:20,predict_next_joint,0.0,-200.0,200.0,0.0
2025-12-09,410,410,4,1,0,0.0,RandomForestClassifier,safe_w200,2025-12-09T18:34:20,predict_next_joint,0.0,-200.0,200.0,0.0
2025-12-09,409,409,4,0,9,0.0,RandomForestClassifier,safe_w200,2025-12-09T18:34:20,predict_next_joint,0.0,-200.0,200.0,0.0
2025-12-09,408,408,4,0,8,0.0,RandomForestClassifier,safe_w200,2025-12-09T18:34:20,predict_next_joint,0.0,-200.0,200.0,0.0
2025-12-09,407,407,4,0,7,0.0,RandomForestClassifier,safe_w200,2025-12-09T18:34:20,predict_next_joint,0.0,-200.0,200.0,0.0
2025-12-09,406,406,4,0,6,0.0,RandomForestClassifier,safe_w200,2025-12-09T18:34:20,predict_next_joint,0.0,-200.0,200.0,0.0
2025-12-09,405,405,4,0,5,0.0,RandomForestClassifier,safe_w200,2025-12-09T18:34:20,predict_next_joint,0.0,-200.0,200.0,0.0
2025-12-09,404,404,4,0,4,0.0,RandomForestClassifier,safe_w200,2025-12-09T18:34:20,predict_next_joint,0.0,-200.0,200.0,0.0
2025-12-09,403,403,4,0,3,0.0,RandomForestClassifier,safe_w200,2025-12-09T18:34:20,predict_next_joint,0.0,-200.0,200.0,0.0
2025-12-09,402,402,4,0,2,0.0,RandomForestClassifier,safe_w200,2025-12-09T18:34:20,predict_next_joint,0.0,-200.0,200.0,0.0
2025-12-09,401,401,4,0,1,0.0,RandomForestClassifier,safe_w200,2025-12-09T18:34:20,predict_next_joint,0.0,-200.0,200.0,0.0
2025-12-09,432,432,4,3,2,0.0,RandomForestClassifier,safe_w200,2025-12-09T18:34:20,predict_next_joint,0.0,-200.0,200.0,0.0
2025-12-09,428,428,4,2,8,0.0,RandomForestClassifier,safe_w200,2025-12-09T18:34:20,predict_next_joint,0.0,-200.0,200.0,0.0
2025-12-09,426,426,4,2,6,0.0,RandomForestClassifier,safe_w200,2025-12-09T18:34:20,predict_next_joint,0.0,-200.0,200.0,0.0
2025-12-09,425,425,4,2,5,0.0,RandomForestClassifier,safe_w200,2025-12-09T18:34:20,predict_next_joint,0.0,-200.0,200.0,0.0
2025-12-09,424,424,4,2,4,0.0,RandomForestClassifier,safe_w200,2025-12-09T18:34:20,predict_next_joint,0.0,-200.0,200.0,0.0
2025-12-09,423,423,4,2,3,0.0,RandomForestClassifier,safe_w200,2025-12-09T18:34:20,predict_next_joint,0.0,-200.0,200.0,0.0
2025-12-09,422,422,4,2,2,0.0,RandomForestClassifier,safe_w200,2025-12-09T18:34:20,predict_next_joint,0.0,-200.0,200.0,0.0
2025-12-09,421,421,4,2,1,0.0,RandomForestClassifier,safe_w200,2025-12-09T18:34:20,predict_next_joint,0.0,-200.0,200.0,0.0
2025-12-09,420,420,4,2,0,0.0,RandomForestClassifier,safe_w200,2025-12-09T18:34:20,predict_next_joint,0.0,-200.0,200.0,0.0
2025-12-09,419,419,4,1,9,0.0,RandomForestClassifier,safe_w200,2025-12-09T18:34:20,predict_next_joint,0.0,-200.0,200.0,0.0
2025-12-09,418,418,4,1,8,0.0,RandomForestClassifier,safe_w200,2025-12-09T18:34:20,predict_next_joint,0.0,-200.0,200.0,0.0
2025-12-09,417,417,4,1,7,0.0,RandomForestClassifier,safe_w200,2025-12-09T18:34:20,predict_next_joint,0.0,-200.0,200.0,0.0
2025-12-09,448,448,4,4,8,0.0,RandomForestClassifier,safe_w200,2025-12-09T18:34:20,predict_next_joint,0.0,-200.0,200.0,0.0
2025-12-09,447,447,4,4,7,0.0,RandomForestClassifier,safe_w200,2025-12-09T18:34:20,predict_next_joint,0.0,-200.0,200.0,0.0
2025-12-09,446,446,4,4,6,0.0,RandomForestClassifier,safe_w200,2025-12-09T18:34:20,predict_next_joint,0.0,-200.0,200.0,0.0
2025-12-09,445,445,4,4,5,0.0,RandomForestClassifier,safe_w200,2025-12-09T18:34:20,predict_next_joint,0.0,-200.0,200.0,0.0
2025-12-09,444,444,4,4,4,0.0,RandomForestClassifier,safe_w200,2025-12-09T18:34:20,predict_next_joint,0.0,-200.0,200.0,0.0
2025-12-09,443,443,4,4,3,0.0,RandomForestClassifier,safe_w200,2025-12-09T18:34:20,predict_next_joint,0.0,-200.0,200.0,0.0
2025-12-09,442,442,4,4,2,0.0,RandomForestClassifier,safe_w200,2025-12-09T18:34:20,predict_next_joint,0.0,-200.0,200.0,0.0
2025-12-09,441,441,4,4,1,0.0,RandomForestClassifier,safe_w200,2025-12-09T18:34:20,predict_next_joint,0.0,-200.0,200.0,0.0
2025-12-09,440,440,4,4,0,0.0,RandomForestClassifier,safe_w200,2025-12-09T18:34:20,predict_next_joint,0.0,-200.0,200.0,0.0
2025-12-09,438,438,4,3,8,0.0,RandomForestClassifier,safe_w200,2025-12-09T18:34:20,predict_next_joint,0.0,-200.0,200.0,0.0
2025-12-09,437,437,4,3,7,0.0,RandomForestClassifier,safe_w200,2025-12-09T18:34:20,predict_next_joint,0.0,-200.0,200.0,0.0
2025-12-09,436,436,4,3,6,0.0,RandomForestClassifier,safe_w200,2025-12-09T18:34:20,predict_next_joint,0.0,-200.0,200.0,0.0
2025-12-09,435,435,4,3,5,0.0,RandomForestClassifier,safe_w200,2025-12-09T18:34:20,predict_next_joint,0.0,-200.0,200.0,0.0
2025-12-09,434,434,4,3,4,0.0,RandomForestClassifier,safe_w200,2025-12-09T18:34:20,predict_next_joint,0.0,-200.0,200.0,0.0
2025-12-09,433,433,4,3,3,0.0,RandomForestClassifier,safe_w200,2025-12-09T18:34:20,predict_next_joint,0.0,-200.0,200.0,0.0
2025-12-09,464,464,4,6,4,0.0,RandomForestClassifier,safe_w200,2025-12-09T18:34:20,predict_next_joint,0.0,-200.0,200.0,0.0
2025-12-09,463,463,4,6,3,0.0,RandomForestClassifier,safe_w200,2025-12-09T18:34:20,predict_next_joint,0.0,-200.0,200.0,0.0
2025-12-09,462,462,4,6,2,0.0,RandomForestClassifier,safe_w200,2025-12-09T18:34:20,predict_next_joint,0.0,-200.0,200.0,0.0
2025-12-09,459,459,4,5,9,0.0,RandomForestClassifier,safe_w200,2025-12-09T18:34:20,predict_next_joint,0.0,-200.0,200.0,0.0
2025-12-09,458,458,4,5,8,0.0,RandomForestClassifier,safe_w200,2025-12-09T18:34:20,predict_next_joint,0.0,-200.0,200.0,0.0
2025-12-09,457,457,4,5,7,0.0,RandomForestClassifier,safe_w200,2025-12-09T18:34:20,predict_next_joint,0.0,-200.0,200.0,0.0
2025-12-09,456,456,4,5,6,0.0,RandomForestClassifier,safe_w200,2025-12-09T18:34:20,predict_next_joint,0.0,-200.0,200.0,0.0
2025-12-09,455,455,4,5,5,0.0,RandomForestClassifier,safe_w200,2025-12-09T18:34:20,predict_next_joint,0.0,-200.0,200.0,0.0
2025-12-09,454,454,4,5,4,0.0,RandomForestClassifier,safe_w200,2025-12-09T18:34:20,predict_next_joint,0.0,-200.0,200.0,0.0
2025-12-09,453,453,4,5,3,0.0,RandomForestClassifier,safe_w200,2025-12-09T18:34:20,predict_next_joint,0.0,-200.0,200.0,0.0
2025-12-09,452,452,4,5,2,0.0,RandomForestClassifier,safe_w200,2025-12-09T18:34:20,predict_next_joint,0.0,-200.0,200.0,0.0
2025-12-09,451,451,4,5,1,0.0,RandomForestClassifier,safe_w200,2025-12-09T18:34:20,predict_next_joint,0.0,-200.0,200.0,0.0
2025-12-09,450,450,4,5,0,0.0,RandomForestClassifier,safe_w200,2025-12-09T18:34:20,predict_next_joint,0.0,-200.0,200.0,0.0
2025-12-09,449,449,4,4,9,0.0,RandomForestClassifier,safe_w200,2025-12-09T18:34:20,predict_next_joint,0.0,-200.0,200.0,0.0
2025-12-09,480,480,4,8,0,0.0,RandomForestClassifier,safe_w200,2025-12-09T18:34:20,predict_next_joint,0.0,-200.0,200.0,0.0
2025-12-09,479,479,4,7,9,0.0,RandomForestClassifier,safe_w200,2025-12-09T18:34:20,predict_next_joint,0.0,-200.0,200.0,0.0
2025-12-09,478,478,4,7,8,0.0,RandomForestClassifier,safe_w200,2025-12-09T18:34:20,predict_next_joint,0.0,-200.0,200.0,0.0
2025-12-09,477,477,4,7,7,0.0,RandomForestClassifier,safe_w200,2025-12-09T18:34:20,predict_next_joint,0.0,-200.0,200.0,0.0
2025-12-09,476,476,4,7,6,0.0,RandomForestClassifier,safe_w200,2025-12-09T18:34:20,predict_next_joint,0.0,-200.0,200.0,0.0
2025-12-09,475,475,4,7,5,0.0,RandomForestClassifier,safe_w200,2025-12-09T18:34:20,predict_next_joint,0.0,-200.0,200.0,0.0
2025-12-09,474,474,4,7,4,0.0,RandomForestClassifier,safe_w200,2025-12-09T18:34:20,predict_next_joint,0.0,-200.0,200.0,0.0
2025-12-09,473,473,4,7,3,0.0,RandomForestClassifier,safe_w200,2025-12-09T18:34:20,predict_next_joint,0.0,-200.0,200.0,0.0
2025-12-09,472,472,4,7,2,0.0,RandomForestClassifier,safe_w200,2025-12-09T18:34:20,predict_next_joint,0.0,-200.0,200.0,0.0
2025-12-09,471,471,4,7,1,0.0,RandomForestClassifier,safe_w200,2025-12-09T18:34:20,predict_next_joint,0.0,-200.0,200.0,0.0
2025-12-09,467,467,4,6,7,0.0,RandomForestClassifier,safe_w200,2025-12-09T18:34:20,predict_next_joint,0.0,-200.0,200.0,0.0
2025-12-09,466,466,4,6,6,0.0,RandomForestClassifier,safe_w200,2025-12-09T18:34:20,predict_next_joint,0.0,-200.0,200.0,0.0
2025-12-09,465,465,4,6,5,0.0,RandomForestClassifier,safe_w200,2025-12-09T18:34:20,predict_next_joint,0.0,-200.0,200.0,0.0
2025-12-09,112,112,1,1,2,0.0,RandomForestClassifier,safe_w200,2025-12-09T18:34:20,predict_next_joint,0.0,-200.0,200.0,0.0
2025-12-09,111,111,1,1,1,0.0,RandomForestClassifier,safe_w200,2025-12-09T18:34:20,predict_next_joint,0.0,-200.0,200.0,0.0
2025-12-09,110,110,1,1,0,0.0,RandomForestClassifier,safe_w200,2025-12-09T18:34:20,predict_next_joint,0.0,-200.0,200.0,0.0
2025-12-09,109,109,1,0,9,0.0,RandomForestClassifier,safe_w200,2025-12-09T18:34:20,predict_next_joint,0.0,-200.0,200.0,0.0
2025-12-09,107,107,1,0,7,0.0,RandomForestClassifier,safe_w200,2025-12-09T18:34:20,predict_next_joint,0.0,-200.0,200.0,0.0
2025-12-09,106,106,1,0,6,0.0,RandomForestClassifier,safe_w200,2025-12-09T18:34:20,predict_next_joint,0.0,-200.0,200.0,0.0
2025-12-09,105,105,1,0,5,0.0,RandomForestClassifier,safe_w200,2025-12-09T18:34:20,predict_next_joint,0.0,-200.0,200.0,0.0
2025-12-09,104,104,1,0,4,0.0,RandomForestClassifier,safe_w200,2025-12-09T18:34:20,predict_next_joint,0.0,-200.0,200.0,0.0
2025-12-09,103,103,1,0,3,0.0,RandomForestClassifier,safe_w200,2025-12-09T18:34:20,predict_next_joint,0.0,-200.0,200.0,0.0
2025-12-09,102,102,1,0,2,0.0,RandomForestClassifier,safe_w200,2025-12-09T18:34:20,predict_next_joint,0.0,-200.0,200.0,0.0
2025-12-09,101,101,1,0,1,0.0,RandomForestClassifier,safe_w200,2025-12-09T18:34:20,predict_next_joint,0.0,-200.0,200.0,0.0
2025-12-09,100,100,1,0,0,0.0,RandomForestClassifier,safe_w200,2025-12-09T18:34:20,predict_next_joint,0.0,-200.0,200.0,0.0
2025-12-09,099,99,0,9,9,0.0,RandomForestClassifier,safe_w200,2025-12-09T18:34:20,predict_next_joint,0.0,-200.0,200.0,0.0
2025-12-09,098,98,0,9,8,0.0,RandomForestClassifier,safe_w200,2025-12-09T18:34:20,predict_next_joint,0.0,-200.0,200.0,0.0
2025-12-09,097,97,0,9,7,0.0,RandomForestClassifier,safe_w200,2025-12-09T18:34:20,predict_next_joint,0.0,-200.0,200.0,0.0
2025-12-09,495,495,4,9,5,0.0,RandomForestClassifier,safe_w200,2025-12-09T18:34:20,predict_next_joint,0.0,-200.0,200.0,0.0
2025-12-09,494,494,4,9,4,0.0,RandomForestClassifier,safe_w200,2025-12-09T18:34:20,predict_next_joint,0.0,-200.0,200.0,0.0
2025-12-09,493,493,4,9,3,0.0,RandomForestClassifier,safe_w200,2025-12-09T18:34:20,predict_next_joint,0.0,-200.0,200.0,0.0
2025-12-09,492,492,4,9,2,0.0,RandomForestClassifier,safe_w200,2025-12-09T18:34:20,predict_next_joint,0.0,-200.0,200.0,0.0
2025-12-09,489,489,4,8,9,0.0,RandomForestClassifier,safe_w200,2025-12-09T18:34:20,predict_next_joint,0.0,-200.0,200.0,0.0
2025-12-09,488,488,4,8,8,0.0,RandomForestClassifier,safe_w200,2025-12-09T18:34:20,predict_next_joint,0.0,-200.0,200.0,0.0
2025-12-09,487,487,4,8,7,0.0,RandomForestClassifier,safe_w200,2025-12-09T18:34:20,predict_next_joint,0.0,-200.0,200.0,0.0
2025-12-09,486,486,4,8,6,0.0,RandomForestClassifier,safe_w200,2025-12-09T18:34:20,predict_next_joint,0.0,-200.0,200.0,0.0
2025-12-09,484,484,4,8,4,0.0,RandomForestClassifier,safe_w200,2025-12-09T18:34:20,predict_next_joint,0.0,-200.0,200.0,0.0
2025-12-09,483,483,4,8,3,0.0,RandomForestClassifier,safe_w200,2025-12-09T18:34:20,predict_next_joint,0.0,-200.0,200.0,0.0
2025-12-09,482,482,4,8,2,0.0,RandomForestClassifier,safe_w200,2025-12-09T18:34:20,predict_next_joint,0.0,-200.0,200.0,0.0
2025-12-09,512,512,5,1,2,0.0,RandomForestClassifier,safe_w200,2025-12-09T18:34:20,predict_next_joint,0.0,-200.0,200.0,0.0
2025-12-09,511,511,5,1,1,0.0,RandomForestClassifier,safe_w200,2025-12-09T18:34:20,predict_next_joint,0.0,-200.0,200.0,0.0
2025-12-09,510,510,5,1,0,0.0,RandomForestClassifier,safe_w200,2025-12-09T18:34:20,predict_next_joint,0.0,-200.0,200.0,0.0
2025-12-09,509,509,5,0,9,0.0,RandomForestClassifier,safe_w200,2025-12-09T18:34:20,predict_next_joint,0.0,-200.0,200.0,0.0
2025-12-09,508,508,5,0,8,0.0,RandomForestClassifier,safe_w200,2025-12-09T18:34:20,predict_next_joint,0.0,-200.0,200.0,0.0
2025-12-09,506,506,5,0,6,0.0,RandomForestClassifier,safe_w200,2025-12-09T18:34:20,predict_next_joint,0.0,-200.0,200.0,0.0
2025-12-09,505,505,5,0,5,0.0,RandomForestClassifier,safe_w200,2025-12-09T18:34:20,predict_next_joint,0.0,-200.0,200.0,0.0
2025-12-09,504,504,5,0,4,0.0,RandomForestClassifier,safe_w200,2025-12-09T18:34:20,predict_next_joint,0.0,-200.0,200.0,0.0
2025-12-09,503,503,5,0,3,0.0,RandomForestClassifier,safe_w200,2025-12-09T18:34:20,predict_next_joint,0.0,-200.0,200.0,0.0
2025-12-09,502,502,5,0,2,0.0,RandomForestClassifier,safe_w200,2025-12-09T18:34:20,predict_next_joint,0.0,-200.0,200.0,0.0
2025-12-09,501,501,5,0,1,0.0,RandomForestClassifier,safe_w200,2025-12-09T18:34:20,predict_next_joint,0.0,-200.0,200.0,0.0
2025-12-09,500,500,5,0,0,0.0,RandomForestClassifier,safe_w200,2025-12-09T18:34:20,predict_next_joint,0.0,-200.0,200.0,0.0
2025-12-09,499,499,4,9,9,0.0,RandomForestClassifier,safe_w200,2025-12-09T18:34:20,predict_next_joint,0.0,-200.0,200.0,0.0
2025-12-09,498,498,4,9,8,0.0,RandomForestClassifier,safe_w200,2025-12-09T18:34:20,predict_next_joint,0.0,-200.0,200.0,0.0
2025-12-09,497,497,4,9,7,0.0,RandomForestClassifier,safe_w200,2025-12-09T18:34:20,predict_next_joint,0.0,-200.0,200.0,0.0
2025-12-09,528,528,5,2,8,0.0,RandomForestClassifier,safe_w200,2025-12-09T18:34:20,predict_next_joint,0.0,-200.0,200.0,0.0
2025-12-09,527,527,5,2,7,0.0,RandomForestClassifier,safe_w200,2025-12-09T18:34:20,predict_next_joint,0.0,-200.0,200.0,0.0
2025-12-09,526,526,5,2,6,0.0,RandomForestClassifier,safe_w200,2025-12-09T18:34:20,predict_next_joint,0.0,-200.0,200.0,0.0
2025-12-09,525,525,5,2,5,0.0,RandomForestClassifier,safe_w200,2025-12-09T18:34:20,predict_next_joint,0.0,-200.0,200.0,0.0
2025-12-09,524,524,5,2,4,0.0,RandomForestClassifier,safe_w200,2025-12-09T18:34:20,predict_next_joint,0.0,-200.0,200.0,0.0
2025-12-09,522,522,5,2,2,0.0,RandomForestClassifier,safe_w200,2025-12-09T18:34:20,predict_next_joint,0.0,-200.0,200.0,0.0
2025-12-09,521,521,5,2,1,0.0,RandomForestClassifier,safe_w200,2025-12-09T18:34:20,predict_next_joint,0.0,-200.0,200.0,0.0
2025-12-09,519,519,5,1,9,0.0,RandomForestClassifier,safe_w200,2025-12-09T18:34:20,predict_next_joint,0.0,-200.0,200.0,0.0
2025-12-09,517,517,5,1,7,0.0,RandomForestClassifier,safe_w200,2025-12-09T18:34:20,predict_next_joint,0.0,-200.0,200.0,0.0
2025-12-09,516,516,5,1,6,0.0,RandomForestClassifier,safe_w200,2025-12-09T18:34:20,predict_next_joint,0.0,-200.0,200.0,0.0
2025-12-09,515,515,5,1,5,0.0,RandomForestClassifier,safe_w200,2025-12-09T18:34:20,predict_next_joint,0.0,-200.0,200.0,0.0
2025-12-09,514,514,5,1,4,0.0,RandomForestClassifier,safe_w200,2025-12-09T18:34:20,predict_next_joint,0.0,-200.0,200.0,0.0
2025-12-09,513,513,5,1,3,0.0,RandomForestClassifier,safe_w200,2025-12-09T18:34:20,predict_next_joint,0.0,-200.0,200.0,0.0
2025-12-09,544,544,5,4,4,0.0,RandomForestClassifier,safe_w200,2025-12-09T18:34:20,predict_next_joint,0.0,-200.0,200.0,0.0
2025-12-09,542,542,5,4,2,0.0,RandomForestClassifier,safe_w200,2025-12-09T18:34:20,predict_next_joint,0.0,-200.0,200.0,0.0
2025-12-09,541,541,5,4,1,0.0,RandomForestClassifier,safe_w200,2025-12-09T18:34:20,predict_next_joint,0.0,-200.0,200.0,0.0
2025-12-09,539,539,5,3,9,0.0,RandomForestClassifier,safe_w200,2025-12-09T18:34:20,predict_next_joint,0.0,-200.0,200.0,0.0
2025-12-09,538,538,5,3,8,0.0,RandomForestClassifier,safe_w200,2025-12-09T18:34:20,predict_next_joint,0.0,-200.0,200.0,0.0
2025-12-09,537,537,5,3,7,0.0,RandomForestClassifier,safe_w200,2025-12-09T18:34:20,predict_next_joint,0.0,-200.0,200.0,0.0
2025-12-09,536,536,5,3,6,0.0,RandomForestClassifier,safe_w200,2025-12-09T18:34:20,predict_next_joint,0.0,-200.0,200.0,0.0
2025-12-09,535,535,5,3,5,0.0,RandomForestClassifier,safe_w200,2025-12-09T18:34:20,predict_next_joint,0.0,-200.0,200.0,0.0
2025-12-09,534,534,5,3,4,0.0,RandomForestClassifier,safe_w200,2025-12-09T18:34:20,predict_next_joint,0.0,-200.0,200.0,0.0
2025-12-09,533,533,5,3,3,0.0,RandomForestClassifier,safe_w200,2025-12-09T18:34:20,predict_next_joint,0.0,-200.0,200.0,0.0
2025-12-09,530,530,5,3,0,0.0,RandomForestClassifier,safe_w200,2025-12-09T18:34:20,predict_next_joint,0.0,-200.0,200.0,0.0
2025-12-09,560,560,5,6,0,0.0,RandomForestClassifier,safe_w200,2025-12-09T18:34:20,predict_next_joint,0.0,-200.0,200.0,0.0
2025-12-09,559,559,5,5,9,0.0,RandomForestClassifier,safe_w200,2025-12-09T18:34:20,predict_next_joint,0.0,-200.0,200.0,0.0
2025-12-09,558,558,5,5,8,0.0,RandomForestClassifier,safe_w200,2025-12-09T18:34:20,predict_next_joint,0.0,-200.0,200.0,0.0
2025-12-09,557,557,5,5,7,0.0,RandomForestClassifier,safe_w200,2025-12-09T18:34:20,predict_next_joint,0.0,-200.0,200.0,0.0
2025-12-09,556,556,5,5,6,0.0,RandomForestClassifier,safe_w200,2025-12-09T18:34:20,predict_next_joint,0.0,-200.0,200.0,0.0
2025-12-09,555,555,5,5,5,0.0,RandomForestClassifier,safe_w200,2025-12-09T18:34:20,predict_next_joint,0.0,-200.0,200.0,0.0
2025-12-09,554,554,5,5,4,0.0,RandomForestClassifier,safe_w200,2025-12-09T18:34:20,predict_next_joint,0.0,-200.0,200.0,0.0
2025-12-09,553,553,5,5,3,0.0,RandomForestClassifier,safe_w200,2025-12-09T18:34:20,predict_next_joint,0.0,-200.0,200.0,0.0
2025-12-09,552,552,5,5,2,0.0,RandomForestClassifier,safe_w200,2025-12-09T18:34:20,predict_next_joint,0.0,-200.0,200.0,0.0
2025-12-09,551,551,5,5,1,0.0,RandomForestClassifier,safe_w200,2025-12-09T18:34:20,predict_next_joint,0.0,-200.0,200.0,0.0
2025-12-09,550,550,5,5,0,0.0,RandomForestClassifier,safe_w200,2025-12-09T18:34:20,predict_next_joint,0.0,-200.0,200.0,0.0
2025-12-09,549,549,5,4,9,0.0,RandomForestClassifier,safe_w200,2025-12-09T18:34:20,predict_next_joint,0.0,-200.0,200.0,0.0
2025-12-09,548,548,5,4,8,0.0,RandomForestClassifier,safe_w200,2025-12-09T18:34:20,predict_next_joint,0.0,-200.0,200.0,0.0
2025-12-09,547,547,5,4,7,0.0,RandomForestClassifier,safe_w200,2025-12-09T18:34:20,predict_next_joint,0.0,-200.0,200.0,0.0
2025-12-09,546,546,5,4,6,0.0,RandomForestClassifier,safe_w200,2025-12-09T18:34:20,predict_next_joint,0.0,-200.0,200.0,0.0
2025-12-09,545,545,5,4,5,0.0,RandomForestClassifier,safe_w200,2025-12-09T18:34:20,predict_next_joint,0.0,-200.0,200.0,0.0
2025-12-09,576,576,5,7,6,0.0,RandomForestClassifier,safe_w200,2025-12-09T18:34:20,predict_next_joint,0.0,-200.0,200.0,0.0
2025-12-09,575,575,5,7,5,0.0,RandomForestClassifier,safe_w200,2025-12-09T18:34:20,predict_next_joint,0.0,-200.0,200.0,0.0
2025-12-09,574,574,5,7,4,0.0,RandomForestClassifier,safe_w200,2025-12-09T18:34:20,predict_next_joint,0.0,-200.0,200.0,0.0
2025-12-09,571,571,5,7,1,0.0,RandomForestClassifier,safe_w200,2025-12-09T18:34:20,predict_next_joint,0.0,-200.0,200.0,0.0
2025-12-09,570,570,5,7,0,0.0,RandomForestClassifier,safe_w200,2025-12-09T18:34:20,predict_next_joint,0.0,-200.0,200.0,0.0
2025-12-09,569,569,5,6,9,0.0,RandomForestClassifier,safe_w200,2025-12-09T18:34:20,predict_next_joint,0.0,-200.0,200.0,0.0
2025-12-09,568,568,5,6,8,0.0,RandomForestClassifier,safe_w200,2025-12-09T18:34:20,predict_next_joint,0.0,-200.0,200.0,0.0
2025-12-09,567,567,5,6,7,0.0,RandomForestClassifier,safe_w200,2025-12-09T18:34:20,predict_next_joint,0.0,-200.0,200.0,0.0
2025-12-09,566,566,5,6,6,0.0,RandomForestClassifier,safe_w200,2025-12-09T18:34:20,predict_next_joint,0.0,-200.0,200.0,0.0
2025-12-09,565,565,5,6,5,0.0,RandomForestClassifier,safe_w200,2025-12-09T18:34:20,predict_next_joint,0.0,-200.0,200.0,0.0
2025-12-09,564,564,5,6,4,0.0,RandomForestClassifier,safe_w200,2025-12-09T18:34:20,predict_next_joint,0.0,-200.0,200.0,0.0
2025-12-09,563,563,5,6,3,0.0,RandomForestClassifier,safe_w200,2025-12-09T18:34:20,predict_next_joint,0.0,-200.0,200.0,0.0
2025-12-09,562,562,5,6,2,0.0,RandomForestClassifier,safe_w200,2025-12-09T18:34:20,predict_next_joint,0.0,-200.0,200.0,0.0
2025-12-09,561,561,5,6,1,0.0,RandomForestClassifier,safe_w200,2025-12-09T18:34:20,predict_next_joint,0.0,-200.0,200.0,0.0
2025-12-09,096,96,0,9,6,0.0,RandomForestClassifier,safe_w200,2025-12-09T18:34:20,predict_next_joint,0.0,-200.0,200.0,0.0
2025-12-09,095,95,0,9,5,0.0,RandomForestClassifier,safe_w200,2025-12-09T18:34:20,predict_next_joint,0.0,-200.0,200.0,0.0
2025-12-09,094,94,0,9,4,0.0,RandomForestClassifier,safe_w200,2025-12-09T18:34:20,predict_next_joint,0.0,-200.0,200.0,0.0
2025-12-09,093,93,0,9,3,0.0,RandomForestClassifier,safe_w200,2025-12-09T18:34:20,predict_next_joint,0.0,-200.0,200.0,0.0
2025-12-09,092,92,0,9,2,0.0,RandomForestClassifier,safe_w200,2025-12-09T18:34:20,predict_next_joint,0.0,-200.0,200.0,0.0
2025-12-09,091,91,0,9,1,0.0,RandomForestClassifier,safe_w200,2025-12-09T18:34:20,predict_next_joint,0.0,-200.0,200.0,0.0
2025-12-09,090,90,0,9,0,0.0,RandomForestClassifier,safe_w200,2025-12-09T18:34:20,predict_next_joint,0.0,-200.0,200.0,0.0
2025-12-09,088,88,0,8,8,0.0,RandomForestClassifier,safe_w200,2025-12-09T18:34:20,predict_next_joint,0.0,-200.0,200.0,0.0
2025-12-09,087,87,0,8,7,0.0,RandomForestClassifier,safe_w200,2025-12-09T18:34:20,predict_next_joint,0.0,-200.0,200.0,0.0
2025-12-09,086,86,0,8,6,0.0,RandomForestClassifier,safe_w200,2025-12-09T18:34:20,predict_next_joint,0.0,-200.0,200.0,0.0
2025-12-09,085,85,0,8,5,0.0,RandomForestClassifier,safe_w200,2025-12-09T18:34:20,predict_next_joint,0.0,-200.0,200.0,0.0
2025-12-09,084,84,0,8,4,0.0,RandomForestClassifier,safe_w200,2025-12-09T18:34:20,predict_next_joint,0.0,-200.0,200.0,0.0
2025-12-09,083,83,0,8,3,0.0,RandomForestClassifier,safe_w200,2025-12-09T18:34:20,predict_next_joint,0.0,-200.0,200.0,0.0
2025-12-09,082,82,0,8,2,0.0,RandomForestClassifier,safe_w200,2025-12-09T18:34:20,predict_next_joint,0.0,-200.0,200.0,0.0
2025-12-09,081,81,0,8,1,0.0,RandomForestClassifier,safe_w200,2025-12-09T18:34:20,predict_next_joint,0.0,-200.0,200.0,0.0
2025-12-09,592,592,5,9,2,0.0,RandomForestClassifier,safe_w200,2025-12-09T18:34:20,predict_next_joint,0.0,-200.0,200.0,0.0
2025-12-09,590,590,5,9,0,0.0,RandomForestClassifier,safe_w200,2025-12-09T18:34:20,predict_next_joint,0.0,-200.0,200.0,0.0
2025-12-09,589,589,5,8,9,0.0,RandomForestClassifier,safe_w200,2025-12-09T18:34:20,predict_next_joint,0.0,-200.0,200.0,0.0
2025-12-09,588,588,5,8,8,0.0,RandomForestClassifier,safe_w200,2025-12-09T18:34:20,predict_next_joint,0.0,-200.0,200.0,0.0
2025-12-09,587,587,5,8,7,0.0,RandomForestClassifier,safe_w200,2025-12-09T18:34:20,predict_next_joint,0.0,-200.0,200.0,0.0
2025-12-09,586,586,5,8,6,0.0,RandomForestClassifier,safe_w200,2025-12-09T18:34:20,predict_next_joint,0.0,-200.0,200.0,0.0
2025-12-09,585,585,5,8,5,0.0,RandomForestClassifier,safe_w200,2025-12-09T18:34:20,predict_next_joint,0.0,-200.0,200.0,0.0
2025-12-09,583,583,5,8,3,0.0,RandomForestClassifier,safe_w200,2025-12-09T18:34:20,predict_next_joint,0.0,-200.0,200.0,0.0
2025-12-09,582,582,5,8,2,0.0,RandomForestClassifier,safe_w200,2025-12-09T18:34:20,predict_next_joint,0.0,-200.0,200.0,0.0
2025-12-09,581,581,5,8,1,0.0,RandomForestClassifier,safe_w200,2025-12-09T18:34:20,predict_next_joint,0.0,-200.0,200.0,0.0
2025-12-09,580,580,5,8,0,0.0,RandomForestClassifier,safe_w200,2025-12-09T18:34:20,predict_next_joint,0.0,-200.0,200.0,0.0
2025-12-09,579,579,5,7,9,0.0,RandomForestClassifier,safe_w200,2025-12-09T18:34:20,predict_next_joint,0.0,-200.0,200.0,0.0
2025-12-09,578,578,5,7,8,0.0,RandomForestClassifier,safe_w200,2025-12-09T18:34:20,predict_next_joint,0.0,-200.0,200.0,0.0
2025-12-09,577,577,5,7,7,0.0,RandomForestClassifier,safe_w200,2025-12-09T18:34:20,predict_next_joint,0.0,-200.0,200.0,0.0
2025-12-09,608,608,6,0,8,0.0,RandomForestClassifier,safe_w200,2025-12-09T18:34:20,predict_next_joint,0.0,-200.0,200.0,0.0
2025-12-09,606,606,6,0,6,0.0,RandomForestClassifier,safe_w200,2025-12-09T18:34:20,predict_next_joint,0.0,-200.0,200.0,0.0
2025-12-09,605,605,6,0,5,0.0,RandomForestClassifier,safe_w200,2025-12-09T18:34:20,predict_next_joint,0.0,-200.0,200.0,0.0
2025-12-09,604,604,6,0,4,0.0,RandomForestClassifier,safe_w200,2025-12-09T18:34:20,predict_next_joint,0.0,-200.0,200.0,0.0
2025-12-09,603,603,6,0,3,0.0,RandomForestClassifier,safe_w200,2025-12-09T18:34:20,predict_next_joint,0.0,-200.0,200.0,0.0
2025-12-09,602,602,6,0,2,0.0,RandomForestClassifier,safe_w200,2025-12-09T18:34:20,predict_next_joint,0.0,-200.0,200.0,0.0
2025-12-09,601,601,6,0,1,0.0,RandomForestClassifier,safe_w200,2025-12-09T18:34:20,predict_next_joint,0.0,-200.0,200.0,0.0
2025-12-09,600,600,6,0,0,0.0,RandomForestClassifier,safe_w200,2025-12-09T18:34:20,predict_next_joint,0.0,-200.0,200.0,0.0
2025-12-09,599,599,5,9,9,0.0,RandomForestClassifier,safe_w200,2025-12-09T18:34:20,predict_next_joint,0.0,-200.0,200.0,0.0
2025-12-09,598,598,5,9,8,0.0,RandomForestClassifier,safe_w200,2025-12-09T18:34:20,predict_next_joint,0.0,-200.0,200.0,0.0
2025-12-09,597,597,5,9,7,0.0,RandomForestClassifier,safe_w200,2025-12-09T18:34:20,predict_next_joint,0.0,-200.0,200.0,0.0
2025-12-09,596,596,5,9,6,0.0,RandomForestClassifier,safe_w200,2025-12-09T18:34:20,predict_next_joint,0.0,-200.0,200.0,0.0
2025-12-09,595,595,5,9,5,0.0,RandomForestClassifier,safe_w200,2025-12-09T18:34:20,predict_next_joint,0.0,-200.0,200.0,0.0
2025-12-09,594,594,5,9,4,0.0,RandomForestClassifier,safe_w200,2025-12-09T18:34:20,predict_next_joint,0.0,-200.0,200.0,0.0
2025-12-09,593,593,5,9,3,0.0,RandomForestClassifier,safe_w200,2025-12-09T18:34:20,predict_next_joint,0.0,-200.0,200.0,0.0
2025-12-09,624,624,6,2,4,0.0,RandomForestClassifier,safe_w200,2025-12-09T18:34:20,predict_next_joint,0.0,-200.0,200.0,0.0
2025-12-09,623,623,6,2,3,0.0,RandomForestClassifier,safe_w200,2025-12-09T18:34:20,predict_next_joint,0.0,-200.0,200.0,0.0
2025-12-09,622,622,6,2,2,0.0,RandomForestClassifier,safe_w200,2025-12-09T18:34:20,predict_next_joint,0.0,-200.0,200.0,0.0
2025-12-09,621,621,6,2,1,0.0,RandomForestClassifier,safe_w200,2025-12-09T18:34:20,predict_next_joint,0.0,-200.0,200.0,0.0
2025-12-09,620,620,6,2,0,0.0,RandomForestClassifier,safe_w200,2025-12-09T18:34:20,predict_next_joint,0.0,-200.0,200.0,0.0
2025-12-09,619,619,6,1,9,0.0,RandomForestClassifier,safe_w200,2025-12-09T18:34:20,predict_next_joint,0.0,-200.0,200.0,0.0
2025-12-09,618,618,6,1,8,0.0,RandomForestClassifier,safe_w200,2025-12-09T18:34:20,predict_next_joint,0.0,-200.0,200.0,0.0
2025-12-09,617,617,6,1,7,0.0,RandomForestClassifier,safe_w200,2025-12-09T18:34:20,predict_next_joint,0.0,-200.0,200.0,0.0
2025-12-09,616,616,6,1,6,0.0,RandomForestClassifier,safe_w200,2025-12-09T18:34:20,predict_next_joint,0.0,-200.0,200.0,0.0
2025-12-09,615,615,6,1,5,0.0,RandomForestClassifier,safe_w200,2025-12-09T18:34:20,predict_next_joint,0.0,-200.0,200.0,0.0
2025-12-09,614,614,6,1,4,0.0,RandomForestClassifier,safe_w200,2025-12-09T18:34:20,predict_next_joint,0.0,-200.0,200.0,0.0
2025-12-09,613,613,6,1,3,0.0,RandomForestClassifier,safe_w200,2025-12-09T18:34:20,predict_next_joint,0.0,-200.0,200.0,0.0
2025-12-09,612,612,6,1,2,0.0,RandomForestClassifier,safe_w200,2025-12-09T18:34:20,predict_next_joint,0.0,-200.0,200.0,0.0
2025-12-09,611,611,6,1,1,0.0,RandomForestClassifier,safe_w200,2025-12-09T18:34:20,predict_next_joint,0.0,-200.0,200.0,0.0
2025-12-09,609,609,6,0,9,0.0,RandomForestClassifier,safe_w200,2025-12-09T18:34:20,predict_next_joint,0.0,-200.0,200.0,0.0
2025-12-09,640,640,6,4,0,0.0,RandomForestClassifier,safe_w200,2025-12-09T18:34:20,predict_next_joint,0.0,-200.0,200.0,0.0
2025-12-09,639,639,6,3,9,0.0,RandomForestClassifier,safe_w200,2025-12-09T18:34:20,predict_next_joint,0.0,-200.0,200.0,0.0
2025-12-09,638,638,6,3,8,0.0,RandomForestClassifier,safe_w200,2025-12-09T18:34:20,predict_next_joint,0.0,-200.0,200.0,0.0
2025-12-09,636,636,6,3,6,0.0,RandomForestClassifier,safe_w200,2025-12-09T18:34:20,predict_next_joint,0.0,-200.0,200.0,0.0
2025-12-09,635,635,6,3,5,0.0,RandomForestClassifier,safe_w200,2025-12-09T18:34:20,predict_next_joint,0.0,-200.0,200.0,0.0
2025-12-09,634,634,6,3,4,0.0,RandomForestClassifier,safe_w200,2025-12-09T18:34:20,predict_next_joint,0.0,-200.0,200.0,0.0
2025-12-09,633,633,6,3,3,0.0,RandomForestClassifier,safe_w200,2025-12-09T18:34:20,predict_next_joint,0.0,-200.0,200.0,0.0
2025-12-09,632,632,6,3,2,0.0,RandomForestClassifier,safe_w200,2025-12-09T18:34:20,predict_next_joint,0.0,-200.0,200.0,0.0
2025-12-09,630,630,6,3,0,0.0,RandomForestClassifier,safe_w200,2025-12-09T18:34:20,predict_next_joint,0.0,-200.0,200.0,0.0
2025-12-09,629,629,6,2,9,0.0,RandomForestClassifier,safe_w200,2025-12-09T18:34:20,predict_next_joint,0.0,-200.0,200.0,0.0
2025-12-09,628,628,6,2,8,0.0,RandomForestClassifier,safe_w200,2025-12-09T18:34:20,predict_next_joint,0.0,-200.0,200.0,0.0
2025-12-09,627,627,6,2,7,0.0,RandomForestClassifier,safe_w200,2025-12-09T18:34:20,predict_next_joint,0.0,-200.0,200.0,0.0
2025-12-09,626,626,6,2,6,0.0,RandomForestClassifier,safe_w200,2025-12-09T18:34:20,predict_next_joint,0.0,-200.0,200.0,0.0
2025-12-09,625,625,6,2,5,0.0,RandomForestClassifier,safe_w200,2025-12-09T18:34:20,predict_next_joint,0.0,-200.0,200.0,0.0
2025-12-09,656,656,6,5,6,0.0,RandomForestClassifier,safe_w200,2025-12-09T18:34:20,predict_next_joint,0.0,-200.0,200.0,0.0
2025-12-09,655,655,6,5,5,0.0,RandomForestClassifier,safe_w200,2025-12-09T18:34:20,predict_next_joint,0.0,-200.0,200.0,0.0
2025-12-09,654,654,6,5,4,0.0,RandomForestClassifier,safe_w200,2025-12-09T18:34:20,predict_next_joint,0.0,-200.0,200.0,0.0
2025-12-09,653,653,6,5,3,0.0,RandomForestClassifier,safe_w200,2025-12-09T18:34:20,predict_next_joint,0.0,-200.0,200.0,0.0
2025-12-09,651,651,6,5,1,0.0,RandomForestClassifier,safe_w200,2025-12-09T18:34:20,predict_next_joint,0.0,-200.0,200.0,0.0
2025-12-09,650,650,6,5,0,0.0,RandomForestClassifier,safe_w200,2025-12-09T18:34:20,predict_next_joint,0.0,-200.0,200.0,0.0
2025-12-09,649,649,6,4,9,0.0,RandomForestClassifier,safe_w200,2025-12-09T18:34:20,predict_next_joint,0.0,-200.0,200.0,0.0
2025-12-09,648,648,6,4,8,0.0,RandomForestClassifier,safe_w200,2025-12-09T18:34:20,predict_next_joint,0.0,-200.0,200.0,0.0
2025-12-09,647,647,6,4,7,0.0,RandomForestClassifier,safe_w200,2025-12-09T18:34:20,predict_next_joint,0.0,-200.0,200.0,0.0
2025-12-09,646,646,6,4,6,0.0,RandomForestClassifier,safe_w200,2025-12-09T18:34:20,predict_next_joint,0.0,-200.0,200.0,0.0
2025-12-09,645,645,6,4,5,0.0,RandomForestClassifier,safe_w200,2025-12-09T18:34:20,predict_next_joint,0.0,-200.0,200.0,0.0
2025-12-09,644,644,6,4,4,0.0,RandomForestClassifier,safe_w200,2025-12-09T18:34:20,predict_next_joint,0.0,-200.0,200.0,0.0
2025-12-09,643,643,6,4,3,0.0,RandomForestClassifier,safe_w200,2025-12-09T18:34:20,predict_next_joint,0.0,-200.0,200.0,0.0
2025-12-09,670,670,6,7,0,0.0,RandomForestClassifier,safe_w200,2025-12-09T18:34:20,predict_next_joint,0.0,-200.0,200.0,0.0
2025-12-09,669,669,6,6,9,0.0,RandomForestClassifier,safe_w200,2025-12-09T18:34:20,predict_next_joint,0.0,-200.0,200.0,0.0
2025-12-09,668,668,6,6,8,0.0,RandomForestClassifier,safe_w200,2025-12-09T18:34:20,predict_next_joint,0.0,-200.0,200.0,0.0
2025-12-09,667,667,6,6,7,0.0,RandomForestClassifier,safe_w200,2025-12-09T18:34:20,predict_next_joint,0.0,-200.0,200.0,0.0
2025-12-09,666,666,6,6,6,0.0,RandomForestClassifier,safe_w200,2025-12-09T18:34:20,predict_next_joint,0.0,-200.0,200.0,0.0
2025-12-09,665,665,6,6,5,0.0,RandomForestClassifier,safe_w200,2025-12-09T18:34:20,predict_next_joint,0.0,-200.0,200.0,0.0
2025-12-09,664,664,6,6,4,0.0,RandomForestClassifier,safe_w200,2025-12-09T18:34:20,predict_next_joint,0.0,-200.0,200.0,0.0
2025-12-09,663,663,6,6,3,0.0,RandomForestClassifier,safe_w200,2025-12-09T18:34:20,predict_next_joint,0.0,-200.0,200.0,0.0
2025-12-09,662,662,6,6,2,0.0,RandomForestClassifier,safe_w200,2025-12-09T18:34:20,predict_next_joint,0.0,-200.0,200.0,0.0
2025-12-09,661,661,6,6,1,0.0,RandomForestClassifier,safe_w200,2025-12-09T18:34:20,predict_next_joint,0.0,-200.0,200.0,0.0
2025-12-09,660,660,6,6,0,0.0,RandomForestClassifier,safe_w200,2025-12-09T18:34:20,predict_next_joint,0.0,-200.0,200.0,0.0
2025-12-09,659,659,6,5,9,0.0,RandomForestClassifier,safe_w200,2025-12-09T18:34:20,predict_next_joint,0.0,-200.0,200.0,0.0
2025-12-09,658,658,6,5,8,0.0,RandomForestClassifier,safe_w200,2025-12-09T18:34:20,predict_next_joint,0.0,-200.0,200.0,0.0
2025-12-09,080,80,0,8,0,0.0,RandomForestClassifier,safe_w200,2025-12-09T18:34:20,predict_next_joint,0.0,-200.0,200.0,0.0
2025-12-09,079,79,0,7,9,0.0,RandomForestClassifier,safe_w200,2025-12-09T18:34:20,predict_next_joint,0.0,-200.0,200.0,0.0
2025-12-09,078,78,0,7,8,0.0,RandomForestClassifier,safe_w200,2025-12-09T18:34:20,predict_next_joint,0.0,-200.0,200.0,0.0
2025-12-09,077,77,0,7,7,0.0,RandomForestClassifier,safe_w200,2025-12-09T18:34:20,predict_next_joint,0.0,-200.0,200.0,0.0
2025-12-09,076,76,0,7,6,0.0,RandomForestClassifier,safe_w200,2025-12-09T18:34:20,predict_next_joint,0.0,-200.0,200.0,0.0
2025-12-09,074,74,0,7,4,0.0,RandomForestClassifier,safe_w200,2025-12-09T18:34:20,predict_next_joint,0.0,-200.0,200.0,0.0
2025-12-09,073,73,0,7,3,0.0,RandomForestClassifier,safe_w200,2025-12-09T18:34:20,predict_next_joint,0.0,-200.0,200.0,0.0
2025-12-09,071,71,0,7,1,0.0,RandomForestClassifier,safe_w200,2025-12-09T18:34:20,predict_next_joint,0.0,-200.0,200.0,0.0
2025-12-09,070,70,0,7,0,0.0,RandomForestClassifier,safe_w200,2025-12-09T18:34:20,predict_next_joint,0.0,-200.0,200.0,0.0
2025-12-09,067,67,0,6,7,0.0,RandomForestClassifier,safe_w200,2025-12-09T18:34:20,predict_next_joint,0.0,-200.0,200.0,0.0
2025-12-09,066,66,0,6,6,0.0,RandomForestClassifier,safe_w200,2025-12-09T18:34:20,predict_next_joint,0.0,-200.0,200.0,0.0
2025-12-09,065,65,0,6,5,0.0,RandomForestClassifier,safe_w200,2025-12-09T18:34:20,predict_next_joint,0.0,-200.0,200.0,0.0
2025-12-09,688,688,6,8,8,0.0,RandomForestClassifier,safe_w200,2025-12-09T18:34:20,predict_next_joint,0.0,-200.0,200.0,0.0
2025-12-09,687,687,6,8,7,0.0,RandomForestClassifier,safe_w200,2025-12-09T18:34:20,predict_next_joint,0.0,-200.0,200.0,0.0
2025-12-09,686,686,6,8,6,0.0,RandomForestClassifier,safe_w200,2025-12-09T18:34:20,predict_next_joint,0.0,-200.0,200.0,0.0
2025-12-09,685,685,6,8,5,0.0,RandomForestClassifier,safe_w200,2025-12-09T18:34:20,predict_next_joint,0.0,-200.0,200.0,0.0
2025-12-09,684,684,6,8,4,0.0,RandomForestClassifier,safe_w200,2025-12-09T18:34:20,predict_next_joint,0.0,-200.0,200.0,0.0
2025-12-09,683,683,6,8,3,0.0,RandomForestClassifier,safe_w200,2025-12-09T18:34:20,predict_next_joint,0.0,-200.0,200.0,0.0
2025-12-09,682,682,6,8,2,0.0,RandomForestClassifier,safe_w200,2025-12-09T18:34:20,predict_next_joint,0.0,-200.0,200.0,0.0
2025-12-09,681,681,6,8,1,0.0,RandomForestClassifier,safe_w200,2025-12-09T18:34:20,predict_next_joint,0.0,-200.0,200.0,0.0
2025-12-09,680,680,6,8,0,0.0,RandomForestClassifier,safe_w200,2025-12-09T18:34:20,predict_next_joint,0.0,-200.0,200.0,0.0
2025-12-09,679,679,6,7,9,0.0,RandomForestClassifier,safe_w200,2025-12-09T18:34:20,predict_next_joint,0.0,-200.0,200.0,0.0
2025-12-09,678,678,6,7,8,0.0,RandomForestClassifier,safe_w200,2025-12-09T18:34:20,predict_next_joint,0.0,-200.0,200.0,0.0
2025-12-09,677,677,6,7,7,0.0,RandomForestClassifier,safe_w200,2025-12-09T18:34:20,predict_next_joint,0.0,-200.0,200.0,0.0
2025-12-09,676,676,6,7,6,0.0,RandomForestClassifier,safe_w200,2025-12-09T18:34:20,predict_next_joint,0.0,-200.0,200.0,0.0
2025-12-09,673,673,6,7,3,0.0,RandomForestClassifier,safe_w200,2025-12-09T18:34:20,predict_next_joint,0.0,-200.0,200.0,0.0
2025-12-09,703,703,7,0,3,0.0,RandomForestClassifier,safe_w200,2025-12-09T18:34:20,predict_next_joint,0.0,-200.0,200.0,0.0
2025-12-09,702,702,7,0,2,0.0,RandomForestClassifier,safe_w200,2025-12-09T18:34:20,predict_next_joint,0.0,-200.0,200.0,0.0
2025-12-09,701,701,7,0,1,0.0,RandomForestClassifier,safe_w200,2025-12-09T18:34:20,predict_next_joint,0.0,-200.0,200.0,0.0
2025-12-09,700,700,7,0,0,0.0,RandomForestClassifier,safe_w200,2025-12-09T18:34:20,predict_next_joint,0.0,-200.0,200.0,0.0
2025-12-09,699,699,6,9,9,0.0,RandomForestClassifier,safe_w200,2025-12-09T18:34:20,predict_next_joint,0.0,-200.0,200.0,0.0
2025-12-09,698,698,6,9,8,0.0,RandomForestClassifier,safe_w200,2025-12-09T18:34:20,predict_next_joint,0.0,-200.0,200.0,0.0
2025-12-09,697,697,6,9,7,0.0,RandomForestClassifier,safe_w200,2025-12-09T18:34:20,predict_next_joint,0.0,-200.0,200.0,0.0
2025-12-09,696,696,6,9,6,0.0,RandomForestClassifier,safe_w200,2025-12-09T18:34:20,predict_next_joint,0.0,-200.0,200.0,0.0
2025-12-09,695,695,6,9,5,0.0,RandomForestClassifier,safe_w200,2025-12-09T18:34:20,predict_next_joint,0.0,-200.0,200.0,0.0
2025-12-09,694,694,6,9,4,0.0,RandomForestClassifier,safe_w200,2025-12-09T18:34:20,predict_next_joint,0.0,-200.0,200.0,0.0
2025-12-09,693,693,6,9,3,0.0,RandomForestClassifier,safe_w200,2025-12-09T18:34:20,predict_next_joint,0.0,-200.0,200.0,0.0
2025-12-09,691,691,6,9,1,0.0,RandomForestClassifier,safe_w200,2025-12-09T18:34:20,predict_next_joint,0.0,-200.0,200.0,0.0
2025-12-09,690,690,6,9,0,0.0,RandomForestClassifier,safe_w200,2025-12-09T18:34:20,predict_next_joint,0.0,-200.0,200.0,0.0
2025-12-09,689,689,6,8,9,0.0,RandomForestClassifier,safe_w200,2025-12-09T18:34:20,predict_next_joint,0.0,-200.0,200.0,0.0
2025-12-09,719,719,7,1,9,0.0,RandomForestClassifier,safe_w200,2025-12-09T18:34:20,predict_next_joint,0.0,-200.0,200.0,0.0
2025-12-09,717,717,7,1,7,0.0,RandomForestClassifier,safe_w200,2025-12-09T18:34:20,predict_next_joint,0.0,-200.0,200.0,0.0
2025-12-09,716,716,7,1,6,0.0,RandomForestClassifier,safe_w200,2025-12-09T18:34:20,predict_next_joint,0.0,-200.0,200.0,0.0
2025-12-09,715,715,7,1,5,0.0,RandomForestClassifier,safe_w200,2025-12-09T18:34:20,predict_next_joint,0.0,-200.0,200.0,0.0
2025-12-09,714,714,7,1,4,0.0,RandomForestClassifier,safe_w200,2025-12-09T18:34:20,predict_next_joint,0.0,-200.0,200.0,0.0
2025-12-09,713,713,7,1,3,0.0,RandomForestClassifier,safe_w200,2025-12-09T18:34:20,predict_next_joint,0.0,-200.0,200.0,0.0
2025-12-09,712,712,7,1,2,0.0,RandomForestClassifier,safe_w200,2025-12-09T18:34:20,predict_next_joint,0.0,-200.0,200.0,0.0
2025-12-09,711,711,7,1,1,0.0,RandomForestClassifier,safe_w200,2025-12-09T18:34:20,predict_next_joint,0.0,-200.0,200.0,0.0
2025-12-09,710,710,7,1,0,0.0,RandomForestClassifier,safe_w200,2025-12-09T18:34:20,predict_next_joint,0.0,-200.0,200.0,0.0
2025-12-09,709,709,7,0,9,0.0,RandomForestClassifier,safe_w200,2025-12-09T18:34:20,predict_next_joint,0.0,-200.0,200.0,0.0
2025-12-09,707,707,7,0,7,0.0,RandomForestClassifier,safe_w200,2025-12-09T18:34:20,predict_next_joint,0.0,-200.0,200.0,0.0
2025-12-09,706,706,7,0,6,0.0,RandomForestClassifier,safe_w200,2025-12-09T18:34:20,predict_next_joint,0.0,-200.0,200.0,0.0
2025-12-09,705,705,7,0,5,0.0,RandomForestClassifier,safe_w200,2025-12-09T18:34:20,predict_next_joint,0.0,-200.0,200.0,0.0
2025-12-09,736,736,7,3,6,0.0,RandomForestClassifier,safe_w200,2025-12-09T18:34:20,predict_next_joint,0.0,-200.0,200.0,0.0
2025-12-09,735,735,7,3,5,0.0,RandomForestClassifier,safe_w200,2025-12-09T18:34:20,predict_next_joint,0.0,-200.0,200.0,0.0
2025-12-09,733,733,7,3,3,0.0,RandomForestClassifier,safe_w200,2025-12-09T18:34:20,predict_next_joint,0.0,-200.0,200.0,0.0
2025-12-09,732,732,7,3,2,0.0,RandomForestClassifier,safe_w200,2025-12-09T18:34:20,predict_next_joint,0.0,-200.0,200.0,0.0
2025-12-09,731,731,7,3,1,0.0,RandomForestClassifier,safe_w200,2025-12-09T18:34:20,predict_next_joint,0.0,-200.0,200.0,0.0
2025-12-09,730,730,7,3,0,0.0,RandomForestClassifier,safe_w200,2025-12-09T18:34:20,predict_next_joint,0.0,-200.0,200.0,0.0
2025-12-09,728,728,7,2,8,0.0,RandomForestClassifier,safe_w200,2025-12-09T18:34:20,predict_next_joint,0.0,-200.0,200.0,0.0
2025-12-09,727,727,7,2,7,0.0,RandomForestClassifier,safe_w200,2025-12-09T18:34:20,predict_next_joint,0.0,-200.0,200.0,0.0
2025-12-09,726,726,7,2,6,0.0,RandomForestClassifier,safe_w200,2025-12-09T18:34:20,predict_next_joint,0.0,-200.0,200.0,0.0
2025-12-09,725,725,7,2,5,0.0,RandomForestClassifier,safe_w200,2025-12-09T18:34:20,predict_next_joint,0.0,-200.0,200.0,0.0
2025-12-09,724,724,7,2,4,0.0,RandomForestClassifier,safe_w200,2025-12-09T18:34:20,predict_next_joint,0.0,-200.0,200.0,0.0
2025-12-09,723,723,7,2,3,0.0,RandomForestClassifier,safe_w200,2025-12-09T18:34:20,predict_next_joint,0.0,-200.0,200.0,0.0
2025-12-09,722,722,7,2,2,0.0,RandomForestClassifier,safe_w200,2025-12-09T18:34:20,predict_next_joint,0.0,-200.0,200.0,0.0
2025-12-09,721,721,7,2,1,0.0,RandomForestClassifier,safe_w200,2025-12-09T18:34:20,predict_next_joint,0.0,-200.0,200.0,0.0
2025-12-09,751,751,7,5,1,0.0,RandomForestClassifier,safe_w200,2025-12-09T18:34:20,predict_next_joint,0.0,-200.0,200.0,0.0
2025-12-09,750,750,7,5,0,0.0,RandomForestClassifier,safe_w200,2025-12-09T18:34:20,predict_next_joint,0.0,-200.0,200.0,0.0
2025-12-09,749,749,7,4,9,0.0,RandomForestClassifier,safe_w200,2025-12-09T18:34:20,predict_next_joint,0.0,-200.0,200.0,0.0
2025-12-09,748,748,7,4,8,0.0,RandomForestClassifier,safe_w200,2025-12-09T18:34:20,predict_next_joint,0.0,-200.0,200.0,0.0
2025-12-09,747,747,7,4,7,0.0,RandomForestClassifier,safe_w200,2025-12-09T18:34:20,predict_next_joint,0.0,-200.0,200.0,0.0
2025-12-09,744,744,7,4,4,0.0,RandomForestClassifier,safe_w200,2025-12-09T18:34:20,predict_next_joint,0.0,-200.0,200.0,0.0
2025-12-09,743,743,7,4,3,0.0,RandomForestClassifier,safe_w200,2025-12-09T18:34:20,predict_next_joint,0.0,-200.0,200.0,0.0
2025-12-09,742,742,7,4,2,0.0,RandomForestClassifier,safe_w200,2025-12-09T18:34:20,predict_next_joint,0.0,-200.0,200.0,0.0
2025-12-09,740,740,7,4,0,0.0,RandomForestClassifier,safe_w200,2025-12-09T18:34:20,predict_next_joint,0.0,-200.0,200.0,0.0
2025-12-09,739,739,7,3,9,0.0,RandomForestClassifier,safe_w200,2025-12-09T18:34:20,predict_next_joint,0.0,-200.0,200.0,0.0
2025-12-09,738,738,7,3,8,0.0,RandomForestClassifier,safe_w200,2025-12-09T18:34:20,predict_next_joint,0.0,-200.0,200.0,0.0
2025-12-09,737,737,7,3,7,0.0,RandomForestClassifier,safe_w200,2025-12-09T18:34:20,predict_next_joint,0.0,-200.0,200.0,0.0
2025-12-09,062,62,0,6,2,0.0,RandomForestClassifier,safe_w200,2025-12-09T18:34:20,predict_next_joint,0.0,-200.0,200.0,0.0
2025-12-09,061,61,0,6,1,0.0,RandomForestClassifier,safe_w200,2025-12-09T18:34:20,predict_next_joint,0.0,-200.0,200.0,0.0
2025-12-09,060,60,0,6,0,0.0,RandomForestClassifier,safe_w200,2025-12-09T18:34:20,predict_next_joint,0.0,-200.0,200.0,0.0
2025-12-09,059,59,0,5,9,0.0,RandomForestClassifier,safe_w200,2025-12-09T18:34:20,predict_next_joint,0.0,-200.0,200.0,0.0
2025-12-09,058,58,0,5,8,0.0,RandomForestClassifier,safe_w200,2025-12-09T18:34:20,predict_next_joint,0.0,-200.0,200.0,0.0
2025-12-09,057,57,0,5,7,0.0,RandomForestClassifier,safe_w200,2025-12-09T18:34:20,predict_next_joint,0.0,-200.0,200.0,0.0
2025-12-09,056,56,0,5,6,0.0,RandomForestClassifier,safe_w200,2025-12-09T18:34:20,predict_next_joint,0.0,-200.0,200.0,0.0
2025-12-09,055,55,0,5,5,0.0,RandomForestClassifier,safe_w200,2025-12-09T18:34:20,predict_next_joint,0.0,-200.0,200.0,0.0
2025-12-09,054,54,0,5,4,0.0,RandomForestClassifier,safe_w200,2025-12-09T18:34:20,predict_next_joint,0.0,-200.0,200.0,0.0
2025-12-09,053,53,0,5,3,0.0,RandomForestClassifier,safe_w200,2025-12-09T18:34:20,predict_next_joint,0.0,-200.0,200.0,0.0
2025-12-09,052,52,0,5,2,0.0,RandomForestClassifier,safe_w200,2025-12-09T18:34:20,predict_next_joint,0.0,-200.0,200.0,0.0
2025-12-09,051,51,0,5,1,0.0,RandomForestClassifier,safe_w200,2025-12-09T18:34:20,predict_next_joint,0.0,-200.0,200.0,0.0
2025-12-09,050,50,0,5,0,0.0,RandomForestClassifier,safe_w200,2025-12-09T18:34:20,predict_next_joint,0.0,-200.0,200.0,0.0
2025-12-09,768,768,7,6,8,0.0,RandomForestClassifier,safe_w200,2025-12-09T18:34:20,predict_next_joint,0.0,-200.0,200.0,0.0
2025-12-09,767,767,7,6,7,0.0,RandomForestClassifier,safe_w200,2025-12-09T18:34:20,predict_next_joint,0.0,-200.0,200.0,0.0
2025-12-09,766,766,7,6,6,0.0,RandomForestClassifier,safe_w200,2025-12-09T18:34:20,predict_next_joint,0.0,-200.0,200.0,0.0
2025-12-09,765,765,7,6,5,0.0,RandomForestClassifier,safe_w200,2025-12-09T18:34:20,predict_next_joint,0.0,-200.0,200.0,0.0
2025-12-09,764,764,7,6,4,0.0,RandomForestClassifier,safe_w200,2025-12-09T18:34:20,predict_next_joint,0.0,-200.0,200.0,0.0
2025-12-09,763,763,7,6,3,0.0,RandomForestClassifier,safe_w200,2025-12-09T18:34:20,predict_next_joint,0.0,-200.0,200.0,0.0
2025-12-09,762,762,7,6,2,0.0,RandomForestClassifier,safe_w200,2025-12-09T18:34:20,predict_next_joint,0.0,-200.0,200.0,0.0
2025-12-09,761,761,7,6,1,0.0,RandomForestClassifier,safe_w200,2025-12-09T18:34:20,predict_next_joint,0.0,-200.0,200.0,0.0
2025-12-09,760,760,7,6,0,0.0,RandomForestClassifier,safe_w200,2025-12-09T18:34:20,predict_next_joint,0.0,-200.0,200.0,0.0
2025-12-09,759,759,7,5,9,0.0,RandomForestClassifier,safe_w200,2025-12-09T18:34:20,predict_next_joint,0.0,-200.0,200.0,0.0
2025-12-09,757,757,7,5,7,0.0,RandomForestClassifier,safe_w200,2025-12-09T18:34:20,predict_next_joint,0.0,-200.0,200.0,0.0
2025-12-09,756,756,7,5,6,0.0,RandomForestClassifier,safe_w200,2025-12-09T18:34:20,predict_next_joint,0.0,-200.0,200.0,0.0
2025-12-09,755,755,7,5,5,0.0,RandomForestClassifier,safe_w200,2025-12-09T18:34:20,predict_next_joint,0.0,-200.0,200.0,0.0
2025-12-09,754,754,7,5,4,0.0,RandomForestClassifier,safe_w200,2025-12-09T18:34:20,predict_next_joint,0.0,-200.0,200.0,0.0
2025-12-09,753,753,7,5,3,0.0,RandomForestClassifier,safe_w200,2025-12-09T18:34:20,predict_next_joint,0.0,-200.0,200.0,0.0
2025-12-09,784,784,7,8,4,0.0,RandomForestClassifier,safe_w200,2025-12-09T18:34:20,predict_next_joint,0.0,-200.0,200.0,0.0
2025-12-09,783,783,7,8,3,0.0,RandomForestClassifier,safe_w200,2025-12-09T18:34:20,predict_next_joint,0.0,-200.0,200.0,0.0
2025-12-09,782,782,7,8,2,0.0,RandomForestClassifier,safe_w200,2025-12-09T18:34:20,predict_next_joint,0.0,-200.0,200.0,0.0
2025-12-09,781,781,7,8,1,0.0,RandomForestClassifier,safe_w200,2025-12-09T18:34:20,predict_next_joint,0.0,-200.0,200.0,0.0
2025-12-09,780,780,7,8,0,0.0,RandomForestClassifier,safe_w200,2025-12-09T18:34:20,predict_next_joint,0.0,-200.0,200.0,0.0
2025-12-09,779,779,7,7,9,0.0,RandomForestClassifier,safe_w200,2025-12-09T18:34:20,predict_next_joint,0.0,-200.0,200.0,0.0
2025-12-09,778,778,7,7,8,0.0,RandomForestClassifier,safe_w200,2025-12-09T18:34:20,predict_next_joint,0.0,-200.0,200.0,0.0
2025-12-09,777,777,7,7,7,0.0,RandomForestClassifier,safe_w200,2025-12-09T18:34:20,predict_next_joint,0.0,-200.0,200.0,0.0
2025-12-09,776,776,7,7,6,0.0,RandomForestClassifier,safe_w200,2025-12-09T18:34:20,predict_next_joint,0.0,-200.0,200.0,0.0
2025-12-09,775,775,7,7,5,0.0,RandomForestClassifier,safe_w200,2025-12-09T18:34:20,predict_next_joint,0.0,-200.0,200.0,0.0
2025-12-09,774,774,7,7,4,0.0,RandomForestClassifier,safe_w200,2025-12-09T18:34:20,predict_next_joint,0.0,-200.0,200.0,0.0
2025-12-09,773,773,7,7,3,0.0,RandomForestClassifier,safe_w200,2025-12-09T18:34:20,predict_next_joint,0.0,-200.0,200.0,0.0
2025-12-09,772,772,7,7,2,0.0,RandomForestClassifier,safe_w200,2025-12-09T18:34:20,predict_next_joint,0.0,-200.0,200.0,0.0
2025-12-09,771,771,7,7,1,0.0,RandomForestClassifier,safe_w200,2025-12-09T18:34:20,predict_next_joint,0.0,-200.0,200.0,0.0
2025-12-09,770,770,7,7,0,0.0,RandomForestClassifier,safe_w200,2025-12-09T18:34:20,predict_next_joint,0.0,-200.0,200.0,0.0
2025-12-09,769,769,7,6,9,0.0,RandomForestClassifier,safe_w200,2025-12-09T18:34:20,predict_next_joint,0.0,-200.0,200.0,0.0
2025-12-09,800,800,8,0,0,0.0,RandomForestClassifier,safe_w200,2025-12-09T18:34:20,predict_next_joint,0.0,-200.0,200.0,0.0
2025-12-09,799,799,7,9,9,0.0,RandomForestClassifier,safe_w200,2025-12-09T18:34:20,predict_next_joint,0.0,-200.0,200.0,0.0
2025-12-09,798,798,7,9,8,0.0,RandomForestClassifier,safe_w200,2025-12-09T18:34:20,predict_next_joint,0.0,-200.0,200.0,0.0
2025-12-09,797,797,7,9,7,0.0,RandomForestClassifier,safe_w200,2025-12-09T18:34:20,predict_next_joint,0.0,-200.0,200.0,0.0
2025-12-09,795,795,7,9,5,0.0,RandomForestClassifier,safe_w200,2025-12-09T18:34:20,predict_next_joint,0.0,-200.0,200.0,0.0
2025-12-09,794,794,7,9,4,0.0,RandomForestClassifier,safe_w200,2025-12-09T18:34:20,predict_next_joint,0.0,-200.0,200.0,0.0
2025-12-09,793,793,7,9,3,0.0,RandomForestClassifier,safe_w200,2025-12-09T18:34:20,predict_next_joint,0.0,-200.0,200.0,0.0
2025-12-09,792,792,7,9,2,0.0,RandomForestClassifier,safe_w200,2025-12-09T18:34:20,predict_next_joint,0.0,-200.0,200.0,0.0
2025-12-09,791,791,7,9,1,0.0,RandomForestClassifier,safe_w200,2025-12-09T18:34:20,predict_next_joint,0.0,-200.0,200.0,0.0
2025-12-09,790,790,7,9,0,0.0,RandomForestClassifier,safe_w200,2025-12-09T18:34:20,predict_next_joint,0.0,-200.0,200.0,0.0
2025-12-09,788,788,7,8,8,0.0,RandomForestClassifier,safe_w200,2025-12-09T18:34:20,predict_next_joint,0.0,-200.0,200.0,0.0
2025-12-09,787,787,7,8,7,0.0,RandomForestClassifier,safe_w200,2025-12-09T18:34:20,predict_next_joint,0.0,-200.0,200.0,0.0
2025-12-09,786,786,7,8,6,0.0,RandomForestClassifier,safe_w200,2025-12-09T18:34:20,predict_next_joint,0.0,-200.0,200.0,0.0
2025-12-09,816,816,8,1,6,0.0,RandomForestClassifier,safe_w200,2025-12-09T18:34:20,predict_next_joint,0.0,-200.0,200.0,0.0
2025-12-09,815,815,8,1,5,0.0,RandomForestClassifier,safe_w200,2025-12-09T18:34:20,predict_next_joint,0.0,-200.0,200.0,0.0
2025-12-09,814,814,8,1,4,0.0,RandomForestClassifier,safe_w200,2025-12-09T18:34:20,predict_next_joint,0.0,-200.0,200.0,0.0
2025-12-09,813,813,8,1,3,0.0,RandomForestClassifier,safe_w200,2025-12-09T18:34:20,predict_next_joint,0.0,-200.0,200.0,0.0
2025-12-09,812,812,8,1,2,0.0,RandomForestClassifier,safe_w200,2025-12-09T18:34:20,predict_next_joint,0.0,-200.0,200.0,0.0
2025-12-09,811,811,8,1,1,0.0,RandomForestClassifier,safe_w200,2025-12-09T18:34:20,predict_next_joint,0.0,-200.0,200.0,0.0
2025-12-09,810,810,8,1,0,0.0,RandomForestClassifier,safe_w200,2025-12-09T18:34:20,predict_next_joint,0.0,-200.0,200.0,0.0
2025-12-09,808,808,8,0,8,0.0,RandomForestClassifier,safe_w200,2025-12-09T18:34:20,predict_next_joint,0.0,-200.0,200.0,0.0
2025-12-09,807,807,8,0,7,0.0,RandomForestClassifier,safe_w200,2025-12-09T18:34:20,predict_next_joint,0.0,-200.0,200.0,0.0
2025-12-09,804,804,8,0,4,0.0,RandomForestClassifier,safe_w200,2025-12-09T18:34:20,predict_next_joint,0.0,-200.0,200.0,0.0
2025-12-09,803,803,8,0,3,0.0,RandomForestClassifier,safe_w200,2025-12-09T18:34:20,predict_next_joint,0.0,-200.0,200.0,0.0
2025-12-09,802,802,8,0,2,0.0,RandomForestClassifier,safe_w200,2025-12-09T18:34:20,predict_next_joint,0.0,-200.0,200.0,0.0
2025-12-09,801,801,8,0,1,0.0,RandomForestClassifier,safe_w200,2025-12-09T18:34:20,predict_next_joint,0.0,-200.0,200.0,0.0
2025-12-09,832,832,8,3,2,0.0,RandomForestClassifier,safe_w200,2025-12-09T18:34:20,predict_next_joint,0.0,-200.0,200.0,0.0
2025-12-09,830,830,8,3,0,0.0,RandomForestClassifier,safe_w200,2025-12-09T18:34:20,predict_next_joint,0.0,-200.0,200.0,0.0
2025-12-09,829,829,8,2,9,0.0,RandomForestClassifier,safe_w200,2025-12-09T18:34:20,predict_next_joint,0.0,-200.0,200.0,0.0
2025-12-09,828,828,8,2,8,0.0,RandomForestClassifier,safe_w200,2025-12-09T18:34:20,predict_next_joint,0.0,-200.0,200.0,0.0
2025-12-09,826,826,8,2,6,0.0,RandomForestClassifier,safe_w200,2025-12-09T18:34:20,predict_next_joint,0.0,-200.0,200.0,0.0
2025-12-09,825,825,8,2,5,0.0,RandomForestClassifier,safe_w200,2025-12-09T18:34:20,predict_next_joint,0.0,-200.0,200.0,0.0
2025-12-09,824,824,8,2,4,0.0,RandomForestClassifier,safe_w200,2025-12-09T18:34:20,predict_next_joint,0.0,-200.0,200.0,0.0
2025-12-09,823,823,8,2,3,0.0,RandomForestClassifier,safe_w200,2025-12-09T18:34:20,predict_next_joint,0.0,-200.0,200.0,0.0
2025-12-09,822,822,8,2,2,0.0,RandomForestClassifier,safe_w200,2025-12-09T18:34:20,predict_next_joint,0.0,-200.0,200.0,0.0
2025-12-09,821,821,8,2,1,0.0,RandomForestClassifier,safe_w200,2025-12-09T18:34:20,predict_next_joint,0.0,-200.0,200.0,0.0
2025-12-09,820,820,8,2,0,0.0,RandomForestClassifier,safe_w200,2025-12-09T18:34:20,predict_next_joint,0.0,-200.0,200.0,0.0
2025-12-09,819,819,8,1,9,0.0,RandomForestClassifier,safe_w200,2025-12-09T18:34:20,predict_next_joint,0.0,-200.0,200.0,0.0
2025-12-09,818,818,8,1,8,0.0,RandomForestClassifier,safe_w200,2025-12-09T18:34:20,predict_next_joint,0.0,-200.0,200.0,0.0
2025-12-09,817,817,8,1,7,0.0,RandomForestClassifier,safe_w200,2025-12-09T18:34:20,predict_next_joint,0.0,-200.0,200.0,0.0
2025-12-09,848,848,8,4,8,0.0,RandomForestClassifier,safe_w200,2025-12-09T18:34:20,predict_next_joint,0.0,-200.0,200.0,0.0
2025-12-09,846,846,8,4,6,0.0,RandomForestClassifier,safe_w200,2025-12-09T18:34:20,predict_next_joint,0.0,-200.0,200.0,0.0
2025-12-09,845,845,8,4,5,0.0,RandomForestClassifier,safe_w200,2025-12-09T18:34:20,predict_next_joint,0.0,-200.0,200.0,0.0
2025-12-09,844,844,8,4,4,0.0,RandomForestClassifier,safe_w200,2025-12-09T18:34:20,predict_next_joint,0.0,-200.0,200.0,0.0
2025-12-09,843,843,8,4,3,0.0,RandomForestClassifier,safe_w200,2025-12-09T18:34:20,predict_next_joint,0.0,-200.0,200.0,0.0
2025-12-09,842,842,8,4,2,0.0,RandomForestClassifier,safe_w200,2025-12-09T18:34:20,predict_next_joint,0.0,-200.0,200.0,0.0
2025-12-09,840,840,8,4,0,0.0,RandomForestClassifier,safe_w200,2025-12-09T18:34:20,predict_next_joint,0.0,-200.0,200.0,0.0
2025-12-09,839,839,8,3,9,0.0,RandomForestClassifier,safe_w200,2025-12-09T18:34:20,predict_next_joint,0.0,-200.0,200.0,0.0
2025-12-09,838,838,8,3,8,0.0,RandomForestClassifier,safe_w200,2025-12-09T18:34:20,predict_next_joint,0.0,-200.0,200.0,0.0
2025-12-09,837,837,8,3,7,0.0,RandomForestClassifier,safe_w200,2025-12-09T18:34:20,predict_next_joint,0.0,-200.0,200.0,0.0
2025-12-09,836,836,8,3,6,0.0,RandomForestClassifier,safe_w200,2025-12-09T18:34:20,predict_next_joint,0.0,-200.0,200.0,0.0
2025-12-09,835,835,8,3,5,0.0,RandomForestClassifier,safe_w200,2025-12-09T18:34:20,predict_next_joint,0.0,-200.0,200.0,0.0
2025-12-09,834,834,8,3,4,0.0,RandomForestClassifier,safe_w200,2025-12-09T18:34:20,predict_next_joint,0.0,-200.0,200.0,0.0
2025-12-09,833,833,8,3,3,0.0,RandomForestClassifier,safe_w200,2025-12-09T18:34:20,predict_next_joint,0.0,-200.0,200.0,0.0
2025-12-09,864,864,8,6,4,0.0,RandomForestClassifier,safe_w200,2025-12-09T18:34:20,predict_next_joint,0.0,-200.0,200.0,0.0
2025-12-09,863,863,8,6,3,0.0,RandomForestClassifier,safe_w200,2025-12-09T18:34:20,predict_next_joint,0.0,-200.0,200.0,0.0
2025-12-09,862,862,8,6,2,0.0,RandomForestClassifier,safe_w200,2025-12-09T18:34:20,predict_next_joint,0.0,-200.0,200.0,0.0
2025-12-09,861,861,8,6,1,0.0,RandomForestClassifier,safe_w200,2025-12-09T18:34:20,predict_next_joint,0.0,-200.0,200.0,0.0
2025-12-09,860,860,8,6,0,0.0,RandomForestClassifier,safe_w200,2025-12-09T18:34:20,predict_next_joint,0.0,-200.0,200.0,0.0
2025-12-09,859,859,8,5,9,0.0,RandomForestClassifier,safe_w200,2025-12-09T18:34:20,predict_next_joint,0.0,-200.0,200.0,0.0
2025-12-09,858,858,8,5,8,0.0,RandomForestClassifier,safe_w200,2025-12-09T18:34:20,predict_next_joint,0.0,-200.0,200.0,0.0
2025-12-09,857,857,8,5,7,0.0,RandomForestClassifier,safe_w200,2025-12-09T18:34:20,predict_next_joint,0.0,-200.0,200.0,0.0
2025-12-09,855,855,8,5,5,0.0,RandomForestClassifier,safe_w200,2025-12-09T18:34:20,predict_next_joint,0.0,-200.0,200.0,0.0
2025-12-09,854,854,8,5,4,0.0,RandomForestClassifier,safe_w200,2025-12-09T18:34:20,predict_next_joint,0.0,-200.0,200.0,0.0
2025-12-09,853,853,8,5,3,0.0,RandomForestClassifier,safe_w200,2025-12-09T18:34:20,predict_next_joint,0.0,-200.0,200.0,0.0
2025-12-09,852,852,8,5,2,0.0,RandomForestClassifier,safe_w200,2025-12-09T18:34:20,predict_next_joint,0.0,-200.0,200.0,0.0
2025-12-09,851,851,8,5,1,0.0,RandomForestClassifier,safe_w200,2025-12-09T18:34:20,predict_next_joint,0.0,-200.0,200.0,0.0
2025-12-09,850,850,8,5,0,0.0,RandomForestClassifier,safe_w200,2025-12-09T18:34:20,predict_next_joint,0.0,-200.0,200.0,0.0
2025-12-09,849,849,8,4,9,0.0,RandomForestClassifier,safe_w200,2025-12-09T18:34:20,predict_next_joint,0.0,-200.0,200.0,0.0
2025-12-09,048,48,0,4,8,0.0,RandomForestClassifier,safe_w200,2025-12-09T18:34:20,predict_next_joint,0.0,-200.0,200.0,0.0
2025-12-09,047,47,0,4,7,0.0,RandomForestClassifier,safe_w200,2025-12-09T18:34:20,predict_next_joint,0.0,-200.0,200.0,0.0
2025-12-09,046,46,0,4,6,0.0,RandomForestClassifier,safe_w200,2025-12-09T18:34:20,predict_next_joint,0.0,-200.0,200.0,0.0
2025-12-09,045,45,0,4,5,0.0,RandomForestClassifier,safe_w200,2025-12-09T18:34:20,predict_next_joint,0.0,-200.0,200.0,0.0
2025-12-09,044,44,0,4,4,0.0,RandomForestClassifier,safe_w200,2025-12-09T18:34:20,predict_next_joint,0.0,-200.0,200.0,0.0
2025-12-09,043,43,0,4,3,0.0,RandomForestClassifier,safe_w200,2025-12-09T18:34:20,predict_next_joint,0.0,-200.0,200.0,0.0
2025-12-09,040,40,0,4,0,0.0,RandomForestClassifier,safe_w200,2025-12-09T18:34:20,predict_next_joint,0.0,-200.0,200.0,0.0
2025-12-09,039,39,0,3,9,0.0,RandomForestClassifier,safe_w200,2025-12-09T18:34:20,predict_next_joint,0.0,-200.0,200.0,0.0
2025-12-09,037,37,0,3,7,0.0,RandomForestClassifier,safe_w200,2025-12-09T18:34:20,predict_next_joint,0.0,-200.0,200.0,0.0
2025-12-09,036,36,0,3,6,0.0,RandomForestClassifier,safe_w200,2025-12-09T18:34:20,predict_next_joint,0.0,-200.0,200.0,0.0
2025-12-09,034,34,0,3,4,0.0,RandomForestClassifier,safe_w200,2025-12-09T18:34:20,predict_next_joint,0.0,-200.0,200.0,0.0
2025-12-09,033,33,0,3,3,0.0,RandomForestClassifier,safe_w200,2025-12-09T18:34:20,predict_next_joint,0.0,-200.0,200.0,0.0
2025-12-09,880,880,8,8,0,0.0,RandomForestClassifier,safe_w200,2025-12-09T18:34:20,predict_next_joint,0.0,-200.0,200.0,0.0
2025-12-09,879,879,8,7,9,0.0,RandomForestClassifier,safe_w200,2025-12-09T18:34:20,predict_next_joint,0.0,-200.0,200.0,0.0
2025-12-09,878,878,8,7,8,0.0,RandomForestClassifier,safe_w200,2025-12-09T18:34:20,predict_next_joint,0.0,-200.0,200.0,0.0
2025-12-09,877,877,8,7,7,0.0,RandomForestClassifier,safe_w200,2025-12-09T18:34:20,predict_next_joint,0.0,-200.0,200.0,0.0
2025-12-09,876,876,8,7,6,0.0,RandomForestClassifier,safe_w200,2025-12-09T18:34:20,predict_next_joint,0.0,-200.0,200.0,0.0
2025-12-09,875,875,8,7,5,0.0,RandomForestClassifier,safe_w200,2025-12-09T18:34:20,predict_next_joint,0.0,-200.0,200.0,0.0
2025-12-09,874,874,8,7,4,0.0,RandomForestClassifier,safe_w200,2025-12-09T18:34:20,predict_next_joint,0.0,-200.0,200.0,0.0
2025-12-09,873,873,8,7,3,0.0,RandomForestClassifier,safe_w200,2025-12-09T18:34:20,predict_next_joint,0.0,-200.0,200.0,0.0
2025-12-09,872,872,8,7,2,0.0,RandomForestClassifier,safe_w200,2025-12-09T18:34:20,predict_next_joint,0.0,-200.0,200.0,0.0
2025-12-09,871,871,8,7,1,0.0,RandomForestClassifier,safe_w200,2025-12-09T18:34:20,predict_next_joint,0.0,-200.0,200.0,0.0
2025-12-09,869,869,8,6,9,0.0,RandomForestClassifier,safe_w200,2025-12-09T18:34:20,predict_next_joint,0.0,-200.0,200.0,0.0
2025-12-09,868,868,8,6,8,0.0,RandomForestClassifier,safe_w200,2025-12-09T18:34:20,predict_next_joint,0.0,-200.0,200.0,0.0
2025-12-09,867,867,8,6,7,0.0,RandomForestClassifier,safe_w200,2025-12-09T18:34:20,predict_next_joint,0.0,-200.0,200.0,0.0
2025-12-09,866,866,8,6,6,0.0,RandomForestClassifier,safe_w200,2025-12-09T18:34:20,predict_next_joint,0.0,-200.0,200.0,0.0
2025-12-09,865,865,8,6,5,0.0,RandomForestClassifier,safe_w200,2025-12-09T18:34:20,predict_next_joint,0.0,-200.0,200.0,0.0
2025-12-09,896,896,8,9,6,0.0,RandomForestClassifier,safe_w200,2025-12-09T18:34:20,predict_next_joint,0.0,-200.0,200.0,0.0
2025-12-09,894,894,8,9,4,0.0,RandomForestClassifier,safe_w200,2025-12-09T18:34:20,predict_next_joint,0.0,-200.0,200.0,0.0
2025-12-09,893,893,8,9,3,0.0,RandomForestClassifier,safe_w200,2025-12-09T18:34:20,predict_next_joint,0.0,-200.0,200.0,0.0
2025-12-09,892,892,8,9,2,0.0,RandomForestClassifier,safe_w200,2025-12-09T18:34:20,predict_next_joint,0.0,-200.0,200.0,0.0
2025-12-09,890,890,8,9,0,0.0,RandomForestClassifier,safe_w200,2025-12-09T18:34:20,predict_next_joint,0.0,-200.0,200.0,0.0
2025-12-09,889,889,8,8,9,0.0,RandomForestClassifier,safe_w200,2025-12-09T18:34:20,predict_next_joint,0.0,-200.0,200.0,0.0
2025-12-09,888,888,8,8,8,0.0,RandomForestClassifier,safe_w200,2025-12-09T18:34:20,predict_next_joint,0.0,-200.0,200.0,0.0
2025-12-09,887,887,8,8,7,0.0,RandomForestClassifier,safe_w200,2025-12-09T18:34:20,predict_next_joint,0.0,-200.0,200.0,0.0
2025-12-09,886,886,8,8,6,0.0,RandomForestClassifier,safe_w200,2025-12-09T18:34:20,predict_next_joint,0.0,-200.0,200.0,0.0
2025-12-09,885,885,8,8,5,0.0,RandomForestClassifier,safe_w200,2025-12-09T18:34:20,predict_next_joint,0.0,-200.0,200.0,0.0
2025-12-09,884,884,8,8,4,0.0,RandomForestClassifier,safe_w200,2025-12-09T18:34:20,predict_next_joint,0.0,-200.0,200.0,0.0
2025-12-09,883,883,8,8,3,0.0,RandomForestClassifier,safe_w200,2025-12-09T18:34:20,predict_next_joint,0.0,-200.0,200.0,0.0
2025-12-09,882,882,8,8,2,0.0,RandomForestClassifier,safe_w200,2025-12-09T18:34:20,predict_next_joint,0.0,-200.0,200.0,0.0
2025-12-09,881,881,8,8,1,0.0,RandomForestClassifier,safe_w200,2025-12-09T18:34:20,predict_next_joint,0.0,-200.0,200.0,0.0
2025-12-09,912,912,9,1,2,0.0,RandomForestClassifier,safe_w200,2025-12-09T18:34:20,predict_next_joint,0.0,-200.0,200.0,0.0
2025-12-09,911,911,9,1,1,0.0,RandomForestClassifier,safe_w200,2025-12-09T18:34:20,predict_next_joint,0.0,-200.0,200.0,0.0
2025-12-09,910,910,9,1,0,0.0,RandomForestClassifier,safe_w200,2025-12-09T18:34:20,predict_next_joint,0.0,-200.0,200.0,0.0
2025-12-09,909,909,9,0,9,0.0,RandomForestClassifier,safe_w200,2025-12-09T18:34:20,predict_next_joint,0.0,-200.0,200.0,0.0
2025-12-09,908,908,9,0,8,0.0,RandomForestClassifier,safe_w200,2025-12-09T18:34:20,predict_next_joint,0.0,-200.0,200.0,0.0
2025-12-09,907,907,9,0,7,0.0,RandomForestClassifier,safe_w200,2025-12-09T18:34:20,predict_next_joint,0.0,-200.0,200.0,0.0
2025-12-09,905,905,9,0,5,0.0,RandomForestClassifier,safe_w200,2025-12-09T18:34:20,predict_next_joint,0.0,-200.0,200.0,0.0
2025-12-09,904,904,9,0,4,0.0,RandomForestClassifier,safe_w200,2025-12-09T18:34:20,predict_next_joint,0.0,-200.0,200.0,0.0
2025-12-09,903,903,9,0,3,0.0,RandomForestClassifier,safe_w200,2025-12-09T18:34:20,predict_next_joint,0.0,-200.0,200.0,0.0
2025-12-09,901,901,9,0,1,0.0,RandomForestClassifier,safe_w200,2025-12-09T18:34:20,predict_next_joint,0.0,-200.0,200.0,0.0
2025-12-09,900,900,9,0,0,0.0,RandomForestClassifier,safe_w200,2025-12-09T18:34:20,predict_next_joint,0.0,-200.0,200.0,0.0
2025-12-09,899,899,8,9,9,0.0,RandomForestClassifier,safe_w200,2025-12-09T18:34:20,predict_next_joint,0.0,-200.0,200.0,0.0
2025-12-09,898,898,8,9,8,0.0,RandomForestClassifier,safe_w200,2025-12-09T18:34:20,predict_next_joint,0.0,-200.0,200.0,0.0
2025-12-09,897,897,8,9,7,0.0,RandomForestClassifier,safe_w200,2025-12-09T18:34:20,predict_next_joint,0.0,-200.0,200.0,0.0
2025-12-09,927,927,9,2,7,0.0,RandomForestClassifier,safe_w200,2025-12-09T18:34:20,predict_next_joint,0.0,-200.0,200.0,0.0
2025-12-09,926,926,9,2,6,0.0,RandomForestClassifier,safe_w200,2025-12-09T18:34:20,predict_next_joint,0.0,-200.0,200.0,0.0
2025-12-09,924,924,9,2,4,0.0,RandomForestClassifier,safe_w200,2025-12-09T18:34:20,predict_next_joint,0.0,-200.0,200.0,0.0
2025-12-09,923,923,9,2,3,0.0,RandomForestClassifier,safe_w200,2025-12-09T18:34:20,predict_next_joint,0.0,-200.0,200.0,0.0
2025-12-09,922,922,9,2,2,0.0,RandomForestClassifier,safe_w200,2025-12-09T18:34:20,predict_next_joint,0.0,-200.0,200.0,0.0
2025-12-09,921,921,9,2,1,0.0,RandomForestClassifier,safe_w200,2025-12-09T18:34:20,predict_next_joint,0.0,-200.0,200.0,0.0
2025-12-09,920,920,9,2,0,0.0,RandomForestClassifier,safe_w200,2025-12-09T18:34:20,predict_next_joint,0.0,-200.0,200.0,0.0
2025-12-09,919,919,9,1,9,0.0,RandomForestClassifier,safe_w200,2025-12-09T18:34:20,predict_next_joint,0.0,-200.0,200.0,0.0
2025-12-09,918,918,9,1,8,0.0,RandomForestClassifier,safe_w200,2025-12-09T18:34:20,predict_next_joint,0.0,-200.0,200.0,0.0
2025-12-09,917,917,9,1,7,0.0,RandomForestClassifier,safe_w200,2025-12-09T18:34:20,predict_next_joint,0.0,-200.0,200.0,0.0
2025-12-09,916,916,9,1,6,0.0,RandomForestClassifier,safe_w200,2025-12-09T18:34:20,predict_next_joint,0.0,-200.0,200.0,0.0
2025-12-09,915,915,9,1,5,0.0,RandomForestClassifier,safe_w200,2025-12-09T18:34:20,predict_next_joint,0.0,-200.0,200.0,0.0
2025-12-09,914,914,9,1,4,0.0,RandomForestClassifier,safe_w200,2025-12-09T18:34:20,predict_next_joint,0.0,-200.0,200.0,0.0
2025-12-09,913,913,9,1,3,0.0,RandomForestClassifier,safe_w200,2025-12-09T18:34:20,predict_next_joint,0.0,-200.0,200.0,0.0
2025-12-09,944,944,9,4,4,0.0,RandomForestClassifier,safe_w200,2025-12-09T18:34:20,predict_next_joint,0.0,-200.0,200.0,0.0
2025-12-09,943,943,9,4,3,0.0,RandomForestClassifier,safe_w200,2025-12-09T18:34:20,predict_next_joint,0.0,-200.0,200.0,0.0
2025-12-09,942,942,9,4,2,0.0,RandomForestClassifier,safe_w200,2025-12-09T18:34:20,predict_next_joint,0.0,-200.0,200.0,0.0
2025-12-09,941,941,9,4,1,0.0,RandomForestClassifier,safe_w200,2025-12-09T18:34:20,predict_next_joint,0.0,-200.0,200.0,0.0
2025-12-09,940,940,9,4,0,0.0,RandomForestClassifier,safe_w200,2025-12-09T18:34:20,predict_next_joint,0.0,-200.0,200.0,0.0
2025-12-09,939,939,9,3,9,0.0,RandomForestClassifier,safe_w200,2025-12-09T18:34:20,predict_next_joint,0.0,-200.0,200.0,0.0
2025-12-09,938,938,9,3,8,0.0,RandomForestClassifier,safe_w200,2025-12-09T18:34:20,predict_next_joint,0.0,-200.0,200.0,0.0
2025-12-09,937,937,9,3,7,0.0,RandomForestClassifier,safe_w200,2025-12-09T18:34:20,predict_next_joint,0.0,-200.0,200.0,0.0
2025-12-09,935,935,9,3,5,0.0,RandomForestClassifier,safe_w200,2025-12-09T18:34:20,predict_next_joint,0.0,-200.0,200.0,0.0
2025-12-09,934,934,9,3,4,0.0,RandomForestClassifier,safe_w200,2025-12-09T18:34:20,predict_next_joint,0.0,-200.0,200.0,0.0
2025-12-09,933,933,9,3,3,0.0,RandomForestClassifier,safe_w200,2025-12-09T18:34:20,predict_next_joint,0.0,-200.0,200.0,0.0
2025-12-09,932,932,9,3,2,0.0,RandomForestClassifier,safe_w200,2025-12-09T18:34:20,predict_next_joint,0.0,-200.0,200.0,0.0
2025-12-09,931,931,9,3,1,0.0,RandomForestClassifier,safe_w200,2025-12-09T18:34:20,predict_next_joint,0.0,-200.0,200.0,0.0
2025-12-09,930,930,9,3,0,0.0,RandomForestClassifier,safe_w200,2025-12-09T18:34:20,predict_next_joint,0.0,-200.0,200.0,0.0
2025-12-09,929,929,9,2,9,0.0,RandomForestClassifier,safe_w200,2025-12-09T18:34:20,predict_next_joint,0.0,-200.0,200.0,0.0
2025-12-09,960,960,9,6,0,0.0,RandomForestClassifier,safe_w200,2025-12-09T18:34:20,predict_next_joint,0.0,-200.0,200.0,0.0
2025-12-09,959,959,9,5,9,0.0,RandomForestClassifier,safe_w200,2025-12-09T18:34:20,predict_next_joint,0.0,-200.0,200.0,0.0
2025-12-09,957,957,9,5,7,0.0,RandomForestClassifier,safe_w200,2025-12-09T18:34:20,predict_next_joint,0.0,-200.0,200.0,0.0
2025-12-09,956,956,9,5,6,0.0,RandomForestClassifier,safe_w200,2025-12-09T18:34:20,predict_next_joint,0.0,-200.0,200.0,0.0
2025-12-09,955,955,9,5,5,0.0,RandomForestClassifier,safe_w200,2025-12-09T18:34:20,predict_next_joint,0.0,-200.0,200.0,0.0
2025-12-09,954,954,9,5,4,0.0,RandomForestClassifier,safe_w200,2025-12-09T18:34:20,predict_next_joint,0.0,-200.0,200.0,0.0
2025-12-09,952,952,9,5,2,0.0,RandomForestClassifier,safe_w200,2025-12-09T18:34:20,predict_next_joint,0.0,-200.0,200.0,0.0
2025-12-09,951,951,9,5,1,0.0,RandomForestClassifier,safe_w200,2025-12-09T18:34:20,predict_next_joint,0.0,-200.0,200.0,0.0
2025-12-09,950,950,9,5,0,0.0,RandomForestClassifier,safe_w200,2025-12-09T18:34:20,predict_next_joint,0.0,-200.0,200.0,0.0
2025-12-09,949,949,9,4,9,0.0,RandomForestClassifier,safe_w200,2025-12-09T18:34:20,predict_next_joint,0.0,-200.0,200.0,0.0
2025-12-09,947,947,9,4,7,0.0,RandomForestClassifier,safe_w200,2025-12-09T18:34:20,predict_next_joint,0.0,-200.0,200.0,0.0
2025-12-09,946,946,9,4,6,0.0,RandomForestClassifier,safe_w200,2025-12-09T18:34:20,predict_next_joint,0.0,-200.0,200.0,0.0
2025-12-09,945,945,9,4,5,0.0,RandomForestClassifier,safe_w200,2025-12-09T18:34:20,predict_next_joint,0.0,-200.0,200.0,0.0
2025-12-09,976,976,9,7,6,0.0,RandomForestClassifier,safe_w200,2025-12-09T18:34:20,predict_next_joint,0.0,-200.0,200.0,0.0
2025-12-09,975,975,9,7,5,0.0,RandomForestClassifier,safe_w200,2025-12-09T18:34:20,predict_next_joint,0.0,-200.0,200.0,0.0
2025-12-09,974,974,9,7,4,0.0,RandomForestClassifier,safe_w200,2025-12-09T18:34:20,predict_next_joint,0.0,-200.0,200.0,0.0
2025-12-09,972,972,9,7,2,0.0,RandomForestClassifier,safe_w200,2025-12-09T18:34:20,predict_next_joint,0.0,-200.0,200.0,0.0
2025-12-09,971,971,9,7,1,0.0,RandomForestClassifier,safe_w200,2025-12-09T18:34:20,predict_next_joint,0.0,-200.0,200.0,0.0
2025-12-09,970,970,9,7,0,0.0,RandomForestClassifier,safe_w200,2025-12-09T18:34:20,predict_next_joint,0.0,-200.0,200.0,0.0
2025-12-09,969,969,9,6,9,0.0,RandomForestClassifier,safe_w200,2025-12-09T18:34:20,predict_next_joint,0.0,-200.0,200.0,0.0
2025-12-09,968,968,9,6,8,0.0,RandomForestClassifier,safe_w200,2025-12-09T18:34:20,predict_next_joint,0.0,-200.0,200.0,0.0
2025-12-09,967,967,9,6,7,0.0,RandomForestClassifier,safe_w200,2025-12-09T18:34:20,predict_next_joint,0.0,-200.0,200.0,0.0
2025-12-09,966,966,9,6,6,0.0,RandomForestClassifier,safe_w200,2025-12-09T18:34:20,predict_next_joint,0.0,-200.0,200.0,0.0
2025-12-09,965,965,9,6,5,0.0,RandomForestClassifier,safe_w200,2025-12-09T18:34:20,predict_next_joint,0.0,-200.0,200.0,0.0
2025-12-09,961,961,9,6,1,0.0,RandomForestClassifier,safe_w200,2025-12-09T18:34:20,predict_next_joint,0.0,-200.0,200.0,0.0
2025-12-09,032,32,0,3,2,0.0,RandomForestClassifier,safe_w200,2025-12-09T18:34:20,predict_next_joint,0.0,-200.0,200.0,0.0
2025-12-09,031,31,0,3,1,0.0,RandomForestClassifier,safe_w200,2025-12-09T18:34:20,predict_next_joint,0.0,-200.0,200.0,0.0
2025-12-09,030,30,0,3,0,0.0,RandomForestClassifier,safe_w200,2025-12-09T18:34:20,predict_next_joint,0.0,-200.0,200.0,0.0
2025-12-09,029,29,0,2,9,0.0,RandomForestClassifier,safe_w200,2025-12-09T18:34:20,predict_next_joint,0.0,-200.0,200.0,0.0
2025-12-09,028,28,0,2,8,0.0,RandomForestClassifier,safe_w200,2025-12-09T18:34:20,predict_next_joint,0.0,-200.0,200.0,0.0
2025-12-09,027,27,0,2,7,0.0,RandomForestClassifier,safe_w200,2025-12-09T18:34:20,predict_next_joint,0.0,-200.0,200.0,0.0
2025-12-09,026,26,0,2,6,0.0,RandomForestClassifier,safe_w200,2025-12-09T18:34:20,predict_next_joint,0.0,-200.0,200.0,0.0
2025-12-09,025,25,0,2,5,0.0,RandomForestClassifier,safe_w200,2025-12-09T18:34:20,predict_next_joint,0.0,-200.0,200.0,0.0
2025-12-09,024,24,0,2,4,0.0,RandomForestClassifier,safe_w200,2025-12-09T18:34:20,predict_next_joint,0.0,-200.0,200.0,0.0
2025-12-09,023,23,0,2,3,0.0,RandomForestClassifier,safe_w200,2025-12-09T18:34:20,predict_next_joint,0.0,-200.0,200.0,0.0
2025-12-09,022,22,0,2,2,0.0,RandomForestClassifier,safe_w200,2025-12-09T18:34:20,predict_next_joint,0.0,-200.0,200.0,0.0
2025-12-09,021,21,0,2,1,0.0,RandomForestClassifier,safe_w200,2025-12-09T18:34:20,predict_next_joint,0.0,-200.0,200.0,0.0
2025-12-09,020,20,0,2,0,0.0,RandomForestClassifier,safe_w200,2025-12-09T18:34:20,predict_next_joint,0.0,-200.0,200.0,0.0
2025-12-09,018,18,0,1,8,0.0,RandomForestClassifier,safe_w200,2025-12-09T18:34:20,predict_next_joint,0.0,-200.0,200.0,0.0
2025-12-09,017,17,0,1,7,0.0,RandomForestClassifier,safe_w200,2025-12-09T18:34:20,predict_next_joint,0.0,-200.0,200.0,0.0
2025-12-09,994,994,9,9,4,0.0,RandomForestClassifier,safe_w200,2025-12-09T18:34:20,predict_next_joint,0.0,-200.0,200.0,0.0
2025-12-09,995,995,9,9,5,0.0,RandomForestClassifier,safe_w200,2025-12-09T18:34:20,predict_next_joint,0.0,-200.0,200.0,0.0
2025-12-09,996,996,9,9,6,0.0,RandomForestClassifier,safe_w200,2025-12-09T18:34:20,predict_next_joint,0.0,-200.0,200.0,0.0
2025-12-09,997,997,9,9,7,0.0,RandomForestClassifier,safe_w200,2025-12-09T18:34:20,predict_next_joint,0.0,-200.0,200.0,0.0
2025-12-09,998,998,9,9,8,0.0,RandomForestClassifier,safe_w200,2025-12-09T18:34:20,predict_next_joint,0.0,-200.0,200.0,0.0
2025-12-09,999,999,9,9,9,0.0,RandomForestClassifier,safe_w200,2025-12-09T18:34:20,predict_next_joint,0.0,-200.0,200.0,0.0
2025-12-09,001,1,0,0,1,0.0,RandomForestClassifier,safe_w200,2025-12-09T18:34:20,predict_next_joint,0.0,-200.0,200.0,0.0
