抽せん日,候補_3桁,予測番号,百,十,一,joint_prob,model_name,feature_set,gen_at,source,EV_gross,EV_net,price,expected_payout
2025-12-03,013,13,0,1,3,0.058,RandomForestClassifier,safe_w200,2025-12-03T13:59:12,predict_next_joint,5220.0,5020.0,200.0,5220.0
2025-12-03,805,805,8,0,5,0.056,RandomForestClassifier,safe_w200,2025-12-03T13:59:12,predict_next_joint,5040.0,4840.0,200.0,5040.0
2025-12-03,395,395,3,9,5,0.05,RandomForestClassifier,safe_w200,2025-12-03T13:59:12,predict_next_joint,4500.0,4300.0,200.0,4500.0
2025-12-03,072,72,0,7,2,0.046,RandomForestClassifier,safe_w200,2025-12-03T13:59:12,predict_next_joint,4140.0,3940.0,200.0,4140.0
2025-12-03,157,157,1,5,7,0.046,RandomForestClassifier,safe_w200,2025-12-03T13:59:12,predict_next_joint,4140.0,3940.0,200.0,4140.0
2025-12-03,253,253,2,5,3,0.04,RandomForestClassifier,safe_w200,2025-12-03T13:59:12,predict_next_joint,3600.0,3400.0,200.0,3600.0
2025-12-03,652,652,6,5,2,0.038,RandomForestClassifier,safe_w200,2025-12-03T13:59:12,predict_next_joint,3420.0,3220.0,200.0,3420.0
2025-12-03,718,718,7,1,8,0.032,RandomForestClassifier,safe_w200,2025-12-03T13:59:12,predict_next_joint,2880.0,2680.0,200.0,2880.0
2025-12-03,708,708,7,0,8,0.032,RandomForestClassifier,safe_w200,2025-12-03T13:59:12,predict_next_joint,2880.0,2680.0,200.0,2880.0
2025-12-03,631,631,6,3,1,0.032,RandomForestClassifier,safe_w200,2025-12-03T13:59:12,predict_next_joint,2880.0,2680.0,200.0,2880.0
2025-12-03,204,204,2,0,4,0.028,RandomForestClassifier,safe_w200,2025-12-03T13:59:12,predict_next_joint,2520.0,2320.0,200.0,2520.0
2025-12-03,374,374,3,7,4,0.026,RandomForestClassifier,safe_w200,2025-12-03T13:59:12,predict_next_joint,2340.0,2140.0,200.0,2340.0
2025-12-03,752,752,7,5,2,0.024,RandomForestClassifier,safe_w200,2025-12-03T13:59:12,predict_next_joint,2160.0,1960.0,200.0,2160.0
2025-12-03,523,523,5,2,3,0.022,RandomForestClassifier,safe_w200,2025-12-03T13:59:12,predict_next_joint,1979.9999999999998,1779.9999999999998,200.0,1979.9999999999998
2025-12-03,278,278,2,7,8,0.018,RandomForestClassifier,safe_w200,2025-12-03T13:59:12,predict_next_joint,1619.9999999999998,1419.9999999999998,200.0,1619.9999999999998
2025-12-03,891,891,8,9,1,0.018,RandomForestClassifier,safe_w200,2025-12-03T13:59:12,predict_next_joint,1619.9999999999998,1419.9999999999998,200.0,1619.9999999999998
2025-12-03,856,856,8,5,6,0.014,RandomForestClassifier,safe_w200,2025-12-03T13:59:12,predict_next_joint,1260.0,1060.0,200.0,1260.0
2025-12-03,654,654,6,5,4,0.012,RandomForestClassifier,safe_w200,2025-12-03T13:59:12,predict_next_joint,1080.0,880.0,200.0,1080.0
2025-12-03,729,729,7,2,9,0.012,RandomForestClassifier,safe_w200,2025-12-03T13:59:12,predict_next_joint,1080.0,880.0,200.0,1080.0
2025-12-03,572,572,5,7,2,0.012,RandomForestClassifier,safe_w200,2025-12-03T13:59:12,predict_next_joint,1080.0,880.0,200.0,1080.0
2025-12-03,518,518,5,1,8,0.012,RandomForestClassifier,safe_w200,2025-12-03T13:59:12,predict_next_joint,1080.0,880.0,200.0,1080.0
2025-12-03,430,430,4,3,0,0.012,RandomForestClassifier,safe_w200,2025-12-03T13:59:12,predict_next_joint,1080.0,880.0,200.0,1080.0
2025-12-03,014,14,0,1,4,0.01,RandomForestClassifier,safe_w200,2025-12-03T13:59:12,predict_next_joint,900.0,700.0,200.0,900.0
2025-12-03,194,194,1,9,4,0.01,RandomForestClassifier,safe_w200,2025-12-03T13:59:12,predict_next_joint,900.0,700.0,200.0,900.0
2025-12-03,372,372,3,7,2,0.01,RandomForestClassifier,safe_w200,2025-12-03T13:59:12,predict_next_joint,900.0,700.0,200.0,900.0
2025-12-03,361,361,3,6,1,0.01,RandomForestClassifier,safe_w200,2025-12-03T13:59:12,predict_next_joint,900.0,700.0,200.0,900.0
2025-12-03,496,496,4,9,6,0.008,RandomForestClassifier,safe_w200,2025-12-03T13:59:12,predict_next_joint,720.0,520.0,200.0,720.0
2025-12-03,427,427,4,2,7,0.008,RandomForestClassifier,safe_w200,2025-12-03T13:59:12,predict_next_joint,720.0,520.0,200.0,720.0
2025-12-03,038,38,0,3,8,0.008,RandomForestClassifier,safe_w200,2025-12-03T13:59:12,predict_next_joint,720.0,520.0,200.0,720.0
2025-12-03,948,948,9,4,8,0.006,RandomForestClassifier,safe_w200,2025-12-03T13:59:12,predict_next_joint,540.0,340.0,200.0,540.0
2025-12-03,827,827,8,2,7,0.006,RandomForestClassifier,safe_w200,2025-12-03T13:59:12,predict_next_joint,540.0,340.0,200.0,540.0
2025-12-03,870,870,8,7,0,0.006,RandomForestClassifier,safe_w200,2025-12-03T13:59:12,predict_next_joint,540.0,340.0,200.0,540.0
2025-12-03,573,573,5,7,3,0.006,RandomForestClassifier,safe_w200,2025-12-03T13:59:12,predict_next_joint,540.0,340.0,200.0,540.0
2025-12-03,607,607,6,0,7,0.006,RandomForestClassifier,safe_w200,2025-12-03T13:59:12,predict_next_joint,540.0,340.0,200.0,540.0
2025-12-03,672,672,6,7,2,0.006,RandomForestClassifier,safe_w200,2025-12-03T13:59:12,predict_next_joint,540.0,340.0,200.0,540.0
2025-12-03,657,657,6,5,7,0.006,RandomForestClassifier,safe_w200,2025-12-03T13:59:12,predict_next_joint,540.0,340.0,200.0,540.0
2025-12-03,831,831,8,3,1,0.006,RandomForestClassifier,safe_w200,2025-12-03T13:59:12,predict_next_joint,540.0,340.0,200.0,540.0
2025-12-03,321,321,3,2,1,0.006,RandomForestClassifier,safe_w200,2025-12-03T13:59:12,predict_next_joint,540.0,340.0,200.0,540.0
2025-12-03,368,368,3,6,8,0.006,RandomForestClassifier,safe_w200,2025-12-03T13:59:12,predict_next_joint,540.0,340.0,200.0,540.0
2025-12-03,485,485,4,8,5,0.006,RandomForestClassifier,safe_w200,2025-12-03T13:59:12,predict_next_joint,540.0,340.0,200.0,540.0
2025-12-03,168,168,1,6,8,0.006,RandomForestClassifier,safe_w200,2025-12-03T13:59:12,predict_next_joint,540.0,340.0,200.0,540.0
2025-12-03,139,139,1,3,9,0.006,RandomForestClassifier,safe_w200,2025-12-03T13:59:12,predict_next_joint,540.0,340.0,200.0,540.0
2025-12-03,229,229,2,2,9,0.006,RandomForestClassifier,safe_w200,2025-12-03T13:59:12,predict_next_joint,540.0,340.0,200.0,540.0
2025-12-03,491,491,4,9,1,0.006,RandomForestClassifier,safe_w200,2025-12-03T13:59:12,predict_next_joint,540.0,340.0,200.0,540.0
2025-12-03,531,531,5,3,1,0.006,RandomForestClassifier,safe_w200,2025-12-03T13:59:12,predict_next_joint,540.0,340.0,200.0,540.0
2025-12-03,263,263,2,6,3,0.006,RandomForestClassifier,safe_w200,2025-12-03T13:59:12,predict_next_joint,540.0,340.0,200.0,540.0
2025-12-03,391,391,3,9,1,0.004,RandomForestClassifier,safe_w200,2025-12-03T13:59:12,predict_next_joint,360.0,160.0,200.0,360.0
2025-12-03,469,469,4,6,9,0.004,RandomForestClassifier,safe_w200,2025-12-03T13:59:12,predict_next_joint,360.0,160.0,200.0,360.0
2025-12-03,917,917,9,1,7,0.004,RandomForestClassifier,safe_w200,2025-12-03T13:59:12,predict_next_joint,360.0,160.0,200.0,360.0
2025-12-03,490,490,4,9,0,0.004,RandomForestClassifier,safe_w200,2025-12-03T13:59:12,predict_next_joint,360.0,160.0,200.0,360.0
2025-12-03,371,371,3,7,1,0.004,RandomForestClassifier,safe_w200,2025-12-03T13:59:12,predict_next_joint,360.0,160.0,200.0,360.0
2025-12-03,520,520,5,2,0,0.004,RandomForestClassifier,safe_w200,2025-12-03T13:59:12,predict_next_joint,360.0,160.0,200.0,360.0
2025-12-03,439,439,4,3,9,0.004,RandomForestClassifier,safe_w200,2025-12-03T13:59:12,predict_next_joint,360.0,160.0,200.0,360.0
2025-12-03,068,68,0,6,8,0.004,RandomForestClassifier,safe_w200,2025-12-03T13:59:12,predict_next_joint,360.0,160.0,200.0,360.0
2025-12-03,049,49,0,4,9,0.004,RandomForestClassifier,safe_w200,2025-12-03T13:59:12,predict_next_joint,360.0,160.0,200.0,360.0
2025-12-03,064,64,0,6,4,0.004,RandomForestClassifier,safe_w200,2025-12-03T13:59:12,predict_next_joint,360.0,160.0,200.0,360.0
2025-12-03,901,901,9,0,1,0.004,RandomForestClassifier,safe_w200,2025-12-03T13:59:12,predict_next_joint,360.0,160.0,200.0,360.0
2025-12-03,000,0,0,0,0,0.004,RandomForestClassifier,safe_w200,2025-12-03T13:59:12,predict_next_joint,360.0,160.0,200.0,360.0
2025-12-03,964,964,9,6,4,0.004,RandomForestClassifier,safe_w200,2025-12-03T13:59:12,predict_next_joint,360.0,160.0,200.0,360.0
2025-12-03,019,19,0,1,9,0.004,RandomForestClassifier,safe_w200,2025-12-03T13:59:12,predict_next_joint,360.0,160.0,200.0,360.0
2025-12-03,809,809,8,0,9,0.002,RandomForestClassifier,safe_w200,2025-12-03T13:59:12,predict_next_joint,180.0,-20.0,200.0,180.0
2025-12-03,946,946,9,4,6,0.002,RandomForestClassifier,safe_w200,2025-12-03T13:59:12,predict_next_joint,180.0,-20.0,200.0,180.0
2025-12-03,963,963,9,6,3,0.002,RandomForestClassifier,safe_w200,2025-12-03T13:59:12,predict_next_joint,180.0,-20.0,200.0,180.0
2025-12-03,973,973,9,7,3,0.002,RandomForestClassifier,safe_w200,2025-12-03T13:59:12,predict_next_joint,180.0,-20.0,200.0,180.0
2025-12-03,614,614,6,1,4,0.002,RandomForestClassifier,safe_w200,2025-12-03T13:59:12,predict_next_joint,180.0,-20.0,200.0,180.0
2025-12-03,630,630,6,3,0,0.002,RandomForestClassifier,safe_w200,2025-12-03T13:59:12,predict_next_joint,180.0,-20.0,200.0,180.0
2025-12-03,637,637,6,3,7,0.002,RandomForestClassifier,safe_w200,2025-12-03T13:59:12,predict_next_joint,180.0,-20.0,200.0,180.0
2025-12-03,638,638,6,3,8,0.002,RandomForestClassifier,safe_w200,2025-12-03T13:59:12,predict_next_joint,180.0,-20.0,200.0,180.0
2025-12-03,650,650,6,5,0,0.002,RandomForestClassifier,safe_w200,2025-12-03T13:59:12,predict_next_joint,180.0,-20.0,200.0,180.0
2025-12-03,075,75,0,7,5,0.002,RandomForestClassifier,safe_w200,2025-12-03T13:59:12,predict_next_joint,180.0,-20.0,200.0,180.0
2025-12-03,645,645,6,4,5,0.002,RandomForestClassifier,safe_w200,2025-12-03T13:59:12,predict_next_joint,180.0,-20.0,200.0,180.0
2025-12-03,799,799,7,9,9,0.002,RandomForestClassifier,safe_w200,2025-12-03T13:59:12,predict_next_joint,180.0,-20.0,200.0,180.0
2025-12-03,741,741,7,4,1,0.002,RandomForestClassifier,safe_w200,2025-12-03T13:59:12,predict_next_joint,180.0,-20.0,200.0,180.0
2025-12-03,740,740,7,4,0,0.002,RandomForestClassifier,safe_w200,2025-12-03T13:59:12,predict_next_joint,180.0,-20.0,200.0,180.0
2025-12-03,758,758,7,5,8,0.002,RandomForestClassifier,safe_w200,2025-12-03T13:59:12,predict_next_joint,180.0,-20.0,200.0,180.0
2025-12-03,780,780,7,8,0,0.002,RandomForestClassifier,safe_w200,2025-12-03T13:59:12,predict_next_joint,180.0,-20.0,200.0,180.0
2025-12-03,063,63,0,6,3,0.002,RandomForestClassifier,safe_w200,2025-12-03T13:59:12,predict_next_joint,180.0,-20.0,200.0,180.0
2025-12-03,734,734,7,3,4,0.002,RandomForestClassifier,safe_w200,2025-12-03T13:59:12,predict_next_joint,180.0,-20.0,200.0,180.0
2025-12-03,674,674,6,7,4,0.002,RandomForestClassifier,safe_w200,2025-12-03T13:59:12,predict_next_joint,180.0,-20.0,200.0,180.0
2025-12-03,671,671,6,7,1,0.002,RandomForestClassifier,safe_w200,2025-12-03T13:59:12,predict_next_joint,180.0,-20.0,200.0,180.0
2025-12-03,890,890,8,9,0,0.002,RandomForestClassifier,safe_w200,2025-12-03T13:59:12,predict_next_joint,180.0,-20.0,200.0,180.0
2025-12-03,928,928,9,2,8,0.002,RandomForestClassifier,safe_w200,2025-12-03T13:59:12,predict_next_joint,180.0,-20.0,200.0,180.0
2025-12-03,935,935,9,3,5,0.002,RandomForestClassifier,safe_w200,2025-12-03T13:59:12,predict_next_joint,180.0,-20.0,200.0,180.0
2025-12-03,936,936,9,3,6,0.002,RandomForestClassifier,safe_w200,2025-12-03T13:59:12,predict_next_joint,180.0,-20.0,200.0,180.0
2025-12-03,931,931,9,3,1,0.002,RandomForestClassifier,safe_w200,2025-12-03T13:59:12,predict_next_joint,180.0,-20.0,200.0,180.0
2025-12-03,953,953,9,5,3,0.002,RandomForestClassifier,safe_w200,2025-12-03T13:59:12,predict_next_joint,180.0,-20.0,200.0,180.0
2025-12-03,945,945,9,4,5,0.002,RandomForestClassifier,safe_w200,2025-12-03T13:59:12,predict_next_joint,180.0,-20.0,200.0,180.0
2025-12-03,035,35,0,3,5,0.002,RandomForestClassifier,safe_w200,2025-12-03T13:59:12,predict_next_joint,180.0,-20.0,200.0,180.0
2025-12-03,857,857,8,5,7,0.002,RandomForestClassifier,safe_w200,2025-12-03T13:59:12,predict_next_joint,180.0,-20.0,200.0,180.0
2025-12-03,041,41,0,4,1,0.002,RandomForestClassifier,safe_w200,2025-12-03T13:59:12,predict_next_joint,180.0,-20.0,200.0,180.0
2025-12-03,895,895,8,9,5,0.002,RandomForestClassifier,safe_w200,2025-12-03T13:59:12,predict_next_joint,180.0,-20.0,200.0,180.0
2025-12-03,819,819,8,1,9,0.002,RandomForestClassifier,safe_w200,2025-12-03T13:59:12,predict_next_joint,180.0,-20.0,200.0,180.0
2025-12-03,842,842,8,4,2,0.002,RandomForestClassifier,safe_w200,2025-12-03T13:59:12,predict_next_joint,180.0,-20.0,200.0,180.0
2025-12-03,804,804,8,0,4,0.002,RandomForestClassifier,safe_w200,2025-12-03T13:59:12,predict_next_joint,180.0,-20.0,200.0,180.0
2025-12-03,806,806,8,0,6,0.002,RandomForestClassifier,safe_w200,2025-12-03T13:59:12,predict_next_joint,180.0,-20.0,200.0,180.0
2025-12-03,543,543,5,4,3,0.002,RandomForestClassifier,safe_w200,2025-12-03T13:59:12,predict_next_joint,180.0,-20.0,200.0,180.0
2025-12-03,316,316,3,1,6,0.002,RandomForestClassifier,safe_w200,2025-12-03T13:59:12,predict_next_joint,180.0,-20.0,200.0,180.0
2025-12-03,325,325,3,2,5,0.002,RandomForestClassifier,safe_w200,2025-12-03T13:59:12,predict_next_joint,180.0,-20.0,200.0,180.0
2025-12-03,364,364,3,6,4,0.002,RandomForestClassifier,safe_w200,2025-12-03T13:59:12,predict_next_joint,180.0,-20.0,200.0,180.0
2025-12-03,389,389,3,8,9,0.002,RandomForestClassifier,safe_w200,2025-12-03T13:59:12,predict_next_joint,180.0,-20.0,200.0,180.0
2025-12-03,108,108,1,0,8,0.002,RandomForestClassifier,safe_w200,2025-12-03T13:59:12,predict_next_joint,180.0,-20.0,200.0,180.0
2025-12-03,429,429,4,2,9,0.002,RandomForestClassifier,safe_w200,2025-12-03T13:59:12,predict_next_joint,180.0,-20.0,200.0,180.0
2025-12-03,472,472,4,7,2,0.002,RandomForestClassifier,safe_w200,2025-12-03T13:59:12,predict_next_joint,180.0,-20.0,200.0,180.0
2025-12-03,461,461,4,6,1,0.002,RandomForestClassifier,safe_w200,2025-12-03T13:59:12,predict_next_joint,180.0,-20.0,200.0,180.0
2025-12-03,086,86,0,8,6,0.002,RandomForestClassifier,safe_w200,2025-12-03T13:59:12,predict_next_joint,180.0,-20.0,200.0,180.0
2025-12-03,470,470,4,7,0,0.002,RandomForestClassifier,safe_w200,2025-12-03T13:59:12,predict_next_joint,180.0,-20.0,200.0,180.0
2025-12-03,089,89,0,8,9,0.002,RandomForestClassifier,safe_w200,2025-12-03T13:59:12,predict_next_joint,180.0,-20.0,200.0,180.0
2025-12-03,258,258,2,5,8,0.002,RandomForestClassifier,safe_w200,2025-12-03T13:59:12,predict_next_joint,180.0,-20.0,200.0,180.0
2025-12-03,276,276,2,7,6,0.002,RandomForestClassifier,safe_w200,2025-12-03T13:59:12,predict_next_joint,180.0,-20.0,200.0,180.0
2025-12-03,292,292,2,9,2,0.002,RandomForestClassifier,safe_w200,2025-12-03T13:59:12,predict_next_joint,180.0,-20.0,200.0,180.0
2025-12-03,275,275,2,7,5,0.002,RandomForestClassifier,safe_w200,2025-12-03T13:59:12,predict_next_joint,180.0,-20.0,200.0,180.0
2025-12-03,273,273,2,7,3,0.002,RandomForestClassifier,safe_w200,2025-12-03T13:59:12,predict_next_joint,180.0,-20.0,200.0,180.0
2025-12-03,218,218,2,1,8,0.002,RandomForestClassifier,safe_w200,2025-12-03T13:59:12,predict_next_joint,180.0,-20.0,200.0,180.0
2025-12-03,215,215,2,1,5,0.002,RandomForestClassifier,safe_w200,2025-12-03T13:59:12,predict_next_joint,180.0,-20.0,200.0,180.0
2025-12-03,238,238,2,3,8,0.002,RandomForestClassifier,safe_w200,2025-12-03T13:59:12,predict_next_joint,180.0,-20.0,200.0,180.0
2025-12-03,237,237,2,3,7,0.002,RandomForestClassifier,safe_w200,2025-12-03T13:59:12,predict_next_joint,180.0,-20.0,200.0,180.0
2025-12-03,227,227,2,2,7,0.002,RandomForestClassifier,safe_w200,2025-12-03T13:59:12,predict_next_joint,180.0,-20.0,200.0,180.0
2025-12-03,279,279,2,7,9,0.002,RandomForestClassifier,safe_w200,2025-12-03T13:59:12,predict_next_joint,180.0,-20.0,200.0,180.0
2025-12-03,286,286,2,8,6,0.002,RandomForestClassifier,safe_w200,2025-12-03T13:59:12,predict_next_joint,180.0,-20.0,200.0,180.0
2025-12-03,203,203,2,0,3,0.002,RandomForestClassifier,safe_w200,2025-12-03T13:59:12,predict_next_joint,180.0,-20.0,200.0,180.0
2025-12-03,190,190,1,9,0,0.002,RandomForestClassifier,safe_w200,2025-12-03T13:59:12,predict_next_joint,180.0,-20.0,200.0,180.0
2025-12-03,187,187,1,8,7,0.002,RandomForestClassifier,safe_w200,2025-12-03T13:59:12,predict_next_joint,180.0,-20.0,200.0,180.0
2025-12-03,207,207,2,0,7,0.002,RandomForestClassifier,safe_w200,2025-12-03T13:59:12,predict_next_joint,180.0,-20.0,200.0,180.0
2025-12-03,205,205,2,0,5,0.002,RandomForestClassifier,safe_w200,2025-12-03T13:59:12,predict_next_joint,180.0,-20.0,200.0,180.0
2025-12-03,149,149,1,4,9,0.002,RandomForestClassifier,safe_w200,2025-12-03T13:59:12,predict_next_joint,180.0,-20.0,200.0,180.0
2025-12-03,146,146,1,4,6,0.002,RandomForestClassifier,safe_w200,2025-12-03T13:59:12,predict_next_joint,180.0,-20.0,200.0,180.0
2025-12-03,169,169,1,6,9,0.002,RandomForestClassifier,safe_w200,2025-12-03T13:59:12,predict_next_joint,180.0,-20.0,200.0,180.0
2025-12-03,150,150,1,5,0,0.002,RandomForestClassifier,safe_w200,2025-12-03T13:59:12,predict_next_joint,180.0,-20.0,200.0,180.0
2025-12-03,986,986,9,8,6,0.002,RandomForestClassifier,safe_w200,2025-12-03T13:59:12,predict_next_joint,180.0,-20.0,200.0,180.0
2025-12-03,992,992,9,9,2,0.0,RandomForestClassifier,safe_w200,2025-12-03T13:59:12,predict_next_joint,0.0,-200.0,200.0,0.0
2025-12-03,991,991,9,9,1,0.0,RandomForestClassifier,safe_w200,2025-12-03T13:59:12,predict_next_joint,0.0,-200.0,200.0,0.0
2025-12-03,990,990,9,9,0,0.0,RandomForestClassifier,safe_w200,2025-12-03T13:59:12,predict_next_joint,0.0,-200.0,200.0,0.0
2025-12-03,989,989,9,8,9,0.0,RandomForestClassifier,safe_w200,2025-12-03T13:59:12,predict_next_joint,0.0,-200.0,200.0,0.0
2025-12-03,988,988,9,8,8,0.0,RandomForestClassifier,safe_w200,2025-12-03T13:59:12,predict_next_joint,0.0,-200.0,200.0,0.0
2025-12-03,987,987,9,8,7,0.0,RandomForestClassifier,safe_w200,2025-12-03T13:59:12,predict_next_joint,0.0,-200.0,200.0,0.0
2025-12-03,985,985,9,8,5,0.0,RandomForestClassifier,safe_w200,2025-12-03T13:59:12,predict_next_joint,0.0,-200.0,200.0,0.0
2025-12-03,984,984,9,8,4,0.0,RandomForestClassifier,safe_w200,2025-12-03T13:59:12,predict_next_joint,0.0,-200.0,200.0,0.0
2025-12-03,983,983,9,8,3,0.0,RandomForestClassifier,safe_w200,2025-12-03T13:59:12,predict_next_joint,0.0,-200.0,200.0,0.0
2025-12-03,982,982,9,8,2,0.0,RandomForestClassifier,safe_w200,2025-12-03T13:59:12,predict_next_joint,0.0,-200.0,200.0,0.0
2025-12-03,981,981,9,8,1,0.0,RandomForestClassifier,safe_w200,2025-12-03T13:59:12,predict_next_joint,0.0,-200.0,200.0,0.0
2025-12-03,980,980,9,8,0,0.0,RandomForestClassifier,safe_w200,2025-12-03T13:59:12,predict_next_joint,0.0,-200.0,200.0,0.0
2025-12-03,979,979,9,7,9,0.0,RandomForestClassifier,safe_w200,2025-12-03T13:59:12,predict_next_joint,0.0,-200.0,200.0,0.0
2025-12-03,978,978,9,7,8,0.0,RandomForestClassifier,safe_w200,2025-12-03T13:59:12,predict_next_joint,0.0,-200.0,200.0,0.0
2025-12-03,977,977,9,7,7,0.0,RandomForestClassifier,safe_w200,2025-12-03T13:59:12,predict_next_joint,0.0,-200.0,200.0,0.0
2025-12-03,016,16,0,1,6,0.0,RandomForestClassifier,safe_w200,2025-12-03T13:59:12,predict_next_joint,0.0,-200.0,200.0,0.0
2025-12-03,015,15,0,1,5,0.0,RandomForestClassifier,safe_w200,2025-12-03T13:59:12,predict_next_joint,0.0,-200.0,200.0,0.0
2025-12-03,012,12,0,1,2,0.0,RandomForestClassifier,safe_w200,2025-12-03T13:59:12,predict_next_joint,0.0,-200.0,200.0,0.0
2025-12-03,011,11,0,1,1,0.0,RandomForestClassifier,safe_w200,2025-12-03T13:59:12,predict_next_joint,0.0,-200.0,200.0,0.0
2025-12-03,010,10,0,1,0,0.0,RandomForestClassifier,safe_w200,2025-12-03T13:59:12,predict_next_joint,0.0,-200.0,200.0,0.0
2025-12-03,009,9,0,0,9,0.0,RandomForestClassifier,safe_w200,2025-12-03T13:59:12,predict_next_joint,0.0,-200.0,200.0,0.0
2025-12-03,008,8,0,0,8,0.0,RandomForestClassifier,safe_w200,2025-12-03T13:59:12,predict_next_joint,0.0,-200.0,200.0,0.0
2025-12-03,007,7,0,0,7,0.0,RandomForestClassifier,safe_w200,2025-12-03T13:59:12,predict_next_joint,0.0,-200.0,200.0,0.0
2025-12-03,006,6,0,0,6,0.0,RandomForestClassifier,safe_w200,2025-12-03T13:59:12,predict_next_joint,0.0,-200.0,200.0,0.0
2025-12-03,005,5,0,0,5,0.0,RandomForestClassifier,safe_w200,2025-12-03T13:59:12,predict_next_joint,0.0,-200.0,200.0,0.0
2025-12-03,004,4,0,0,4,0.0,RandomForestClassifier,safe_w200,2025-12-03T13:59:12,predict_next_joint,0.0,-200.0,200.0,0.0
2025-12-03,003,3,0,0,3,0.0,RandomForestClassifier,safe_w200,2025-12-03T13:59:12,predict_next_joint,0.0,-200.0,200.0,0.0
2025-12-03,002,2,0,0,2,0.0,RandomForestClassifier,safe_w200,2025-12-03T13:59:12,predict_next_joint,0.0,-200.0,200.0,0.0
2025-12-03,993,993,9,9,3,0.0,RandomForestClassifier,safe_w200,2025-12-03T13:59:12,predict_next_joint,0.0,-200.0,200.0,0.0
2025-12-03,160,160,1,6,0,0.0,RandomForestClassifier,safe_w200,2025-12-03T13:59:12,predict_next_joint,0.0,-200.0,200.0,0.0
2025-12-03,159,159,1,5,9,0.0,RandomForestClassifier,safe_w200,2025-12-03T13:59:12,predict_next_joint,0.0,-200.0,200.0,0.0
2025-12-03,158,158,1,5,8,0.0,RandomForestClassifier,safe_w200,2025-12-03T13:59:12,predict_next_joint,0.0,-200.0,200.0,0.0
2025-12-03,156,156,1,5,6,0.0,RandomForestClassifier,safe_w200,2025-12-03T13:59:12,predict_next_joint,0.0,-200.0,200.0,0.0
2025-12-03,155,155,1,5,5,0.0,RandomForestClassifier,safe_w200,2025-12-03T13:59:12,predict_next_joint,0.0,-200.0,200.0,0.0
2025-12-03,154,154,1,5,4,0.0,RandomForestClassifier,safe_w200,2025-12-03T13:59:12,predict_next_joint,0.0,-200.0,200.0,0.0
2025-12-03,153,153,1,5,3,0.0,RandomForestClassifier,safe_w200,2025-12-03T13:59:12,predict_next_joint,0.0,-200.0,200.0,0.0
2025-12-03,152,152,1,5,2,0.0,RandomForestClassifier,safe_w200,2025-12-03T13:59:12,predict_next_joint,0.0,-200.0,200.0,0.0
2025-12-03,151,151,1,5,1,0.0,RandomForestClassifier,safe_w200,2025-12-03T13:59:12,predict_next_joint,0.0,-200.0,200.0,0.0
2025-12-03,148,148,1,4,8,0.0,RandomForestClassifier,safe_w200,2025-12-03T13:59:12,predict_next_joint,0.0,-200.0,200.0,0.0
2025-12-03,147,147,1,4,7,0.0,RandomForestClassifier,safe_w200,2025-12-03T13:59:12,predict_next_joint,0.0,-200.0,200.0,0.0
2025-12-03,145,145,1,4,5,0.0,RandomForestClassifier,safe_w200,2025-12-03T13:59:12,predict_next_joint,0.0,-200.0,200.0,0.0
2025-12-03,176,176,1,7,6,0.0,RandomForestClassifier,safe_w200,2025-12-03T13:59:12,predict_next_joint,0.0,-200.0,200.0,0.0
2025-12-03,175,175,1,7,5,0.0,RandomForestClassifier,safe_w200,2025-12-03T13:59:12,predict_next_joint,0.0,-200.0,200.0,0.0
2025-12-03,174,174,1,7,4,0.0,RandomForestClassifier,safe_w200,2025-12-03T13:59:12,predict_next_joint,0.0,-200.0,200.0,0.0
2025-12-03,173,173,1,7,3,0.0,RandomForestClassifier,safe_w200,2025-12-03T13:59:12,predict_next_joint,0.0,-200.0,200.0,0.0
2025-12-03,172,172,1,7,2,0.0,RandomForestClassifier,safe_w200,2025-12-03T13:59:12,predict_next_joint,0.0,-200.0,200.0,0.0
2025-12-03,171,171,1,7,1,0.0,RandomForestClassifier,safe_w200,2025-12-03T13:59:12,predict_next_joint,0.0,-200.0,200.0,0.0
2025-12-03,170,170,1,7,0,0.0,RandomForestClassifier,safe_w200,2025-12-03T13:59:12,predict_next_joint,0.0,-200.0,200.0,0.0
2025-12-03,167,167,1,6,7,0.0,RandomForestClassifier,safe_w200,2025-12-03T13:59:12,predict_next_joint,0.0,-200.0,200.0,0.0
2025-12-03,166,166,1,6,6,0.0,RandomForestClassifier,safe_w200,2025-12-03T13:59:12,predict_next_joint,0.0,-200.0,200.0,0.0
2025-12-03,165,165,1,6,5,0.0,RandomForestClassifier,safe_w200,2025-12-03T13:59:12,predict_next_joint,0.0,-200.0,200.0,0.0
2025-12-03,164,164,1,6,4,0.0,RandomForestClassifier,safe_w200,2025-12-03T13:59:12,predict_next_joint,0.0,-200.0,200.0,0.0
2025-12-03,163,163,1,6,3,0.0,RandomForestClassifier,safe_w200,2025-12-03T13:59:12,predict_next_joint,0.0,-200.0,200.0,0.0
2025-12-03,162,162,1,6,2,0.0,RandomForestClassifier,safe_w200,2025-12-03T13:59:12,predict_next_joint,0.0,-200.0,200.0,0.0
2025-12-03,161,161,1,6,1,0.0,RandomForestClassifier,safe_w200,2025-12-03T13:59:12,predict_next_joint,0.0,-200.0,200.0,0.0
2025-12-03,192,192,1,9,2,0.0,RandomForestClassifier,safe_w200,2025-12-03T13:59:12,predict_next_joint,0.0,-200.0,200.0,0.0
2025-12-03,191,191,1,9,1,0.0,RandomForestClassifier,safe_w200,2025-12-03T13:59:12,predict_next_joint,0.0,-200.0,200.0,0.0
2025-12-03,189,189,1,8,9,0.0,RandomForestClassifier,safe_w200,2025-12-03T13:59:12,predict_next_joint,0.0,-200.0,200.0,0.0
2025-12-03,188,188,1,8,8,0.0,RandomForestClassifier,safe_w200,2025-12-03T13:59:12,predict_next_joint,0.0,-200.0,200.0,0.0
2025-12-03,186,186,1,8,6,0.0,RandomForestClassifier,safe_w200,2025-12-03T13:59:12,predict_next_joint,0.0,-200.0,200.0,0.0
2025-12-03,185,185,1,8,5,0.0,RandomForestClassifier,safe_w200,2025-12-03T13:59:12,predict_next_joint,0.0,-200.0,200.0,0.0
2025-12-03,184,184,1,8,4,0.0,RandomForestClassifier,safe_w200,2025-12-03T13:59:12,predict_next_joint,0.0,-200.0,200.0,0.0
2025-12-03,183,183,1,8,3,0.0,RandomForestClassifier,safe_w200,2025-12-03T13:59:12,predict_next_joint,0.0,-200.0,200.0,0.0
2025-12-03,182,182,1,8,2,0.0,RandomForestClassifier,safe_w200,2025-12-03T13:59:12,predict_next_joint,0.0,-200.0,200.0,0.0
2025-12-03,181,181,1,8,1,0.0,RandomForestClassifier,safe_w200,2025-12-03T13:59:12,predict_next_joint,0.0,-200.0,200.0,0.0
2025-12-03,180,180,1,8,0,0.0,RandomForestClassifier,safe_w200,2025-12-03T13:59:12,predict_next_joint,0.0,-200.0,200.0,0.0
2025-12-03,179,179,1,7,9,0.0,RandomForestClassifier,safe_w200,2025-12-03T13:59:12,predict_next_joint,0.0,-200.0,200.0,0.0
2025-12-03,178,178,1,7,8,0.0,RandomForestClassifier,safe_w200,2025-12-03T13:59:12,predict_next_joint,0.0,-200.0,200.0,0.0
2025-12-03,177,177,1,7,7,0.0,RandomForestClassifier,safe_w200,2025-12-03T13:59:12,predict_next_joint,0.0,-200.0,200.0,0.0
2025-12-03,144,144,1,4,4,0.0,RandomForestClassifier,safe_w200,2025-12-03T13:59:12,predict_next_joint,0.0,-200.0,200.0,0.0
2025-12-03,143,143,1,4,3,0.0,RandomForestClassifier,safe_w200,2025-12-03T13:59:12,predict_next_joint,0.0,-200.0,200.0,0.0
2025-12-03,142,142,1,4,2,0.0,RandomForestClassifier,safe_w200,2025-12-03T13:59:12,predict_next_joint,0.0,-200.0,200.0,0.0
2025-12-03,141,141,1,4,1,0.0,RandomForestClassifier,safe_w200,2025-12-03T13:59:12,predict_next_joint,0.0,-200.0,200.0,0.0
2025-12-03,140,140,1,4,0,0.0,RandomForestClassifier,safe_w200,2025-12-03T13:59:12,predict_next_joint,0.0,-200.0,200.0,0.0
2025-12-03,138,138,1,3,8,0.0,RandomForestClassifier,safe_w200,2025-12-03T13:59:12,predict_next_joint,0.0,-200.0,200.0,0.0
2025-12-03,137,137,1,3,7,0.0,RandomForestClassifier,safe_w200,2025-12-03T13:59:12,predict_next_joint,0.0,-200.0,200.0,0.0
2025-12-03,136,136,1,3,6,0.0,RandomForestClassifier,safe_w200,2025-12-03T13:59:12,predict_next_joint,0.0,-200.0,200.0,0.0
2025-12-03,135,135,1,3,5,0.0,RandomForestClassifier,safe_w200,2025-12-03T13:59:12,predict_next_joint,0.0,-200.0,200.0,0.0
2025-12-03,134,134,1,3,4,0.0,RandomForestClassifier,safe_w200,2025-12-03T13:59:12,predict_next_joint,0.0,-200.0,200.0,0.0
2025-12-03,133,133,1,3,3,0.0,RandomForestClassifier,safe_w200,2025-12-03T13:59:12,predict_next_joint,0.0,-200.0,200.0,0.0
2025-12-03,132,132,1,3,2,0.0,RandomForestClassifier,safe_w200,2025-12-03T13:59:12,predict_next_joint,0.0,-200.0,200.0,0.0
2025-12-03,131,131,1,3,1,0.0,RandomForestClassifier,safe_w200,2025-12-03T13:59:12,predict_next_joint,0.0,-200.0,200.0,0.0
2025-12-03,130,130,1,3,0,0.0,RandomForestClassifier,safe_w200,2025-12-03T13:59:12,predict_next_joint,0.0,-200.0,200.0,0.0
2025-12-03,129,129,1,2,9,0.0,RandomForestClassifier,safe_w200,2025-12-03T13:59:12,predict_next_joint,0.0,-200.0,200.0,0.0
2025-12-03,208,208,2,0,8,0.0,RandomForestClassifier,safe_w200,2025-12-03T13:59:12,predict_next_joint,0.0,-200.0,200.0,0.0
2025-12-03,206,206,2,0,6,0.0,RandomForestClassifier,safe_w200,2025-12-03T13:59:12,predict_next_joint,0.0,-200.0,200.0,0.0
2025-12-03,202,202,2,0,2,0.0,RandomForestClassifier,safe_w200,2025-12-03T13:59:12,predict_next_joint,0.0,-200.0,200.0,0.0
2025-12-03,201,201,2,0,1,0.0,RandomForestClassifier,safe_w200,2025-12-03T13:59:12,predict_next_joint,0.0,-200.0,200.0,0.0
2025-12-03,200,200,2,0,0,0.0,RandomForestClassifier,safe_w200,2025-12-03T13:59:12,predict_next_joint,0.0,-200.0,200.0,0.0
2025-12-03,199,199,1,9,9,0.0,RandomForestClassifier,safe_w200,2025-12-03T13:59:12,predict_next_joint,0.0,-200.0,200.0,0.0
2025-12-03,198,198,1,9,8,0.0,RandomForestClassifier,safe_w200,2025-12-03T13:59:12,predict_next_joint,0.0,-200.0,200.0,0.0
2025-12-03,197,197,1,9,7,0.0,RandomForestClassifier,safe_w200,2025-12-03T13:59:12,predict_next_joint,0.0,-200.0,200.0,0.0
2025-12-03,196,196,1,9,6,0.0,RandomForestClassifier,safe_w200,2025-12-03T13:59:12,predict_next_joint,0.0,-200.0,200.0,0.0
2025-12-03,195,195,1,9,5,0.0,RandomForestClassifier,safe_w200,2025-12-03T13:59:12,predict_next_joint,0.0,-200.0,200.0,0.0
2025-12-03,193,193,1,9,3,0.0,RandomForestClassifier,safe_w200,2025-12-03T13:59:12,predict_next_joint,0.0,-200.0,200.0,0.0
2025-12-03,224,224,2,2,4,0.0,RandomForestClassifier,safe_w200,2025-12-03T13:59:12,predict_next_joint,0.0,-200.0,200.0,0.0
2025-12-03,223,223,2,2,3,0.0,RandomForestClassifier,safe_w200,2025-12-03T13:59:12,predict_next_joint,0.0,-200.0,200.0,0.0
2025-12-03,222,222,2,2,2,0.0,RandomForestClassifier,safe_w200,2025-12-03T13:59:12,predict_next_joint,0.0,-200.0,200.0,0.0
2025-12-03,221,221,2,2,1,0.0,RandomForestClassifier,safe_w200,2025-12-03T13:59:12,predict_next_joint,0.0,-200.0,200.0,0.0
2025-12-03,220,220,2,2,0,0.0,RandomForestClassifier,safe_w200,2025-12-03T13:59:12,predict_next_joint,0.0,-200.0,200.0,0.0
2025-12-03,219,219,2,1,9,0.0,RandomForestClassifier,safe_w200,2025-12-03T13:59:12,predict_next_joint,0.0,-200.0,200.0,0.0
2025-12-03,217,217,2,1,7,0.0,RandomForestClassifier,safe_w200,2025-12-03T13:59:12,predict_next_joint,0.0,-200.0,200.0,0.0
2025-12-03,216,216,2,1,6,0.0,RandomForestClassifier,safe_w200,2025-12-03T13:59:12,predict_next_joint,0.0,-200.0,200.0,0.0
2025-12-03,214,214,2,1,4,0.0,RandomForestClassifier,safe_w200,2025-12-03T13:59:12,predict_next_joint,0.0,-200.0,200.0,0.0
2025-12-03,213,213,2,1,3,0.0,RandomForestClassifier,safe_w200,2025-12-03T13:59:12,predict_next_joint,0.0,-200.0,200.0,0.0
2025-12-03,212,212,2,1,2,0.0,RandomForestClassifier,safe_w200,2025-12-03T13:59:12,predict_next_joint,0.0,-200.0,200.0,0.0
2025-12-03,211,211,2,1,1,0.0,RandomForestClassifier,safe_w200,2025-12-03T13:59:12,predict_next_joint,0.0,-200.0,200.0,0.0
2025-12-03,210,210,2,1,0,0.0,RandomForestClassifier,safe_w200,2025-12-03T13:59:12,predict_next_joint,0.0,-200.0,200.0,0.0
2025-12-03,209,209,2,0,9,0.0,RandomForestClassifier,safe_w200,2025-12-03T13:59:12,predict_next_joint,0.0,-200.0,200.0,0.0
2025-12-03,240,240,2,4,0,0.0,RandomForestClassifier,safe_w200,2025-12-03T13:59:12,predict_next_joint,0.0,-200.0,200.0,0.0
2025-12-03,239,239,2,3,9,0.0,RandomForestClassifier,safe_w200,2025-12-03T13:59:12,predict_next_joint,0.0,-200.0,200.0,0.0
2025-12-03,236,236,2,3,6,0.0,RandomForestClassifier,safe_w200,2025-12-03T13:59:12,predict_next_joint,0.0,-200.0,200.0,0.0
2025-12-03,235,235,2,3,5,0.0,RandomForestClassifier,safe_w200,2025-12-03T13:59:12,predict_next_joint,0.0,-200.0,200.0,0.0
2025-12-03,234,234,2,3,4,0.0,RandomForestClassifier,safe_w200,2025-12-03T13:59:12,predict_next_joint,0.0,-200.0,200.0,0.0
2025-12-03,233,233,2,3,3,0.0,RandomForestClassifier,safe_w200,2025-12-03T13:59:12,predict_next_joint,0.0,-200.0,200.0,0.0
2025-12-03,232,232,2,3,2,0.0,RandomForestClassifier,safe_w200,2025-12-03T13:59:12,predict_next_joint,0.0,-200.0,200.0,0.0
2025-12-03,231,231,2,3,1,0.0,RandomForestClassifier,safe_w200,2025-12-03T13:59:12,predict_next_joint,0.0,-200.0,200.0,0.0
2025-12-03,230,230,2,3,0,0.0,RandomForestClassifier,safe_w200,2025-12-03T13:59:12,predict_next_joint,0.0,-200.0,200.0,0.0
2025-12-03,228,228,2,2,8,0.0,RandomForestClassifier,safe_w200,2025-12-03T13:59:12,predict_next_joint,0.0,-200.0,200.0,0.0
2025-12-03,226,226,2,2,6,0.0,RandomForestClassifier,safe_w200,2025-12-03T13:59:12,predict_next_joint,0.0,-200.0,200.0,0.0
2025-12-03,225,225,2,2,5,0.0,RandomForestClassifier,safe_w200,2025-12-03T13:59:12,predict_next_joint,0.0,-200.0,200.0,0.0
2025-12-03,256,256,2,5,6,0.0,RandomForestClassifier,safe_w200,2025-12-03T13:59:12,predict_next_joint,0.0,-200.0,200.0,0.0
2025-12-03,255,255,2,5,5,0.0,RandomForestClassifier,safe_w200,2025-12-03T13:59:12,predict_next_joint,0.0,-200.0,200.0,0.0
2025-12-03,254,254,2,5,4,0.0,RandomForestClassifier,safe_w200,2025-12-03T13:59:12,predict_next_joint,0.0,-200.0,200.0,0.0
2025-12-03,252,252,2,5,2,0.0,RandomForestClassifier,safe_w200,2025-12-03T13:59:12,predict_next_joint,0.0,-200.0,200.0,0.0
2025-12-03,251,251,2,5,1,0.0,RandomForestClassifier,safe_w200,2025-12-03T13:59:12,predict_next_joint,0.0,-200.0,200.0,0.0
2025-12-03,250,250,2,5,0,0.0,RandomForestClassifier,safe_w200,2025-12-03T13:59:12,predict_next_joint,0.0,-200.0,200.0,0.0
2025-12-03,249,249,2,4,9,0.0,RandomForestClassifier,safe_w200,2025-12-03T13:59:12,predict_next_joint,0.0,-200.0,200.0,0.0
2025-12-03,248,248,2,4,8,0.0,RandomForestClassifier,safe_w200,2025-12-03T13:59:12,predict_next_joint,0.0,-200.0,200.0,0.0
2025-12-03,247,247,2,4,7,0.0,RandomForestClassifier,safe_w200,2025-12-03T13:59:12,predict_next_joint,0.0,-200.0,200.0,0.0
2025-12-03,246,246,2,4,6,0.0,RandomForestClassifier,safe_w200,2025-12-03T13:59:12,predict_next_joint,0.0,-200.0,200.0,0.0
2025-12-03,245,245,2,4,5,0.0,RandomForestClassifier,safe_w200,2025-12-03T13:59:12,predict_next_joint,0.0,-200.0,200.0,0.0
2025-12-03,244,244,2,4,4,0.0,RandomForestClassifier,safe_w200,2025-12-03T13:59:12,predict_next_joint,0.0,-200.0,200.0,0.0
2025-12-03,243,243,2,4,3,0.0,RandomForestClassifier,safe_w200,2025-12-03T13:59:12,predict_next_joint,0.0,-200.0,200.0,0.0
2025-12-03,242,242,2,4,2,0.0,RandomForestClassifier,safe_w200,2025-12-03T13:59:12,predict_next_joint,0.0,-200.0,200.0,0.0
2025-12-03,241,241,2,4,1,0.0,RandomForestClassifier,safe_w200,2025-12-03T13:59:12,predict_next_joint,0.0,-200.0,200.0,0.0
2025-12-03,272,272,2,7,2,0.0,RandomForestClassifier,safe_w200,2025-12-03T13:59:12,predict_next_joint,0.0,-200.0,200.0,0.0
2025-12-03,271,271,2,7,1,0.0,RandomForestClassifier,safe_w200,2025-12-03T13:59:12,predict_next_joint,0.0,-200.0,200.0,0.0
2025-12-03,270,270,2,7,0,0.0,RandomForestClassifier,safe_w200,2025-12-03T13:59:12,predict_next_joint,0.0,-200.0,200.0,0.0
2025-12-03,269,269,2,6,9,0.0,RandomForestClassifier,safe_w200,2025-12-03T13:59:12,predict_next_joint,0.0,-200.0,200.0,0.0
2025-12-03,268,268,2,6,8,0.0,RandomForestClassifier,safe_w200,2025-12-03T13:59:12,predict_next_joint,0.0,-200.0,200.0,0.0
2025-12-03,267,267,2,6,7,0.0,RandomForestClassifier,safe_w200,2025-12-03T13:59:12,predict_next_joint,0.0,-200.0,200.0,0.0
2025-12-03,266,266,2,6,6,0.0,RandomForestClassifier,safe_w200,2025-12-03T13:59:12,predict_next_joint,0.0,-200.0,200.0,0.0
2025-12-03,265,265,2,6,5,0.0,RandomForestClassifier,safe_w200,2025-12-03T13:59:12,predict_next_joint,0.0,-200.0,200.0,0.0
2025-12-03,264,264,2,6,4,0.0,RandomForestClassifier,safe_w200,2025-12-03T13:59:12,predict_next_joint,0.0,-200.0,200.0,0.0
2025-12-03,262,262,2,6,2,0.0,RandomForestClassifier,safe_w200,2025-12-03T13:59:12,predict_next_joint,0.0,-200.0,200.0,0.0
2025-12-03,261,261,2,6,1,0.0,RandomForestClassifier,safe_w200,2025-12-03T13:59:12,predict_next_joint,0.0,-200.0,200.0,0.0
2025-12-03,260,260,2,6,0,0.0,RandomForestClassifier,safe_w200,2025-12-03T13:59:12,predict_next_joint,0.0,-200.0,200.0,0.0
2025-12-03,259,259,2,5,9,0.0,RandomForestClassifier,safe_w200,2025-12-03T13:59:12,predict_next_joint,0.0,-200.0,200.0,0.0
2025-12-03,257,257,2,5,7,0.0,RandomForestClassifier,safe_w200,2025-12-03T13:59:12,predict_next_joint,0.0,-200.0,200.0,0.0
2025-12-03,288,288,2,8,8,0.0,RandomForestClassifier,safe_w200,2025-12-03T13:59:12,predict_next_joint,0.0,-200.0,200.0,0.0
2025-12-03,287,287,2,8,7,0.0,RandomForestClassifier,safe_w200,2025-12-03T13:59:12,predict_next_joint,0.0,-200.0,200.0,0.0
2025-12-03,285,285,2,8,5,0.0,RandomForestClassifier,safe_w200,2025-12-03T13:59:12,predict_next_joint,0.0,-200.0,200.0,0.0
2025-12-03,284,284,2,8,4,0.0,RandomForestClassifier,safe_w200,2025-12-03T13:59:12,predict_next_joint,0.0,-200.0,200.0,0.0
2025-12-03,283,283,2,8,3,0.0,RandomForestClassifier,safe_w200,2025-12-03T13:59:12,predict_next_joint,0.0,-200.0,200.0,0.0
2025-12-03,282,282,2,8,2,0.0,RandomForestClassifier,safe_w200,2025-12-03T13:59:12,predict_next_joint,0.0,-200.0,200.0,0.0
2025-12-03,281,281,2,8,1,0.0,RandomForestClassifier,safe_w200,2025-12-03T13:59:12,predict_next_joint,0.0,-200.0,200.0,0.0
2025-12-03,280,280,2,8,0,0.0,RandomForestClassifier,safe_w200,2025-12-03T13:59:12,predict_next_joint,0.0,-200.0,200.0,0.0
2025-12-03,277,277,2,7,7,0.0,RandomForestClassifier,safe_w200,2025-12-03T13:59:12,predict_next_joint,0.0,-200.0,200.0,0.0
2025-12-03,274,274,2,7,4,0.0,RandomForestClassifier,safe_w200,2025-12-03T13:59:12,predict_next_joint,0.0,-200.0,200.0,0.0
2025-12-03,128,128,1,2,8,0.0,RandomForestClassifier,safe_w200,2025-12-03T13:59:12,predict_next_joint,0.0,-200.0,200.0,0.0
2025-12-03,127,127,1,2,7,0.0,RandomForestClassifier,safe_w200,2025-12-03T13:59:12,predict_next_joint,0.0,-200.0,200.0,0.0
2025-12-03,126,126,1,2,6,0.0,RandomForestClassifier,safe_w200,2025-12-03T13:59:12,predict_next_joint,0.0,-200.0,200.0,0.0
2025-12-03,125,125,1,2,5,0.0,RandomForestClassifier,safe_w200,2025-12-03T13:59:12,predict_next_joint,0.0,-200.0,200.0,0.0
2025-12-03,124,124,1,2,4,0.0,RandomForestClassifier,safe_w200,2025-12-03T13:59:12,predict_next_joint,0.0,-200.0,200.0,0.0
2025-12-03,123,123,1,2,3,0.0,RandomForestClassifier,safe_w200,2025-12-03T13:59:12,predict_next_joint,0.0,-200.0,200.0,0.0
2025-12-03,122,122,1,2,2,0.0,RandomForestClassifier,safe_w200,2025-12-03T13:59:12,predict_next_joint,0.0,-200.0,200.0,0.0
2025-12-03,121,121,1,2,1,0.0,RandomForestClassifier,safe_w200,2025-12-03T13:59:12,predict_next_joint,0.0,-200.0,200.0,0.0
2025-12-03,120,120,1,2,0,0.0,RandomForestClassifier,safe_w200,2025-12-03T13:59:12,predict_next_joint,0.0,-200.0,200.0,0.0
2025-12-03,119,119,1,1,9,0.0,RandomForestClassifier,safe_w200,2025-12-03T13:59:12,predict_next_joint,0.0,-200.0,200.0,0.0
2025-12-03,118,118,1,1,8,0.0,RandomForestClassifier,safe_w200,2025-12-03T13:59:12,predict_next_joint,0.0,-200.0,200.0,0.0
2025-12-03,117,117,1,1,7,0.0,RandomForestClassifier,safe_w200,2025-12-03T13:59:12,predict_next_joint,0.0,-200.0,200.0,0.0
2025-12-03,116,116,1,1,6,0.0,RandomForestClassifier,safe_w200,2025-12-03T13:59:12,predict_next_joint,0.0,-200.0,200.0,0.0
2025-12-03,115,115,1,1,5,0.0,RandomForestClassifier,safe_w200,2025-12-03T13:59:12,predict_next_joint,0.0,-200.0,200.0,0.0
2025-12-03,114,114,1,1,4,0.0,RandomForestClassifier,safe_w200,2025-12-03T13:59:12,predict_next_joint,0.0,-200.0,200.0,0.0
2025-12-03,113,113,1,1,3,0.0,RandomForestClassifier,safe_w200,2025-12-03T13:59:12,predict_next_joint,0.0,-200.0,200.0,0.0
2025-12-03,304,304,3,0,4,0.0,RandomForestClassifier,safe_w200,2025-12-03T13:59:12,predict_next_joint,0.0,-200.0,200.0,0.0
2025-12-03,303,303,3,0,3,0.0,RandomForestClassifier,safe_w200,2025-12-03T13:59:12,predict_next_joint,0.0,-200.0,200.0,0.0
2025-12-03,302,302,3,0,2,0.0,RandomForestClassifier,safe_w200,2025-12-03T13:59:12,predict_next_joint,0.0,-200.0,200.0,0.0
2025-12-03,301,301,3,0,1,0.0,RandomForestClassifier,safe_w200,2025-12-03T13:59:12,predict_next_joint,0.0,-200.0,200.0,0.0
2025-12-03,300,300,3,0,0,0.0,RandomForestClassifier,safe_w200,2025-12-03T13:59:12,predict_next_joint,0.0,-200.0,200.0,0.0
2025-12-03,299,299,2,9,9,0.0,RandomForestClassifier,safe_w200,2025-12-03T13:59:12,predict_next_joint,0.0,-200.0,200.0,0.0
2025-12-03,298,298,2,9,8,0.0,RandomForestClassifier,safe_w200,2025-12-03T13:59:12,predict_next_joint,0.0,-200.0,200.0,0.0
2025-12-03,297,297,2,9,7,0.0,RandomForestClassifier,safe_w200,2025-12-03T13:59:12,predict_next_joint,0.0,-200.0,200.0,0.0
2025-12-03,296,296,2,9,6,0.0,RandomForestClassifier,safe_w200,2025-12-03T13:59:12,predict_next_joint,0.0,-200.0,200.0,0.0
2025-12-03,295,295,2,9,5,0.0,RandomForestClassifier,safe_w200,2025-12-03T13:59:12,predict_next_joint,0.0,-200.0,200.0,0.0
2025-12-03,294,294,2,9,4,0.0,RandomForestClassifier,safe_w200,2025-12-03T13:59:12,predict_next_joint,0.0,-200.0,200.0,0.0
2025-12-03,293,293,2,9,3,0.0,RandomForestClassifier,safe_w200,2025-12-03T13:59:12,predict_next_joint,0.0,-200.0,200.0,0.0
2025-12-03,291,291,2,9,1,0.0,RandomForestClassifier,safe_w200,2025-12-03T13:59:12,predict_next_joint,0.0,-200.0,200.0,0.0
2025-12-03,290,290,2,9,0,0.0,RandomForestClassifier,safe_w200,2025-12-03T13:59:12,predict_next_joint,0.0,-200.0,200.0,0.0
2025-12-03,289,289,2,8,9,0.0,RandomForestClassifier,safe_w200,2025-12-03T13:59:12,predict_next_joint,0.0,-200.0,200.0,0.0
2025-12-03,320,320,3,2,0,0.0,RandomForestClassifier,safe_w200,2025-12-03T13:59:12,predict_next_joint,0.0,-200.0,200.0,0.0
2025-12-03,319,319,3,1,9,0.0,RandomForestClassifier,safe_w200,2025-12-03T13:59:12,predict_next_joint,0.0,-200.0,200.0,0.0
2025-12-03,318,318,3,1,8,0.0,RandomForestClassifier,safe_w200,2025-12-03T13:59:12,predict_next_joint,0.0,-200.0,200.0,0.0
2025-12-03,317,317,3,1,7,0.0,RandomForestClassifier,safe_w200,2025-12-03T13:59:12,predict_next_joint,0.0,-200.0,200.0,0.0
2025-12-03,315,315,3,1,5,0.0,RandomForestClassifier,safe_w200,2025-12-03T13:59:12,predict_next_joint,0.0,-200.0,200.0,0.0
2025-12-03,314,314,3,1,4,0.0,RandomForestClassifier,safe_w200,2025-12-03T13:59:12,predict_next_joint,0.0,-200.0,200.0,0.0
2025-12-03,313,313,3,1,3,0.0,RandomForestClassifier,safe_w200,2025-12-03T13:59:12,predict_next_joint,0.0,-200.0,200.0,0.0
2025-12-03,312,312,3,1,2,0.0,RandomForestClassifier,safe_w200,2025-12-03T13:59:12,predict_next_joint,0.0,-200.0,200.0,0.0
2025-12-03,311,311,3,1,1,0.0,RandomForestClassifier,safe_w200,2025-12-03T13:59:12,predict_next_joint,0.0,-200.0,200.0,0.0
2025-12-03,310,310,3,1,0,0.0,RandomForestClassifier,safe_w200,2025-12-03T13:59:12,predict_next_joint,0.0,-200.0,200.0,0.0
2025-12-03,309,309,3,0,9,0.0,RandomForestClassifier,safe_w200,2025-12-03T13:59:12,predict_next_joint,0.0,-200.0,200.0,0.0
2025-12-03,308,308,3,0,8,0.0,RandomForestClassifier,safe_w200,2025-12-03T13:59:12,predict_next_joint,0.0,-200.0,200.0,0.0
2025-12-03,307,307,3,0,7,0.0,RandomForestClassifier,safe_w200,2025-12-03T13:59:12,predict_next_joint,0.0,-200.0,200.0,0.0
2025-12-03,306,306,3,0,6,0.0,RandomForestClassifier,safe_w200,2025-12-03T13:59:12,predict_next_joint,0.0,-200.0,200.0,0.0
2025-12-03,305,305,3,0,5,0.0,RandomForestClassifier,safe_w200,2025-12-03T13:59:12,predict_next_joint,0.0,-200.0,200.0,0.0
2025-12-03,336,336,3,3,6,0.0,RandomForestClassifier,safe_w200,2025-12-03T13:59:12,predict_next_joint,0.0,-200.0,200.0,0.0
2025-12-03,335,335,3,3,5,0.0,RandomForestClassifier,safe_w200,2025-12-03T13:59:12,predict_next_joint,0.0,-200.0,200.0,0.0
2025-12-03,334,334,3,3,4,0.0,RandomForestClassifier,safe_w200,2025-12-03T13:59:12,predict_next_joint,0.0,-200.0,200.0,0.0
2025-12-03,333,333,3,3,3,0.0,RandomForestClassifier,safe_w200,2025-12-03T13:59:12,predict_next_joint,0.0,-200.0,200.0,0.0
2025-12-03,332,332,3,3,2,0.0,RandomForestClassifier,safe_w200,2025-12-03T13:59:12,predict_next_joint,0.0,-200.0,200.0,0.0
2025-12-03,331,331,3,3,1,0.0,RandomForestClassifier,safe_w200,2025-12-03T13:59:12,predict_next_joint,0.0,-200.0,200.0,0.0
2025-12-03,330,330,3,3,0,0.0,RandomForestClassifier,safe_w200,2025-12-03T13:59:12,predict_next_joint,0.0,-200.0,200.0,0.0
2025-12-03,329,329,3,2,9,0.0,RandomForestClassifier,safe_w200,2025-12-03T13:59:12,predict_next_joint,0.0,-200.0,200.0,0.0
2025-12-03,328,328,3,2,8,0.0,RandomForestClassifier,safe_w200,2025-12-03T13:59:12,predict_next_joint,0.0,-200.0,200.0,0.0
2025-12-03,327,327,3,2,7,0.0,RandomForestClassifier,safe_w200,2025-12-03T13:59:12,predict_next_joint,0.0,-200.0,200.0,0.0
2025-12-03,326,326,3,2,6,0.0,RandomForestClassifier,safe_w200,2025-12-03T13:59:12,predict_next_joint,0.0,-200.0,200.0,0.0
2025-12-03,324,324,3,2,4,0.0,RandomForestClassifier,safe_w200,2025-12-03T13:59:12,predict_next_joint,0.0,-200.0,200.0,0.0
2025-12-03,323,323,3,2,3,0.0,RandomForestClassifier,safe_w200,2025-12-03T13:59:12,predict_next_joint,0.0,-200.0,200.0,0.0
2025-12-03,322,322,3,2,2,0.0,RandomForestClassifier,safe_w200,2025-12-03T13:59:12,predict_next_joint,0.0,-200.0,200.0,0.0
2025-12-03,352,352,3,5,2,0.0,RandomForestClassifier,safe_w200,2025-12-03T13:59:12,predict_next_joint,0.0,-200.0,200.0,0.0
2025-12-03,351,351,3,5,1,0.0,RandomForestClassifier,safe_w200,2025-12-03T13:59:12,predict_next_joint,0.0,-200.0,200.0,0.0
2025-12-03,350,350,3,5,0,0.0,RandomForestClassifier,safe_w200,2025-12-03T13:59:12,predict_next_joint,0.0,-200.0,200.0,0.0
2025-12-03,349,349,3,4,9,0.0,RandomForestClassifier,safe_w200,2025-12-03T13:59:12,predict_next_joint,0.0,-200.0,200.0,0.0
2025-12-03,348,348,3,4,8,0.0,RandomForestClassifier,safe_w200,2025-12-03T13:59:12,predict_next_joint,0.0,-200.0,200.0,0.0
2025-12-03,347,347,3,4,7,0.0,RandomForestClassifier,safe_w200,2025-12-03T13:59:12,predict_next_joint,0.0,-200.0,200.0,0.0
2025-12-03,346,346,3,4,6,0.0,RandomForestClassifier,safe_w200,2025-12-03T13:59:12,predict_next_joint,0.0,-200.0,200.0,0.0
2025-12-03,345,345,3,4,5,0.0,RandomForestClassifier,safe_w200,2025-12-03T13:59:12,predict_next_joint,0.0,-200.0,200.0,0.0
2025-12-03,344,344,3,4,4,0.0,RandomForestClassifier,safe_w200,2025-12-03T13:59:12,predict_next_joint,0.0,-200.0,200.0,0.0
2025-12-03,343,343,3,4,3,0.0,RandomForestClassifier,safe_w200,2025-12-03T13:59:12,predict_next_joint,0.0,-200.0,200.0,0.0
2025-12-03,342,342,3,4,2,0.0,RandomForestClassifier,safe_w200,2025-12-03T13:59:12,predict_next_joint,0.0,-200.0,200.0,0.0
2025-12-03,341,341,3,4,1,0.0,RandomForestClassifier,safe_w200,2025-12-03T13:59:12,predict_next_joint,0.0,-200.0,200.0,0.0
2025-12-03,340,340,3,4,0,0.0,RandomForestClassifier,safe_w200,2025-12-03T13:59:12,predict_next_joint,0.0,-200.0,200.0,0.0
2025-12-03,339,339,3,3,9,0.0,RandomForestClassifier,safe_w200,2025-12-03T13:59:12,predict_next_joint,0.0,-200.0,200.0,0.0
2025-12-03,338,338,3,3,8,0.0,RandomForestClassifier,safe_w200,2025-12-03T13:59:12,predict_next_joint,0.0,-200.0,200.0,0.0
2025-12-03,337,337,3,3,7,0.0,RandomForestClassifier,safe_w200,2025-12-03T13:59:12,predict_next_joint,0.0,-200.0,200.0,0.0
2025-12-03,367,367,3,6,7,0.0,RandomForestClassifier,safe_w200,2025-12-03T13:59:12,predict_next_joint,0.0,-200.0,200.0,0.0
2025-12-03,366,366,3,6,6,0.0,RandomForestClassifier,safe_w200,2025-12-03T13:59:12,predict_next_joint,0.0,-200.0,200.0,0.0
2025-12-03,365,365,3,6,5,0.0,RandomForestClassifier,safe_w200,2025-12-03T13:59:12,predict_next_joint,0.0,-200.0,200.0,0.0
2025-12-03,363,363,3,6,3,0.0,RandomForestClassifier,safe_w200,2025-12-03T13:59:12,predict_next_joint,0.0,-200.0,200.0,0.0
2025-12-03,362,362,3,6,2,0.0,RandomForestClassifier,safe_w200,2025-12-03T13:59:12,predict_next_joint,0.0,-200.0,200.0,0.0
2025-12-03,360,360,3,6,0,0.0,RandomForestClassifier,safe_w200,2025-12-03T13:59:12,predict_next_joint,0.0,-200.0,200.0,0.0
2025-12-03,359,359,3,5,9,0.0,RandomForestClassifier,safe_w200,2025-12-03T13:59:12,predict_next_joint,0.0,-200.0,200.0,0.0
2025-12-03,358,358,3,5,8,0.0,RandomForestClassifier,safe_w200,2025-12-03T13:59:12,predict_next_joint,0.0,-200.0,200.0,0.0
2025-12-03,357,357,3,5,7,0.0,RandomForestClassifier,safe_w200,2025-12-03T13:59:12,predict_next_joint,0.0,-200.0,200.0,0.0
2025-12-03,356,356,3,5,6,0.0,RandomForestClassifier,safe_w200,2025-12-03T13:59:12,predict_next_joint,0.0,-200.0,200.0,0.0
2025-12-03,355,355,3,5,5,0.0,RandomForestClassifier,safe_w200,2025-12-03T13:59:12,predict_next_joint,0.0,-200.0,200.0,0.0
2025-12-03,354,354,3,5,4,0.0,RandomForestClassifier,safe_w200,2025-12-03T13:59:12,predict_next_joint,0.0,-200.0,200.0,0.0
2025-12-03,353,353,3,5,3,0.0,RandomForestClassifier,safe_w200,2025-12-03T13:59:12,predict_next_joint,0.0,-200.0,200.0,0.0
2025-12-03,384,384,3,8,4,0.0,RandomForestClassifier,safe_w200,2025-12-03T13:59:12,predict_next_joint,0.0,-200.0,200.0,0.0
2025-12-03,383,383,3,8,3,0.0,RandomForestClassifier,safe_w200,2025-12-03T13:59:12,predict_next_joint,0.0,-200.0,200.0,0.0
2025-12-03,382,382,3,8,2,0.0,RandomForestClassifier,safe_w200,2025-12-03T13:59:12,predict_next_joint,0.0,-200.0,200.0,0.0
2025-12-03,381,381,3,8,1,0.0,RandomForestClassifier,safe_w200,2025-12-03T13:59:12,predict_next_joint,0.0,-200.0,200.0,0.0
2025-12-03,380,380,3,8,0,0.0,RandomForestClassifier,safe_w200,2025-12-03T13:59:12,predict_next_joint,0.0,-200.0,200.0,0.0
2025-12-03,379,379,3,7,9,0.0,RandomForestClassifier,safe_w200,2025-12-03T13:59:12,predict_next_joint,0.0,-200.0,200.0,0.0
2025-12-03,378,378,3,7,8,0.0,RandomForestClassifier,safe_w200,2025-12-03T13:59:12,predict_next_joint,0.0,-200.0,200.0,0.0
2025-12-03,377,377,3,7,7,0.0,RandomForestClassifier,safe_w200,2025-12-03T13:59:12,predict_next_joint,0.0,-200.0,200.0,0.0
2025-12-03,376,376,3,7,6,0.0,RandomForestClassifier,safe_w200,2025-12-03T13:59:12,predict_next_joint,0.0,-200.0,200.0,0.0
2025-12-03,375,375,3,7,5,0.0,RandomForestClassifier,safe_w200,2025-12-03T13:59:12,predict_next_joint,0.0,-200.0,200.0,0.0
2025-12-03,373,373,3,7,3,0.0,RandomForestClassifier,safe_w200,2025-12-03T13:59:12,predict_next_joint,0.0,-200.0,200.0,0.0
2025-12-03,370,370,3,7,0,0.0,RandomForestClassifier,safe_w200,2025-12-03T13:59:12,predict_next_joint,0.0,-200.0,200.0,0.0
2025-12-03,369,369,3,6,9,0.0,RandomForestClassifier,safe_w200,2025-12-03T13:59:12,predict_next_joint,0.0,-200.0,200.0,0.0
2025-12-03,400,400,4,0,0,0.0,RandomForestClassifier,safe_w200,2025-12-03T13:59:12,predict_next_joint,0.0,-200.0,200.0,0.0
2025-12-03,399,399,3,9,9,0.0,RandomForestClassifier,safe_w200,2025-12-03T13:59:12,predict_next_joint,0.0,-200.0,200.0,0.0
2025-12-03,398,398,3,9,8,0.0,RandomForestClassifier,safe_w200,2025-12-03T13:59:12,predict_next_joint,0.0,-200.0,200.0,0.0
2025-12-03,397,397,3,9,7,0.0,RandomForestClassifier,safe_w200,2025-12-03T13:59:12,predict_next_joint,0.0,-200.0,200.0,0.0
2025-12-03,396,396,3,9,6,0.0,RandomForestClassifier,safe_w200,2025-12-03T13:59:12,predict_next_joint,0.0,-200.0,200.0,0.0
2025-12-03,394,394,3,9,4,0.0,RandomForestClassifier,safe_w200,2025-12-03T13:59:12,predict_next_joint,0.0,-200.0,200.0,0.0
2025-12-03,393,393,3,9,3,0.0,RandomForestClassifier,safe_w200,2025-12-03T13:59:12,predict_next_joint,0.0,-200.0,200.0,0.0
2025-12-03,392,392,3,9,2,0.0,RandomForestClassifier,safe_w200,2025-12-03T13:59:12,predict_next_joint,0.0,-200.0,200.0,0.0
2025-12-03,390,390,3,9,0,0.0,RandomForestClassifier,safe_w200,2025-12-03T13:59:12,predict_next_joint,0.0,-200.0,200.0,0.0
2025-12-03,388,388,3,8,8,0.0,RandomForestClassifier,safe_w200,2025-12-03T13:59:12,predict_next_joint,0.0,-200.0,200.0,0.0
2025-12-03,387,387,3,8,7,0.0,RandomForestClassifier,safe_w200,2025-12-03T13:59:12,predict_next_joint,0.0,-200.0,200.0,0.0
2025-12-03,386,386,3,8,6,0.0,RandomForestClassifier,safe_w200,2025-12-03T13:59:12,predict_next_joint,0.0,-200.0,200.0,0.0
2025-12-03,385,385,3,8,5,0.0,RandomForestClassifier,safe_w200,2025-12-03T13:59:12,predict_next_joint,0.0,-200.0,200.0,0.0
2025-12-03,416,416,4,1,6,0.0,RandomForestClassifier,safe_w200,2025-12-03T13:59:12,predict_next_joint,0.0,-200.0,200.0,0.0
2025-12-03,415,415,4,1,5,0.0,RandomForestClassifier,safe_w200,2025-12-03T13:59:12,predict_next_joint,0.0,-200.0,200.0,0.0
2025-12-03,414,414,4,1,4,0.0,RandomForestClassifier,safe_w200,2025-12-03T13:59:12,predict_next_joint,0.0,-200.0,200.0,0.0
2025-12-03,413,413,4,1,3,0.0,RandomForestClassifier,safe_w200,2025-12-03T13:59:12,predict_next_joint,0.0,-200.0,200.0,0.0
2025-12-03,412,412,4,1,2,0.0,RandomForestClassifier,safe_w200,2025-12-03T13:59:12,predict_next_joint,0.0,-200.0,200.0,0.0
2025-12-03,411,411,4,1,1,0.0,RandomForestClassifier,safe_w200,2025-12-03T13:59:12,predict_next_joint,0.0,-200.0,200.0,0.0
2025-12-03,410,410,4,1,0,0.0,RandomForestClassifier,safe_w200,2025-12-03T13:59:12,predict_next_joint,0.0,-200.0,200.0,0.0
2025-12-03,409,409,4,0,9,0.0,RandomForestClassifier,safe_w200,2025-12-03T13:59:12,predict_next_joint,0.0,-200.0,200.0,0.0
2025-12-03,408,408,4,0,8,0.0,RandomForestClassifier,safe_w200,2025-12-03T13:59:12,predict_next_joint,0.0,-200.0,200.0,0.0
2025-12-03,407,407,4,0,7,0.0,RandomForestClassifier,safe_w200,2025-12-03T13:59:12,predict_next_joint,0.0,-200.0,200.0,0.0
2025-12-03,406,406,4,0,6,0.0,RandomForestClassifier,safe_w200,2025-12-03T13:59:12,predict_next_joint,0.0,-200.0,200.0,0.0
2025-12-03,405,405,4,0,5,0.0,RandomForestClassifier,safe_w200,2025-12-03T13:59:12,predict_next_joint,0.0,-200.0,200.0,0.0
2025-12-03,404,404,4,0,4,0.0,RandomForestClassifier,safe_w200,2025-12-03T13:59:12,predict_next_joint,0.0,-200.0,200.0,0.0
2025-12-03,403,403,4,0,3,0.0,RandomForestClassifier,safe_w200,2025-12-03T13:59:12,predict_next_joint,0.0,-200.0,200.0,0.0
2025-12-03,402,402,4,0,2,0.0,RandomForestClassifier,safe_w200,2025-12-03T13:59:12,predict_next_joint,0.0,-200.0,200.0,0.0
2025-12-03,401,401,4,0,1,0.0,RandomForestClassifier,safe_w200,2025-12-03T13:59:12,predict_next_joint,0.0,-200.0,200.0,0.0
2025-12-03,112,112,1,1,2,0.0,RandomForestClassifier,safe_w200,2025-12-03T13:59:12,predict_next_joint,0.0,-200.0,200.0,0.0
2025-12-03,111,111,1,1,1,0.0,RandomForestClassifier,safe_w200,2025-12-03T13:59:12,predict_next_joint,0.0,-200.0,200.0,0.0
2025-12-03,110,110,1,1,0,0.0,RandomForestClassifier,safe_w200,2025-12-03T13:59:12,predict_next_joint,0.0,-200.0,200.0,0.0
2025-12-03,109,109,1,0,9,0.0,RandomForestClassifier,safe_w200,2025-12-03T13:59:12,predict_next_joint,0.0,-200.0,200.0,0.0
2025-12-03,107,107,1,0,7,0.0,RandomForestClassifier,safe_w200,2025-12-03T13:59:12,predict_next_joint,0.0,-200.0,200.0,0.0
2025-12-03,106,106,1,0,6,0.0,RandomForestClassifier,safe_w200,2025-12-03T13:59:12,predict_next_joint,0.0,-200.0,200.0,0.0
2025-12-03,105,105,1,0,5,0.0,RandomForestClassifier,safe_w200,2025-12-03T13:59:12,predict_next_joint,0.0,-200.0,200.0,0.0
2025-12-03,104,104,1,0,4,0.0,RandomForestClassifier,safe_w200,2025-12-03T13:59:12,predict_next_joint,0.0,-200.0,200.0,0.0
2025-12-03,103,103,1,0,3,0.0,RandomForestClassifier,safe_w200,2025-12-03T13:59:12,predict_next_joint,0.0,-200.0,200.0,0.0
2025-12-03,102,102,1,0,2,0.0,RandomForestClassifier,safe_w200,2025-12-03T13:59:12,predict_next_joint,0.0,-200.0,200.0,0.0
2025-12-03,101,101,1,0,1,0.0,RandomForestClassifier,safe_w200,2025-12-03T13:59:12,predict_next_joint,0.0,-200.0,200.0,0.0
2025-12-03,100,100,1,0,0,0.0,RandomForestClassifier,safe_w200,2025-12-03T13:59:12,predict_next_joint,0.0,-200.0,200.0,0.0
2025-12-03,099,99,0,9,9,0.0,RandomForestClassifier,safe_w200,2025-12-03T13:59:12,predict_next_joint,0.0,-200.0,200.0,0.0
2025-12-03,098,98,0,9,8,0.0,RandomForestClassifier,safe_w200,2025-12-03T13:59:12,predict_next_joint,0.0,-200.0,200.0,0.0
2025-12-03,097,97,0,9,7,0.0,RandomForestClassifier,safe_w200,2025-12-03T13:59:12,predict_next_joint,0.0,-200.0,200.0,0.0
2025-12-03,432,432,4,3,2,0.0,RandomForestClassifier,safe_w200,2025-12-03T13:59:12,predict_next_joint,0.0,-200.0,200.0,0.0
2025-12-03,431,431,4,3,1,0.0,RandomForestClassifier,safe_w200,2025-12-03T13:59:12,predict_next_joint,0.0,-200.0,200.0,0.0
2025-12-03,428,428,4,2,8,0.0,RandomForestClassifier,safe_w200,2025-12-03T13:59:12,predict_next_joint,0.0,-200.0,200.0,0.0
2025-12-03,426,426,4,2,6,0.0,RandomForestClassifier,safe_w200,2025-12-03T13:59:12,predict_next_joint,0.0,-200.0,200.0,0.0
2025-12-03,425,425,4,2,5,0.0,RandomForestClassifier,safe_w200,2025-12-03T13:59:12,predict_next_joint,0.0,-200.0,200.0,0.0
2025-12-03,424,424,4,2,4,0.0,RandomForestClassifier,safe_w200,2025-12-03T13:59:12,predict_next_joint,0.0,-200.0,200.0,0.0
2025-12-03,423,423,4,2,3,0.0,RandomForestClassifier,safe_w200,2025-12-03T13:59:12,predict_next_joint,0.0,-200.0,200.0,0.0
2025-12-03,422,422,4,2,2,0.0,RandomForestClassifier,safe_w200,2025-12-03T13:59:12,predict_next_joint,0.0,-200.0,200.0,0.0
2025-12-03,421,421,4,2,1,0.0,RandomForestClassifier,safe_w200,2025-12-03T13:59:12,predict_next_joint,0.0,-200.0,200.0,0.0
2025-12-03,420,420,4,2,0,0.0,RandomForestClassifier,safe_w200,2025-12-03T13:59:12,predict_next_joint,0.0,-200.0,200.0,0.0
2025-12-03,419,419,4,1,9,0.0,RandomForestClassifier,safe_w200,2025-12-03T13:59:12,predict_next_joint,0.0,-200.0,200.0,0.0
2025-12-03,418,418,4,1,8,0.0,RandomForestClassifier,safe_w200,2025-12-03T13:59:12,predict_next_joint,0.0,-200.0,200.0,0.0
2025-12-03,417,417,4,1,7,0.0,RandomForestClassifier,safe_w200,2025-12-03T13:59:12,predict_next_joint,0.0,-200.0,200.0,0.0
2025-12-03,448,448,4,4,8,0.0,RandomForestClassifier,safe_w200,2025-12-03T13:59:12,predict_next_joint,0.0,-200.0,200.0,0.0
2025-12-03,447,447,4,4,7,0.0,RandomForestClassifier,safe_w200,2025-12-03T13:59:12,predict_next_joint,0.0,-200.0,200.0,0.0
2025-12-03,446,446,4,4,6,0.0,RandomForestClassifier,safe_w200,2025-12-03T13:59:12,predict_next_joint,0.0,-200.0,200.0,0.0
2025-12-03,445,445,4,4,5,0.0,RandomForestClassifier,safe_w200,2025-12-03T13:59:12,predict_next_joint,0.0,-200.0,200.0,0.0
2025-12-03,444,444,4,4,4,0.0,RandomForestClassifier,safe_w200,2025-12-03T13:59:12,predict_next_joint,0.0,-200.0,200.0,0.0
2025-12-03,443,443,4,4,3,0.0,RandomForestClassifier,safe_w200,2025-12-03T13:59:12,predict_next_joint,0.0,-200.0,200.0,0.0
2025-12-03,442,442,4,4,2,0.0,RandomForestClassifier,safe_w200,2025-12-03T13:59:12,predict_next_joint,0.0,-200.0,200.0,0.0
2025-12-03,441,441,4,4,1,0.0,RandomForestClassifier,safe_w200,2025-12-03T13:59:12,predict_next_joint,0.0,-200.0,200.0,0.0
2025-12-03,440,440,4,4,0,0.0,RandomForestClassifier,safe_w200,2025-12-03T13:59:12,predict_next_joint,0.0,-200.0,200.0,0.0
2025-12-03,438,438,4,3,8,0.0,RandomForestClassifier,safe_w200,2025-12-03T13:59:12,predict_next_joint,0.0,-200.0,200.0,0.0
2025-12-03,437,437,4,3,7,0.0,RandomForestClassifier,safe_w200,2025-12-03T13:59:12,predict_next_joint,0.0,-200.0,200.0,0.0
2025-12-03,436,436,4,3,6,0.0,RandomForestClassifier,safe_w200,2025-12-03T13:59:12,predict_next_joint,0.0,-200.0,200.0,0.0
2025-12-03,435,435,4,3,5,0.0,RandomForestClassifier,safe_w200,2025-12-03T13:59:12,predict_next_joint,0.0,-200.0,200.0,0.0
2025-12-03,434,434,4,3,4,0.0,RandomForestClassifier,safe_w200,2025-12-03T13:59:12,predict_next_joint,0.0,-200.0,200.0,0.0
2025-12-03,433,433,4,3,3,0.0,RandomForestClassifier,safe_w200,2025-12-03T13:59:12,predict_next_joint,0.0,-200.0,200.0,0.0
2025-12-03,464,464,4,6,4,0.0,RandomForestClassifier,safe_w200,2025-12-03T13:59:12,predict_next_joint,0.0,-200.0,200.0,0.0
2025-12-03,463,463,4,6,3,0.0,RandomForestClassifier,safe_w200,2025-12-03T13:59:12,predict_next_joint,0.0,-200.0,200.0,0.0
2025-12-03,462,462,4,6,2,0.0,RandomForestClassifier,safe_w200,2025-12-03T13:59:12,predict_next_joint,0.0,-200.0,200.0,0.0
2025-12-03,460,460,4,6,0,0.0,RandomForestClassifier,safe_w200,2025-12-03T13:59:12,predict_next_joint,0.0,-200.0,200.0,0.0
2025-12-03,459,459,4,5,9,0.0,RandomForestClassifier,safe_w200,2025-12-03T13:59:12,predict_next_joint,0.0,-200.0,200.0,0.0
2025-12-03,458,458,4,5,8,0.0,RandomForestClassifier,safe_w200,2025-12-03T13:59:12,predict_next_joint,0.0,-200.0,200.0,0.0
2025-12-03,457,457,4,5,7,0.0,RandomForestClassifier,safe_w200,2025-12-03T13:59:12,predict_next_joint,0.0,-200.0,200.0,0.0
2025-12-03,456,456,4,5,6,0.0,RandomForestClassifier,safe_w200,2025-12-03T13:59:12,predict_next_joint,0.0,-200.0,200.0,0.0
2025-12-03,455,455,4,5,5,0.0,RandomForestClassifier,safe_w200,2025-12-03T13:59:12,predict_next_joint,0.0,-200.0,200.0,0.0
2025-12-03,454,454,4,5,4,0.0,RandomForestClassifier,safe_w200,2025-12-03T13:59:12,predict_next_joint,0.0,-200.0,200.0,0.0
2025-12-03,453,453,4,5,3,0.0,RandomForestClassifier,safe_w200,2025-12-03T13:59:12,predict_next_joint,0.0,-200.0,200.0,0.0
2025-12-03,452,452,4,5,2,0.0,RandomForestClassifier,safe_w200,2025-12-03T13:59:12,predict_next_joint,0.0,-200.0,200.0,0.0
2025-12-03,451,451,4,5,1,0.0,RandomForestClassifier,safe_w200,2025-12-03T13:59:12,predict_next_joint,0.0,-200.0,200.0,0.0
2025-12-03,450,450,4,5,0,0.0,RandomForestClassifier,safe_w200,2025-12-03T13:59:12,predict_next_joint,0.0,-200.0,200.0,0.0
2025-12-03,449,449,4,4,9,0.0,RandomForestClassifier,safe_w200,2025-12-03T13:59:12,predict_next_joint,0.0,-200.0,200.0,0.0
2025-12-03,480,480,4,8,0,0.0,RandomForestClassifier,safe_w200,2025-12-03T13:59:12,predict_next_joint,0.0,-200.0,200.0,0.0
2025-12-03,479,479,4,7,9,0.0,RandomForestClassifier,safe_w200,2025-12-03T13:59:12,predict_next_joint,0.0,-200.0,200.0,0.0
2025-12-03,478,478,4,7,8,0.0,RandomForestClassifier,safe_w200,2025-12-03T13:59:12,predict_next_joint,0.0,-200.0,200.0,0.0
2025-12-03,477,477,4,7,7,0.0,RandomForestClassifier,safe_w200,2025-12-03T13:59:12,predict_next_joint,0.0,-200.0,200.0,0.0
2025-12-03,476,476,4,7,6,0.0,RandomForestClassifier,safe_w200,2025-12-03T13:59:12,predict_next_joint,0.0,-200.0,200.0,0.0
2025-12-03,475,475,4,7,5,0.0,RandomForestClassifier,safe_w200,2025-12-03T13:59:12,predict_next_joint,0.0,-200.0,200.0,0.0
2025-12-03,474,474,4,7,4,0.0,RandomForestClassifier,safe_w200,2025-12-03T13:59:12,predict_next_joint,0.0,-200.0,200.0,0.0
2025-12-03,473,473,4,7,3,0.0,RandomForestClassifier,safe_w200,2025-12-03T13:59:12,predict_next_joint,0.0,-200.0,200.0,0.0
2025-12-03,471,471,4,7,1,0.0,RandomForestClassifier,safe_w200,2025-12-03T13:59:12,predict_next_joint,0.0,-200.0,200.0,0.0
2025-12-03,468,468,4,6,8,0.0,RandomForestClassifier,safe_w200,2025-12-03T13:59:12,predict_next_joint,0.0,-200.0,200.0,0.0
2025-12-03,467,467,4,6,7,0.0,RandomForestClassifier,safe_w200,2025-12-03T13:59:12,predict_next_joint,0.0,-200.0,200.0,0.0
2025-12-03,466,466,4,6,6,0.0,RandomForestClassifier,safe_w200,2025-12-03T13:59:12,predict_next_joint,0.0,-200.0,200.0,0.0
2025-12-03,465,465,4,6,5,0.0,RandomForestClassifier,safe_w200,2025-12-03T13:59:12,predict_next_joint,0.0,-200.0,200.0,0.0
2025-12-03,495,495,4,9,5,0.0,RandomForestClassifier,safe_w200,2025-12-03T13:59:12,predict_next_joint,0.0,-200.0,200.0,0.0
2025-12-03,494,494,4,9,4,0.0,RandomForestClassifier,safe_w200,2025-12-03T13:59:12,predict_next_joint,0.0,-200.0,200.0,0.0
2025-12-03,493,493,4,9,3,0.0,RandomForestClassifier,safe_w200,2025-12-03T13:59:12,predict_next_joint,0.0,-200.0,200.0,0.0
2025-12-03,492,492,4,9,2,0.0,RandomForestClassifier,safe_w200,2025-12-03T13:59:12,predict_next_joint,0.0,-200.0,200.0,0.0
2025-12-03,489,489,4,8,9,0.0,RandomForestClassifier,safe_w200,2025-12-03T13:59:12,predict_next_joint,0.0,-200.0,200.0,0.0
2025-12-03,488,488,4,8,8,0.0,RandomForestClassifier,safe_w200,2025-12-03T13:59:12,predict_next_joint,0.0,-200.0,200.0,0.0
2025-12-03,487,487,4,8,7,0.0,RandomForestClassifier,safe_w200,2025-12-03T13:59:12,predict_next_joint,0.0,-200.0,200.0,0.0
2025-12-03,486,486,4,8,6,0.0,RandomForestClassifier,safe_w200,2025-12-03T13:59:12,predict_next_joint,0.0,-200.0,200.0,0.0
2025-12-03,484,484,4,8,4,0.0,RandomForestClassifier,safe_w200,2025-12-03T13:59:12,predict_next_joint,0.0,-200.0,200.0,0.0
2025-12-03,483,483,4,8,3,0.0,RandomForestClassifier,safe_w200,2025-12-03T13:59:12,predict_next_joint,0.0,-200.0,200.0,0.0
2025-12-03,482,482,4,8,2,0.0,RandomForestClassifier,safe_w200,2025-12-03T13:59:12,predict_next_joint,0.0,-200.0,200.0,0.0
2025-12-03,481,481,4,8,1,0.0,RandomForestClassifier,safe_w200,2025-12-03T13:59:12,predict_next_joint,0.0,-200.0,200.0,0.0
2025-12-03,512,512,5,1,2,0.0,RandomForestClassifier,safe_w200,2025-12-03T13:59:12,predict_next_joint,0.0,-200.0,200.0,0.0
2025-12-03,511,511,5,1,1,0.0,RandomForestClassifier,safe_w200,2025-12-03T13:59:12,predict_next_joint,0.0,-200.0,200.0,0.0
2025-12-03,510,510,5,1,0,0.0,RandomForestClassifier,safe_w200,2025-12-03T13:59:12,predict_next_joint,0.0,-200.0,200.0,0.0
2025-12-03,509,509,5,0,9,0.0,RandomForestClassifier,safe_w200,2025-12-03T13:59:12,predict_next_joint,0.0,-200.0,200.0,0.0
2025-12-03,508,508,5,0,8,0.0,RandomForestClassifier,safe_w200,2025-12-03T13:59:12,predict_next_joint,0.0,-200.0,200.0,0.0
2025-12-03,507,507,5,0,7,0.0,RandomForestClassifier,safe_w200,2025-12-03T13:59:12,predict_next_joint,0.0,-200.0,200.0,0.0
2025-12-03,506,506,5,0,6,0.0,RandomForestClassifier,safe_w200,2025-12-03T13:59:12,predict_next_joint,0.0,-200.0,200.0,0.0
2025-12-03,505,505,5,0,5,0.0,RandomForestClassifier,safe_w200,2025-12-03T13:59:12,predict_next_joint,0.0,-200.0,200.0,0.0
2025-12-03,504,504,5,0,4,0.0,RandomForestClassifier,safe_w200,2025-12-03T13:59:12,predict_next_joint,0.0,-200.0,200.0,0.0
2025-12-03,503,503,5,0,3,0.0,RandomForestClassifier,safe_w200,2025-12-03T13:59:12,predict_next_joint,0.0,-200.0,200.0,0.0
2025-12-03,502,502,5,0,2,0.0,RandomForestClassifier,safe_w200,2025-12-03T13:59:12,predict_next_joint,0.0,-200.0,200.0,0.0
2025-12-03,501,501,5,0,1,0.0,RandomForestClassifier,safe_w200,2025-12-03T13:59:12,predict_next_joint,0.0,-200.0,200.0,0.0
2025-12-03,500,500,5,0,0,0.0,RandomForestClassifier,safe_w200,2025-12-03T13:59:12,predict_next_joint,0.0,-200.0,200.0,0.0
2025-12-03,499,499,4,9,9,0.0,RandomForestClassifier,safe_w200,2025-12-03T13:59:12,predict_next_joint,0.0,-200.0,200.0,0.0
2025-12-03,498,498,4,9,8,0.0,RandomForestClassifier,safe_w200,2025-12-03T13:59:12,predict_next_joint,0.0,-200.0,200.0,0.0
2025-12-03,497,497,4,9,7,0.0,RandomForestClassifier,safe_w200,2025-12-03T13:59:12,predict_next_joint,0.0,-200.0,200.0,0.0
2025-12-03,528,528,5,2,8,0.0,RandomForestClassifier,safe_w200,2025-12-03T13:59:12,predict_next_joint,0.0,-200.0,200.0,0.0
2025-12-03,527,527,5,2,7,0.0,RandomForestClassifier,safe_w200,2025-12-03T13:59:12,predict_next_joint,0.0,-200.0,200.0,0.0
2025-12-03,526,526,5,2,6,0.0,RandomForestClassifier,safe_w200,2025-12-03T13:59:12,predict_next_joint,0.0,-200.0,200.0,0.0
2025-12-03,525,525,5,2,5,0.0,RandomForestClassifier,safe_w200,2025-12-03T13:59:12,predict_next_joint,0.0,-200.0,200.0,0.0
2025-12-03,524,524,5,2,4,0.0,RandomForestClassifier,safe_w200,2025-12-03T13:59:12,predict_next_joint,0.0,-200.0,200.0,0.0
2025-12-03,522,522,5,2,2,0.0,RandomForestClassifier,safe_w200,2025-12-03T13:59:12,predict_next_joint,0.0,-200.0,200.0,0.0
2025-12-03,521,521,5,2,1,0.0,RandomForestClassifier,safe_w200,2025-12-03T13:59:12,predict_next_joint,0.0,-200.0,200.0,0.0
2025-12-03,519,519,5,1,9,0.0,RandomForestClassifier,safe_w200,2025-12-03T13:59:12,predict_next_joint,0.0,-200.0,200.0,0.0
2025-12-03,517,517,5,1,7,0.0,RandomForestClassifier,safe_w200,2025-12-03T13:59:12,predict_next_joint,0.0,-200.0,200.0,0.0
2025-12-03,516,516,5,1,6,0.0,RandomForestClassifier,safe_w200,2025-12-03T13:59:12,predict_next_joint,0.0,-200.0,200.0,0.0
2025-12-03,515,515,5,1,5,0.0,RandomForestClassifier,safe_w200,2025-12-03T13:59:12,predict_next_joint,0.0,-200.0,200.0,0.0
2025-12-03,514,514,5,1,4,0.0,RandomForestClassifier,safe_w200,2025-12-03T13:59:12,predict_next_joint,0.0,-200.0,200.0,0.0
2025-12-03,513,513,5,1,3,0.0,RandomForestClassifier,safe_w200,2025-12-03T13:59:12,predict_next_joint,0.0,-200.0,200.0,0.0
2025-12-03,096,96,0,9,6,0.0,RandomForestClassifier,safe_w200,2025-12-03T13:59:12,predict_next_joint,0.0,-200.0,200.0,0.0
2025-12-03,095,95,0,9,5,0.0,RandomForestClassifier,safe_w200,2025-12-03T13:59:12,predict_next_joint,0.0,-200.0,200.0,0.0
2025-12-03,094,94,0,9,4,0.0,RandomForestClassifier,safe_w200,2025-12-03T13:59:12,predict_next_joint,0.0,-200.0,200.0,0.0
2025-12-03,093,93,0,9,3,0.0,RandomForestClassifier,safe_w200,2025-12-03T13:59:12,predict_next_joint,0.0,-200.0,200.0,0.0
2025-12-03,092,92,0,9,2,0.0,RandomForestClassifier,safe_w200,2025-12-03T13:59:12,predict_next_joint,0.0,-200.0,200.0,0.0
2025-12-03,091,91,0,9,1,0.0,RandomForestClassifier,safe_w200,2025-12-03T13:59:12,predict_next_joint,0.0,-200.0,200.0,0.0
2025-12-03,090,90,0,9,0,0.0,RandomForestClassifier,safe_w200,2025-12-03T13:59:12,predict_next_joint,0.0,-200.0,200.0,0.0
2025-12-03,088,88,0,8,8,0.0,RandomForestClassifier,safe_w200,2025-12-03T13:59:12,predict_next_joint,0.0,-200.0,200.0,0.0
2025-12-03,087,87,0,8,7,0.0,RandomForestClassifier,safe_w200,2025-12-03T13:59:12,predict_next_joint,0.0,-200.0,200.0,0.0
2025-12-03,085,85,0,8,5,0.0,RandomForestClassifier,safe_w200,2025-12-03T13:59:12,predict_next_joint,0.0,-200.0,200.0,0.0
2025-12-03,084,84,0,8,4,0.0,RandomForestClassifier,safe_w200,2025-12-03T13:59:12,predict_next_joint,0.0,-200.0,200.0,0.0
2025-12-03,083,83,0,8,3,0.0,RandomForestClassifier,safe_w200,2025-12-03T13:59:12,predict_next_joint,0.0,-200.0,200.0,0.0
2025-12-03,082,82,0,8,2,0.0,RandomForestClassifier,safe_w200,2025-12-03T13:59:12,predict_next_joint,0.0,-200.0,200.0,0.0
2025-12-03,081,81,0,8,1,0.0,RandomForestClassifier,safe_w200,2025-12-03T13:59:12,predict_next_joint,0.0,-200.0,200.0,0.0
2025-12-03,544,544,5,4,4,0.0,RandomForestClassifier,safe_w200,2025-12-03T13:59:12,predict_next_joint,0.0,-200.0,200.0,0.0
2025-12-03,542,542,5,4,2,0.0,RandomForestClassifier,safe_w200,2025-12-03T13:59:12,predict_next_joint,0.0,-200.0,200.0,0.0
2025-12-03,541,541,5,4,1,0.0,RandomForestClassifier,safe_w200,2025-12-03T13:59:12,predict_next_joint,0.0,-200.0,200.0,0.0
2025-12-03,540,540,5,4,0,0.0,RandomForestClassifier,safe_w200,2025-12-03T13:59:12,predict_next_joint,0.0,-200.0,200.0,0.0
2025-12-03,539,539,5,3,9,0.0,RandomForestClassifier,safe_w200,2025-12-03T13:59:12,predict_next_joint,0.0,-200.0,200.0,0.0
2025-12-03,538,538,5,3,8,0.0,RandomForestClassifier,safe_w200,2025-12-03T13:59:12,predict_next_joint,0.0,-200.0,200.0,0.0
2025-12-03,537,537,5,3,7,0.0,RandomForestClassifier,safe_w200,2025-12-03T13:59:12,predict_next_joint,0.0,-200.0,200.0,0.0
2025-12-03,536,536,5,3,6,0.0,RandomForestClassifier,safe_w200,2025-12-03T13:59:12,predict_next_joint,0.0,-200.0,200.0,0.0
2025-12-03,535,535,5,3,5,0.0,RandomForestClassifier,safe_w200,2025-12-03T13:59:12,predict_next_joint,0.0,-200.0,200.0,0.0
2025-12-03,534,534,5,3,4,0.0,RandomForestClassifier,safe_w200,2025-12-03T13:59:12,predict_next_joint,0.0,-200.0,200.0,0.0
2025-12-03,533,533,5,3,3,0.0,RandomForestClassifier,safe_w200,2025-12-03T13:59:12,predict_next_joint,0.0,-200.0,200.0,0.0
2025-12-03,532,532,5,3,2,0.0,RandomForestClassifier,safe_w200,2025-12-03T13:59:12,predict_next_joint,0.0,-200.0,200.0,0.0
2025-12-03,530,530,5,3,0,0.0,RandomForestClassifier,safe_w200,2025-12-03T13:59:12,predict_next_joint,0.0,-200.0,200.0,0.0
2025-12-03,529,529,5,2,9,0.0,RandomForestClassifier,safe_w200,2025-12-03T13:59:12,predict_next_joint,0.0,-200.0,200.0,0.0
2025-12-03,560,560,5,6,0,0.0,RandomForestClassifier,safe_w200,2025-12-03T13:59:12,predict_next_joint,0.0,-200.0,200.0,0.0
2025-12-03,559,559,5,5,9,0.0,RandomForestClassifier,safe_w200,2025-12-03T13:59:12,predict_next_joint,0.0,-200.0,200.0,0.0
2025-12-03,558,558,5,5,8,0.0,RandomForestClassifier,safe_w200,2025-12-03T13:59:12,predict_next_joint,0.0,-200.0,200.0,0.0
2025-12-03,557,557,5,5,7,0.0,RandomForestClassifier,safe_w200,2025-12-03T13:59:12,predict_next_joint,0.0,-200.0,200.0,0.0
2025-12-03,556,556,5,5,6,0.0,RandomForestClassifier,safe_w200,2025-12-03T13:59:12,predict_next_joint,0.0,-200.0,200.0,0.0
2025-12-03,555,555,5,5,5,0.0,RandomForestClassifier,safe_w200,2025-12-03T13:59:12,predict_next_joint,0.0,-200.0,200.0,0.0
2025-12-03,554,554,5,5,4,0.0,RandomForestClassifier,safe_w200,2025-12-03T13:59:12,predict_next_joint,0.0,-200.0,200.0,0.0
2025-12-03,553,553,5,5,3,0.0,RandomForestClassifier,safe_w200,2025-12-03T13:59:12,predict_next_joint,0.0,-200.0,200.0,0.0
2025-12-03,552,552,5,5,2,0.0,RandomForestClassifier,safe_w200,2025-12-03T13:59:12,predict_next_joint,0.0,-200.0,200.0,0.0
2025-12-03,551,551,5,5,1,0.0,RandomForestClassifier,safe_w200,2025-12-03T13:59:12,predict_next_joint,0.0,-200.0,200.0,0.0
2025-12-03,550,550,5,5,0,0.0,RandomForestClassifier,safe_w200,2025-12-03T13:59:12,predict_next_joint,0.0,-200.0,200.0,0.0
2025-12-03,549,549,5,4,9,0.0,RandomForestClassifier,safe_w200,2025-12-03T13:59:12,predict_next_joint,0.0,-200.0,200.0,0.0
2025-12-03,548,548,5,4,8,0.0,RandomForestClassifier,safe_w200,2025-12-03T13:59:12,predict_next_joint,0.0,-200.0,200.0,0.0
2025-12-03,547,547,5,4,7,0.0,RandomForestClassifier,safe_w200,2025-12-03T13:59:12,predict_next_joint,0.0,-200.0,200.0,0.0
2025-12-03,546,546,5,4,6,0.0,RandomForestClassifier,safe_w200,2025-12-03T13:59:12,predict_next_joint,0.0,-200.0,200.0,0.0
2025-12-03,545,545,5,4,5,0.0,RandomForestClassifier,safe_w200,2025-12-03T13:59:12,predict_next_joint,0.0,-200.0,200.0,0.0
2025-12-03,576,576,5,7,6,0.0,RandomForestClassifier,safe_w200,2025-12-03T13:59:12,predict_next_joint,0.0,-200.0,200.0,0.0
2025-12-03,575,575,5,7,5,0.0,RandomForestClassifier,safe_w200,2025-12-03T13:59:12,predict_next_joint,0.0,-200.0,200.0,0.0
2025-12-03,574,574,5,7,4,0.0,RandomForestClassifier,safe_w200,2025-12-03T13:59:12,predict_next_joint,0.0,-200.0,200.0,0.0
2025-12-03,571,571,5,7,1,0.0,RandomForestClassifier,safe_w200,2025-12-03T13:59:12,predict_next_joint,0.0,-200.0,200.0,0.0
2025-12-03,570,570,5,7,0,0.0,RandomForestClassifier,safe_w200,2025-12-03T13:59:12,predict_next_joint,0.0,-200.0,200.0,0.0
2025-12-03,569,569,5,6,9,0.0,RandomForestClassifier,safe_w200,2025-12-03T13:59:12,predict_next_joint,0.0,-200.0,200.0,0.0
2025-12-03,568,568,5,6,8,0.0,RandomForestClassifier,safe_w200,2025-12-03T13:59:12,predict_next_joint,0.0,-200.0,200.0,0.0
2025-12-03,567,567,5,6,7,0.0,RandomForestClassifier,safe_w200,2025-12-03T13:59:12,predict_next_joint,0.0,-200.0,200.0,0.0
2025-12-03,566,566,5,6,6,0.0,RandomForestClassifier,safe_w200,2025-12-03T13:59:12,predict_next_joint,0.0,-200.0,200.0,0.0
2025-12-03,565,565,5,6,5,0.0,RandomForestClassifier,safe_w200,2025-12-03T13:59:12,predict_next_joint,0.0,-200.0,200.0,0.0
2025-12-03,564,564,5,6,4,0.0,RandomForestClassifier,safe_w200,2025-12-03T13:59:12,predict_next_joint,0.0,-200.0,200.0,0.0
2025-12-03,563,563,5,6,3,0.0,RandomForestClassifier,safe_w200,2025-12-03T13:59:12,predict_next_joint,0.0,-200.0,200.0,0.0
2025-12-03,562,562,5,6,2,0.0,RandomForestClassifier,safe_w200,2025-12-03T13:59:12,predict_next_joint,0.0,-200.0,200.0,0.0
2025-12-03,561,561,5,6,1,0.0,RandomForestClassifier,safe_w200,2025-12-03T13:59:12,predict_next_joint,0.0,-200.0,200.0,0.0
2025-12-03,592,592,5,9,2,0.0,RandomForestClassifier,safe_w200,2025-12-03T13:59:12,predict_next_joint,0.0,-200.0,200.0,0.0
2025-12-03,591,591,5,9,1,0.0,RandomForestClassifier,safe_w200,2025-12-03T13:59:12,predict_next_joint,0.0,-200.0,200.0,0.0
2025-12-03,590,590,5,9,0,0.0,RandomForestClassifier,safe_w200,2025-12-03T13:59:12,predict_next_joint,0.0,-200.0,200.0,0.0
2025-12-03,589,589,5,8,9,0.0,RandomForestClassifier,safe_w200,2025-12-03T13:59:12,predict_next_joint,0.0,-200.0,200.0,0.0
2025-12-03,588,588,5,8,8,0.0,RandomForestClassifier,safe_w200,2025-12-03T13:59:12,predict_next_joint,0.0,-200.0,200.0,0.0
2025-12-03,587,587,5,8,7,0.0,RandomForestClassifier,safe_w200,2025-12-03T13:59:12,predict_next_joint,0.0,-200.0,200.0,0.0
2025-12-03,586,586,5,8,6,0.0,RandomForestClassifier,safe_w200,2025-12-03T13:59:12,predict_next_joint,0.0,-200.0,200.0,0.0
2025-12-03,585,585,5,8,5,0.0,RandomForestClassifier,safe_w200,2025-12-03T13:59:12,predict_next_joint,0.0,-200.0,200.0,0.0
2025-12-03,584,584,5,8,4,0.0,RandomForestClassifier,safe_w200,2025-12-03T13:59:12,predict_next_joint,0.0,-200.0,200.0,0.0
2025-12-03,583,583,5,8,3,0.0,RandomForestClassifier,safe_w200,2025-12-03T13:59:12,predict_next_joint,0.0,-200.0,200.0,0.0
2025-12-03,582,582,5,8,2,0.0,RandomForestClassifier,safe_w200,2025-12-03T13:59:12,predict_next_joint,0.0,-200.0,200.0,0.0
2025-12-03,581,581,5,8,1,0.0,RandomForestClassifier,safe_w200,2025-12-03T13:59:12,predict_next_joint,0.0,-200.0,200.0,0.0
2025-12-03,580,580,5,8,0,0.0,RandomForestClassifier,safe_w200,2025-12-03T13:59:12,predict_next_joint,0.0,-200.0,200.0,0.0
2025-12-03,579,579,5,7,9,0.0,RandomForestClassifier,safe_w200,2025-12-03T13:59:12,predict_next_joint,0.0,-200.0,200.0,0.0
2025-12-03,578,578,5,7,8,0.0,RandomForestClassifier,safe_w200,2025-12-03T13:59:12,predict_next_joint,0.0,-200.0,200.0,0.0
2025-12-03,577,577,5,7,7,0.0,RandomForestClassifier,safe_w200,2025-12-03T13:59:12,predict_next_joint,0.0,-200.0,200.0,0.0
2025-12-03,608,608,6,0,8,0.0,RandomForestClassifier,safe_w200,2025-12-03T13:59:12,predict_next_joint,0.0,-200.0,200.0,0.0
2025-12-03,606,606,6,0,6,0.0,RandomForestClassifier,safe_w200,2025-12-03T13:59:12,predict_next_joint,0.0,-200.0,200.0,0.0
2025-12-03,605,605,6,0,5,0.0,RandomForestClassifier,safe_w200,2025-12-03T13:59:12,predict_next_joint,0.0,-200.0,200.0,0.0
2025-12-03,604,604,6,0,4,0.0,RandomForestClassifier,safe_w200,2025-12-03T13:59:12,predict_next_joint,0.0,-200.0,200.0,0.0
2025-12-03,603,603,6,0,3,0.0,RandomForestClassifier,safe_w200,2025-12-03T13:59:12,predict_next_joint,0.0,-200.0,200.0,0.0
2025-12-03,602,602,6,0,2,0.0,RandomForestClassifier,safe_w200,2025-12-03T13:59:12,predict_next_joint,0.0,-200.0,200.0,0.0
2025-12-03,601,601,6,0,1,0.0,RandomForestClassifier,safe_w200,2025-12-03T13:59:12,predict_next_joint,0.0,-200.0,200.0,0.0
2025-12-03,600,600,6,0,0,0.0,RandomForestClassifier,safe_w200,2025-12-03T13:59:12,predict_next_joint,0.0,-200.0,200.0,0.0
2025-12-03,599,599,5,9,9,0.0,RandomForestClassifier,safe_w200,2025-12-03T13:59:12,predict_next_joint,0.0,-200.0,200.0,0.0
2025-12-03,598,598,5,9,8,0.0,RandomForestClassifier,safe_w200,2025-12-03T13:59:12,predict_next_joint,0.0,-200.0,200.0,0.0
2025-12-03,597,597,5,9,7,0.0,RandomForestClassifier,safe_w200,2025-12-03T13:59:12,predict_next_joint,0.0,-200.0,200.0,0.0
2025-12-03,596,596,5,9,6,0.0,RandomForestClassifier,safe_w200,2025-12-03T13:59:12,predict_next_joint,0.0,-200.0,200.0,0.0
2025-12-03,595,595,5,9,5,0.0,RandomForestClassifier,safe_w200,2025-12-03T13:59:12,predict_next_joint,0.0,-200.0,200.0,0.0
2025-12-03,594,594,5,9,4,0.0,RandomForestClassifier,safe_w200,2025-12-03T13:59:12,predict_next_joint,0.0,-200.0,200.0,0.0
2025-12-03,593,593,5,9,3,0.0,RandomForestClassifier,safe_w200,2025-12-03T13:59:12,predict_next_joint,0.0,-200.0,200.0,0.0
2025-12-03,624,624,6,2,4,0.0,RandomForestClassifier,safe_w200,2025-12-03T13:59:12,predict_next_joint,0.0,-200.0,200.0,0.0
2025-12-03,623,623,6,2,3,0.0,RandomForestClassifier,safe_w200,2025-12-03T13:59:12,predict_next_joint,0.0,-200.0,200.0,0.0
2025-12-03,622,622,6,2,2,0.0,RandomForestClassifier,safe_w200,2025-12-03T13:59:12,predict_next_joint,0.0,-200.0,200.0,0.0
2025-12-03,621,621,6,2,1,0.0,RandomForestClassifier,safe_w200,2025-12-03T13:59:12,predict_next_joint,0.0,-200.0,200.0,0.0
2025-12-03,620,620,6,2,0,0.0,RandomForestClassifier,safe_w200,2025-12-03T13:59:12,predict_next_joint,0.0,-200.0,200.0,0.0
2025-12-03,619,619,6,1,9,0.0,RandomForestClassifier,safe_w200,2025-12-03T13:59:12,predict_next_joint,0.0,-200.0,200.0,0.0
2025-12-03,618,618,6,1,8,0.0,RandomForestClassifier,safe_w200,2025-12-03T13:59:12,predict_next_joint,0.0,-200.0,200.0,0.0
2025-12-03,617,617,6,1,7,0.0,RandomForestClassifier,safe_w200,2025-12-03T13:59:12,predict_next_joint,0.0,-200.0,200.0,0.0
2025-12-03,616,616,6,1,6,0.0,RandomForestClassifier,safe_w200,2025-12-03T13:59:12,predict_next_joint,0.0,-200.0,200.0,0.0
2025-12-03,615,615,6,1,5,0.0,RandomForestClassifier,safe_w200,2025-12-03T13:59:12,predict_next_joint,0.0,-200.0,200.0,0.0
2025-12-03,613,613,6,1,3,0.0,RandomForestClassifier,safe_w200,2025-12-03T13:59:12,predict_next_joint,0.0,-200.0,200.0,0.0
2025-12-03,612,612,6,1,2,0.0,RandomForestClassifier,safe_w200,2025-12-03T13:59:12,predict_next_joint,0.0,-200.0,200.0,0.0
2025-12-03,611,611,6,1,1,0.0,RandomForestClassifier,safe_w200,2025-12-03T13:59:12,predict_next_joint,0.0,-200.0,200.0,0.0
2025-12-03,610,610,6,1,0,0.0,RandomForestClassifier,safe_w200,2025-12-03T13:59:12,predict_next_joint,0.0,-200.0,200.0,0.0
2025-12-03,609,609,6,0,9,0.0,RandomForestClassifier,safe_w200,2025-12-03T13:59:12,predict_next_joint,0.0,-200.0,200.0,0.0
2025-12-03,640,640,6,4,0,0.0,RandomForestClassifier,safe_w200,2025-12-03T13:59:12,predict_next_joint,0.0,-200.0,200.0,0.0
2025-12-03,639,639,6,3,9,0.0,RandomForestClassifier,safe_w200,2025-12-03T13:59:12,predict_next_joint,0.0,-200.0,200.0,0.0
2025-12-03,636,636,6,3,6,0.0,RandomForestClassifier,safe_w200,2025-12-03T13:59:12,predict_next_joint,0.0,-200.0,200.0,0.0
2025-12-03,635,635,6,3,5,0.0,RandomForestClassifier,safe_w200,2025-12-03T13:59:12,predict_next_joint,0.0,-200.0,200.0,0.0
2025-12-03,634,634,6,3,4,0.0,RandomForestClassifier,safe_w200,2025-12-03T13:59:12,predict_next_joint,0.0,-200.0,200.0,0.0
2025-12-03,633,633,6,3,3,0.0,RandomForestClassifier,safe_w200,2025-12-03T13:59:12,predict_next_joint,0.0,-200.0,200.0,0.0
2025-12-03,632,632,6,3,2,0.0,RandomForestClassifier,safe_w200,2025-12-03T13:59:12,predict_next_joint,0.0,-200.0,200.0,0.0
2025-12-03,629,629,6,2,9,0.0,RandomForestClassifier,safe_w200,2025-12-03T13:59:12,predict_next_joint,0.0,-200.0,200.0,0.0
2025-12-03,628,628,6,2,8,0.0,RandomForestClassifier,safe_w200,2025-12-03T13:59:12,predict_next_joint,0.0,-200.0,200.0,0.0
2025-12-03,627,627,6,2,7,0.0,RandomForestClassifier,safe_w200,2025-12-03T13:59:12,predict_next_joint,0.0,-200.0,200.0,0.0
2025-12-03,626,626,6,2,6,0.0,RandomForestClassifier,safe_w200,2025-12-03T13:59:12,predict_next_joint,0.0,-200.0,200.0,0.0
2025-12-03,625,625,6,2,5,0.0,RandomForestClassifier,safe_w200,2025-12-03T13:59:12,predict_next_joint,0.0,-200.0,200.0,0.0
2025-12-03,656,656,6,5,6,0.0,RandomForestClassifier,safe_w200,2025-12-03T13:59:12,predict_next_joint,0.0,-200.0,200.0,0.0
2025-12-03,655,655,6,5,5,0.0,RandomForestClassifier,safe_w200,2025-12-03T13:59:12,predict_next_joint,0.0,-200.0,200.0,0.0
2025-12-03,653,653,6,5,3,0.0,RandomForestClassifier,safe_w200,2025-12-03T13:59:12,predict_next_joint,0.0,-200.0,200.0,0.0
2025-12-03,651,651,6,5,1,0.0,RandomForestClassifier,safe_w200,2025-12-03T13:59:12,predict_next_joint,0.0,-200.0,200.0,0.0
2025-12-03,649,649,6,4,9,0.0,RandomForestClassifier,safe_w200,2025-12-03T13:59:12,predict_next_joint,0.0,-200.0,200.0,0.0
2025-12-03,648,648,6,4,8,0.0,RandomForestClassifier,safe_w200,2025-12-03T13:59:12,predict_next_joint,0.0,-200.0,200.0,0.0
2025-12-03,647,647,6,4,7,0.0,RandomForestClassifier,safe_w200,2025-12-03T13:59:12,predict_next_joint,0.0,-200.0,200.0,0.0
2025-12-03,646,646,6,4,6,0.0,RandomForestClassifier,safe_w200,2025-12-03T13:59:12,predict_next_joint,0.0,-200.0,200.0,0.0
2025-12-03,644,644,6,4,4,0.0,RandomForestClassifier,safe_w200,2025-12-03T13:59:12,predict_next_joint,0.0,-200.0,200.0,0.0
2025-12-03,643,643,6,4,3,0.0,RandomForestClassifier,safe_w200,2025-12-03T13:59:12,predict_next_joint,0.0,-200.0,200.0,0.0
2025-12-03,642,642,6,4,2,0.0,RandomForestClassifier,safe_w200,2025-12-03T13:59:12,predict_next_joint,0.0,-200.0,200.0,0.0
2025-12-03,641,641,6,4,1,0.0,RandomForestClassifier,safe_w200,2025-12-03T13:59:12,predict_next_joint,0.0,-200.0,200.0,0.0
2025-12-03,080,80,0,8,0,0.0,RandomForestClassifier,safe_w200,2025-12-03T13:59:12,predict_next_joint,0.0,-200.0,200.0,0.0
2025-12-03,079,79,0,7,9,0.0,RandomForestClassifier,safe_w200,2025-12-03T13:59:12,predict_next_joint,0.0,-200.0,200.0,0.0
2025-12-03,078,78,0,7,8,0.0,RandomForestClassifier,safe_w200,2025-12-03T13:59:12,predict_next_joint,0.0,-200.0,200.0,0.0
2025-12-03,077,77,0,7,7,0.0,RandomForestClassifier,safe_w200,2025-12-03T13:59:12,predict_next_joint,0.0,-200.0,200.0,0.0
2025-12-03,076,76,0,7,6,0.0,RandomForestClassifier,safe_w200,2025-12-03T13:59:12,predict_next_joint,0.0,-200.0,200.0,0.0
2025-12-03,074,74,0,7,4,0.0,RandomForestClassifier,safe_w200,2025-12-03T13:59:12,predict_next_joint,0.0,-200.0,200.0,0.0
2025-12-03,073,73,0,7,3,0.0,RandomForestClassifier,safe_w200,2025-12-03T13:59:12,predict_next_joint,0.0,-200.0,200.0,0.0
2025-12-03,071,71,0,7,1,0.0,RandomForestClassifier,safe_w200,2025-12-03T13:59:12,predict_next_joint,0.0,-200.0,200.0,0.0
2025-12-03,070,70,0,7,0,0.0,RandomForestClassifier,safe_w200,2025-12-03T13:59:12,predict_next_joint,0.0,-200.0,200.0,0.0
2025-12-03,069,69,0,6,9,0.0,RandomForestClassifier,safe_w200,2025-12-03T13:59:12,predict_next_joint,0.0,-200.0,200.0,0.0
2025-12-03,067,67,0,6,7,0.0,RandomForestClassifier,safe_w200,2025-12-03T13:59:12,predict_next_joint,0.0,-200.0,200.0,0.0
2025-12-03,066,66,0,6,6,0.0,RandomForestClassifier,safe_w200,2025-12-03T13:59:12,predict_next_joint,0.0,-200.0,200.0,0.0
2025-12-03,065,65,0,6,5,0.0,RandomForestClassifier,safe_w200,2025-12-03T13:59:12,predict_next_joint,0.0,-200.0,200.0,0.0
2025-12-03,670,670,6,7,0,0.0,RandomForestClassifier,safe_w200,2025-12-03T13:59:12,predict_next_joint,0.0,-200.0,200.0,0.0
2025-12-03,669,669,6,6,9,0.0,RandomForestClassifier,safe_w200,2025-12-03T13:59:12,predict_next_joint,0.0,-200.0,200.0,0.0
2025-12-03,668,668,6,6,8,0.0,RandomForestClassifier,safe_w200,2025-12-03T13:59:12,predict_next_joint,0.0,-200.0,200.0,0.0
2025-12-03,667,667,6,6,7,0.0,RandomForestClassifier,safe_w200,2025-12-03T13:59:12,predict_next_joint,0.0,-200.0,200.0,0.0
2025-12-03,666,666,6,6,6,0.0,RandomForestClassifier,safe_w200,2025-12-03T13:59:12,predict_next_joint,0.0,-200.0,200.0,0.0
2025-12-03,665,665,6,6,5,0.0,RandomForestClassifier,safe_w200,2025-12-03T13:59:12,predict_next_joint,0.0,-200.0,200.0,0.0
2025-12-03,664,664,6,6,4,0.0,RandomForestClassifier,safe_w200,2025-12-03T13:59:12,predict_next_joint,0.0,-200.0,200.0,0.0
2025-12-03,663,663,6,6,3,0.0,RandomForestClassifier,safe_w200,2025-12-03T13:59:12,predict_next_joint,0.0,-200.0,200.0,0.0
2025-12-03,662,662,6,6,2,0.0,RandomForestClassifier,safe_w200,2025-12-03T13:59:12,predict_next_joint,0.0,-200.0,200.0,0.0
2025-12-03,661,661,6,6,1,0.0,RandomForestClassifier,safe_w200,2025-12-03T13:59:12,predict_next_joint,0.0,-200.0,200.0,0.0
2025-12-03,660,660,6,6,0,0.0,RandomForestClassifier,safe_w200,2025-12-03T13:59:12,predict_next_joint,0.0,-200.0,200.0,0.0
2025-12-03,659,659,6,5,9,0.0,RandomForestClassifier,safe_w200,2025-12-03T13:59:12,predict_next_joint,0.0,-200.0,200.0,0.0
2025-12-03,658,658,6,5,8,0.0,RandomForestClassifier,safe_w200,2025-12-03T13:59:12,predict_next_joint,0.0,-200.0,200.0,0.0
2025-12-03,688,688,6,8,8,0.0,RandomForestClassifier,safe_w200,2025-12-03T13:59:12,predict_next_joint,0.0,-200.0,200.0,0.0
2025-12-03,687,687,6,8,7,0.0,RandomForestClassifier,safe_w200,2025-12-03T13:59:12,predict_next_joint,0.0,-200.0,200.0,0.0
2025-12-03,686,686,6,8,6,0.0,RandomForestClassifier,safe_w200,2025-12-03T13:59:12,predict_next_joint,0.0,-200.0,200.0,0.0
2025-12-03,685,685,6,8,5,0.0,RandomForestClassifier,safe_w200,2025-12-03T13:59:12,predict_next_joint,0.0,-200.0,200.0,0.0
2025-12-03,684,684,6,8,4,0.0,RandomForestClassifier,safe_w200,2025-12-03T13:59:12,predict_next_joint,0.0,-200.0,200.0,0.0
2025-12-03,683,683,6,8,3,0.0,RandomForestClassifier,safe_w200,2025-12-03T13:59:12,predict_next_joint,0.0,-200.0,200.0,0.0
2025-12-03,682,682,6,8,2,0.0,RandomForestClassifier,safe_w200,2025-12-03T13:59:12,predict_next_joint,0.0,-200.0,200.0,0.0
2025-12-03,681,681,6,8,1,0.0,RandomForestClassifier,safe_w200,2025-12-03T13:59:12,predict_next_joint,0.0,-200.0,200.0,0.0
2025-12-03,680,680,6,8,0,0.0,RandomForestClassifier,safe_w200,2025-12-03T13:59:12,predict_next_joint,0.0,-200.0,200.0,0.0
2025-12-03,679,679,6,7,9,0.0,RandomForestClassifier,safe_w200,2025-12-03T13:59:12,predict_next_joint,0.0,-200.0,200.0,0.0
2025-12-03,678,678,6,7,8,0.0,RandomForestClassifier,safe_w200,2025-12-03T13:59:12,predict_next_joint,0.0,-200.0,200.0,0.0
2025-12-03,677,677,6,7,7,0.0,RandomForestClassifier,safe_w200,2025-12-03T13:59:12,predict_next_joint,0.0,-200.0,200.0,0.0
2025-12-03,676,676,6,7,6,0.0,RandomForestClassifier,safe_w200,2025-12-03T13:59:12,predict_next_joint,0.0,-200.0,200.0,0.0
2025-12-03,675,675,6,7,5,0.0,RandomForestClassifier,safe_w200,2025-12-03T13:59:12,predict_next_joint,0.0,-200.0,200.0,0.0
2025-12-03,673,673,6,7,3,0.0,RandomForestClassifier,safe_w200,2025-12-03T13:59:12,predict_next_joint,0.0,-200.0,200.0,0.0
2025-12-03,704,704,7,0,4,0.0,RandomForestClassifier,safe_w200,2025-12-03T13:59:12,predict_next_joint,0.0,-200.0,200.0,0.0
2025-12-03,703,703,7,0,3,0.0,RandomForestClassifier,safe_w200,2025-12-03T13:59:12,predict_next_joint,0.0,-200.0,200.0,0.0
2025-12-03,702,702,7,0,2,0.0,RandomForestClassifier,safe_w200,2025-12-03T13:59:12,predict_next_joint,0.0,-200.0,200.0,0.0
2025-12-03,701,701,7,0,1,0.0,RandomForestClassifier,safe_w200,2025-12-03T13:59:12,predict_next_joint,0.0,-200.0,200.0,0.0
2025-12-03,700,700,7,0,0,0.0,RandomForestClassifier,safe_w200,2025-12-03T13:59:12,predict_next_joint,0.0,-200.0,200.0,0.0
2025-12-03,699,699,6,9,9,0.0,RandomForestClassifier,safe_w200,2025-12-03T13:59:12,predict_next_joint,0.0,-200.0,200.0,0.0
2025-12-03,698,698,6,9,8,0.0,RandomForestClassifier,safe_w200,2025-12-03T13:59:12,predict_next_joint,0.0,-200.0,200.0,0.0
2025-12-03,697,697,6,9,7,0.0,RandomForestClassifier,safe_w200,2025-12-03T13:59:12,predict_next_joint,0.0,-200.0,200.0,0.0
2025-12-03,696,696,6,9,6,0.0,RandomForestClassifier,safe_w200,2025-12-03T13:59:12,predict_next_joint,0.0,-200.0,200.0,0.0
2025-12-03,695,695,6,9,5,0.0,RandomForestClassifier,safe_w200,2025-12-03T13:59:12,predict_next_joint,0.0,-200.0,200.0,0.0
2025-12-03,694,694,6,9,4,0.0,RandomForestClassifier,safe_w200,2025-12-03T13:59:12,predict_next_joint,0.0,-200.0,200.0,0.0
2025-12-03,693,693,6,9,3,0.0,RandomForestClassifier,safe_w200,2025-12-03T13:59:12,predict_next_joint,0.0,-200.0,200.0,0.0
2025-12-03,692,692,6,9,2,0.0,RandomForestClassifier,safe_w200,2025-12-03T13:59:12,predict_next_joint,0.0,-200.0,200.0,0.0
2025-12-03,691,691,6,9,1,0.0,RandomForestClassifier,safe_w200,2025-12-03T13:59:12,predict_next_joint,0.0,-200.0,200.0,0.0
2025-12-03,690,690,6,9,0,0.0,RandomForestClassifier,safe_w200,2025-12-03T13:59:12,predict_next_joint,0.0,-200.0,200.0,0.0
2025-12-03,689,689,6,8,9,0.0,RandomForestClassifier,safe_w200,2025-12-03T13:59:12,predict_next_joint,0.0,-200.0,200.0,0.0
2025-12-03,720,720,7,2,0,0.0,RandomForestClassifier,safe_w200,2025-12-03T13:59:12,predict_next_joint,0.0,-200.0,200.0,0.0
2025-12-03,719,719,7,1,9,0.0,RandomForestClassifier,safe_w200,2025-12-03T13:59:12,predict_next_joint,0.0,-200.0,200.0,0.0
2025-12-03,717,717,7,1,7,0.0,RandomForestClassifier,safe_w200,2025-12-03T13:59:12,predict_next_joint,0.0,-200.0,200.0,0.0
2025-12-03,716,716,7,1,6,0.0,RandomForestClassifier,safe_w200,2025-12-03T13:59:12,predict_next_joint,0.0,-200.0,200.0,0.0
2025-12-03,715,715,7,1,5,0.0,RandomForestClassifier,safe_w200,2025-12-03T13:59:12,predict_next_joint,0.0,-200.0,200.0,0.0
2025-12-03,714,714,7,1,4,0.0,RandomForestClassifier,safe_w200,2025-12-03T13:59:12,predict_next_joint,0.0,-200.0,200.0,0.0
2025-12-03,713,713,7,1,3,0.0,RandomForestClassifier,safe_w200,2025-12-03T13:59:12,predict_next_joint,0.0,-200.0,200.0,0.0
2025-12-03,712,712,7,1,2,0.0,RandomForestClassifier,safe_w200,2025-12-03T13:59:12,predict_next_joint,0.0,-200.0,200.0,0.0
2025-12-03,711,711,7,1,1,0.0,RandomForestClassifier,safe_w200,2025-12-03T13:59:12,predict_next_joint,0.0,-200.0,200.0,0.0
2025-12-03,710,710,7,1,0,0.0,RandomForestClassifier,safe_w200,2025-12-03T13:59:12,predict_next_joint,0.0,-200.0,200.0,0.0
2025-12-03,709,709,7,0,9,0.0,RandomForestClassifier,safe_w200,2025-12-03T13:59:12,predict_next_joint,0.0,-200.0,200.0,0.0
2025-12-03,707,707,7,0,7,0.0,RandomForestClassifier,safe_w200,2025-12-03T13:59:12,predict_next_joint,0.0,-200.0,200.0,0.0
2025-12-03,706,706,7,0,6,0.0,RandomForestClassifier,safe_w200,2025-12-03T13:59:12,predict_next_joint,0.0,-200.0,200.0,0.0
2025-12-03,705,705,7,0,5,0.0,RandomForestClassifier,safe_w200,2025-12-03T13:59:12,predict_next_joint,0.0,-200.0,200.0,0.0
2025-12-03,736,736,7,3,6,0.0,RandomForestClassifier,safe_w200,2025-12-03T13:59:12,predict_next_joint,0.0,-200.0,200.0,0.0
2025-12-03,735,735,7,3,5,0.0,RandomForestClassifier,safe_w200,2025-12-03T13:59:12,predict_next_joint,0.0,-200.0,200.0,0.0
2025-12-03,733,733,7,3,3,0.0,RandomForestClassifier,safe_w200,2025-12-03T13:59:12,predict_next_joint,0.0,-200.0,200.0,0.0
2025-12-03,732,732,7,3,2,0.0,RandomForestClassifier,safe_w200,2025-12-03T13:59:12,predict_next_joint,0.0,-200.0,200.0,0.0
2025-12-03,731,731,7,3,1,0.0,RandomForestClassifier,safe_w200,2025-12-03T13:59:12,predict_next_joint,0.0,-200.0,200.0,0.0
2025-12-03,730,730,7,3,0,0.0,RandomForestClassifier,safe_w200,2025-12-03T13:59:12,predict_next_joint,0.0,-200.0,200.0,0.0
2025-12-03,728,728,7,2,8,0.0,RandomForestClassifier,safe_w200,2025-12-03T13:59:12,predict_next_joint,0.0,-200.0,200.0,0.0
2025-12-03,727,727,7,2,7,0.0,RandomForestClassifier,safe_w200,2025-12-03T13:59:12,predict_next_joint,0.0,-200.0,200.0,0.0
2025-12-03,726,726,7,2,6,0.0,RandomForestClassifier,safe_w200,2025-12-03T13:59:12,predict_next_joint,0.0,-200.0,200.0,0.0
2025-12-03,725,725,7,2,5,0.0,RandomForestClassifier,safe_w200,2025-12-03T13:59:12,predict_next_joint,0.0,-200.0,200.0,0.0
2025-12-03,724,724,7,2,4,0.0,RandomForestClassifier,safe_w200,2025-12-03T13:59:12,predict_next_joint,0.0,-200.0,200.0,0.0
2025-12-03,723,723,7,2,3,0.0,RandomForestClassifier,safe_w200,2025-12-03T13:59:12,predict_next_joint,0.0,-200.0,200.0,0.0
2025-12-03,722,722,7,2,2,0.0,RandomForestClassifier,safe_w200,2025-12-03T13:59:12,predict_next_joint,0.0,-200.0,200.0,0.0
2025-12-03,721,721,7,2,1,0.0,RandomForestClassifier,safe_w200,2025-12-03T13:59:12,predict_next_joint,0.0,-200.0,200.0,0.0
2025-12-03,751,751,7,5,1,0.0,RandomForestClassifier,safe_w200,2025-12-03T13:59:12,predict_next_joint,0.0,-200.0,200.0,0.0
2025-12-03,750,750,7,5,0,0.0,RandomForestClassifier,safe_w200,2025-12-03T13:59:12,predict_next_joint,0.0,-200.0,200.0,0.0
2025-12-03,749,749,7,4,9,0.0,RandomForestClassifier,safe_w200,2025-12-03T13:59:12,predict_next_joint,0.0,-200.0,200.0,0.0
2025-12-03,748,748,7,4,8,0.0,RandomForestClassifier,safe_w200,2025-12-03T13:59:12,predict_next_joint,0.0,-200.0,200.0,0.0
2025-12-03,747,747,7,4,7,0.0,RandomForestClassifier,safe_w200,2025-12-03T13:59:12,predict_next_joint,0.0,-200.0,200.0,0.0
2025-12-03,746,746,7,4,6,0.0,RandomForestClassifier,safe_w200,2025-12-03T13:59:12,predict_next_joint,0.0,-200.0,200.0,0.0
2025-12-03,745,745,7,4,5,0.0,RandomForestClassifier,safe_w200,2025-12-03T13:59:12,predict_next_joint,0.0,-200.0,200.0,0.0
2025-12-03,744,744,7,4,4,0.0,RandomForestClassifier,safe_w200,2025-12-03T13:59:12,predict_next_joint,0.0,-200.0,200.0,0.0
2025-12-03,743,743,7,4,3,0.0,RandomForestClassifier,safe_w200,2025-12-03T13:59:12,predict_next_joint,0.0,-200.0,200.0,0.0
2025-12-03,742,742,7,4,2,0.0,RandomForestClassifier,safe_w200,2025-12-03T13:59:12,predict_next_joint,0.0,-200.0,200.0,0.0
2025-12-03,739,739,7,3,9,0.0,RandomForestClassifier,safe_w200,2025-12-03T13:59:12,predict_next_joint,0.0,-200.0,200.0,0.0
2025-12-03,738,738,7,3,8,0.0,RandomForestClassifier,safe_w200,2025-12-03T13:59:12,predict_next_joint,0.0,-200.0,200.0,0.0
2025-12-03,737,737,7,3,7,0.0,RandomForestClassifier,safe_w200,2025-12-03T13:59:12,predict_next_joint,0.0,-200.0,200.0,0.0
2025-12-03,768,768,7,6,8,0.0,RandomForestClassifier,safe_w200,2025-12-03T13:59:12,predict_next_joint,0.0,-200.0,200.0,0.0
2025-12-03,767,767,7,6,7,0.0,RandomForestClassifier,safe_w200,2025-12-03T13:59:12,predict_next_joint,0.0,-200.0,200.0,0.0
2025-12-03,766,766,7,6,6,0.0,RandomForestClassifier,safe_w200,2025-12-03T13:59:12,predict_next_joint,0.0,-200.0,200.0,0.0
2025-12-03,765,765,7,6,5,0.0,RandomForestClassifier,safe_w200,2025-12-03T13:59:12,predict_next_joint,0.0,-200.0,200.0,0.0
2025-12-03,764,764,7,6,4,0.0,RandomForestClassifier,safe_w200,2025-12-03T13:59:12,predict_next_joint,0.0,-200.0,200.0,0.0
2025-12-03,763,763,7,6,3,0.0,RandomForestClassifier,safe_w200,2025-12-03T13:59:12,predict_next_joint,0.0,-200.0,200.0,0.0
2025-12-03,762,762,7,6,2,0.0,RandomForestClassifier,safe_w200,2025-12-03T13:59:12,predict_next_joint,0.0,-200.0,200.0,0.0
2025-12-03,761,761,7,6,1,0.0,RandomForestClassifier,safe_w200,2025-12-03T13:59:12,predict_next_joint,0.0,-200.0,200.0,0.0
2025-12-03,760,760,7,6,0,0.0,RandomForestClassifier,safe_w200,2025-12-03T13:59:12,predict_next_joint,0.0,-200.0,200.0,0.0
2025-12-03,759,759,7,5,9,0.0,RandomForestClassifier,safe_w200,2025-12-03T13:59:12,predict_next_joint,0.0,-200.0,200.0,0.0
2025-12-03,757,757,7,5,7,0.0,RandomForestClassifier,safe_w200,2025-12-03T13:59:12,predict_next_joint,0.0,-200.0,200.0,0.0
2025-12-03,756,756,7,5,6,0.0,RandomForestClassifier,safe_w200,2025-12-03T13:59:12,predict_next_joint,0.0,-200.0,200.0,0.0
2025-12-03,755,755,7,5,5,0.0,RandomForestClassifier,safe_w200,2025-12-03T13:59:12,predict_next_joint,0.0,-200.0,200.0,0.0
2025-12-03,754,754,7,5,4,0.0,RandomForestClassifier,safe_w200,2025-12-03T13:59:12,predict_next_joint,0.0,-200.0,200.0,0.0
2025-12-03,753,753,7,5,3,0.0,RandomForestClassifier,safe_w200,2025-12-03T13:59:12,predict_next_joint,0.0,-200.0,200.0,0.0
2025-12-03,784,784,7,8,4,0.0,RandomForestClassifier,safe_w200,2025-12-03T13:59:12,predict_next_joint,0.0,-200.0,200.0,0.0
2025-12-03,783,783,7,8,3,0.0,RandomForestClassifier,safe_w200,2025-12-03T13:59:12,predict_next_joint,0.0,-200.0,200.0,0.0
2025-12-03,782,782,7,8,2,0.0,RandomForestClassifier,safe_w200,2025-12-03T13:59:12,predict_next_joint,0.0,-200.0,200.0,0.0
2025-12-03,781,781,7,8,1,0.0,RandomForestClassifier,safe_w200,2025-12-03T13:59:12,predict_next_joint,0.0,-200.0,200.0,0.0
2025-12-03,779,779,7,7,9,0.0,RandomForestClassifier,safe_w200,2025-12-03T13:59:12,predict_next_joint,0.0,-200.0,200.0,0.0
2025-12-03,778,778,7,7,8,0.0,RandomForestClassifier,safe_w200,2025-12-03T13:59:12,predict_next_joint,0.0,-200.0,200.0,0.0
2025-12-03,777,777,7,7,7,0.0,RandomForestClassifier,safe_w200,2025-12-03T13:59:12,predict_next_joint,0.0,-200.0,200.0,0.0
2025-12-03,776,776,7,7,6,0.0,RandomForestClassifier,safe_w200,2025-12-03T13:59:12,predict_next_joint,0.0,-200.0,200.0,0.0
2025-12-03,775,775,7,7,5,0.0,RandomForestClassifier,safe_w200,2025-12-03T13:59:12,predict_next_joint,0.0,-200.0,200.0,0.0
2025-12-03,774,774,7,7,4,0.0,RandomForestClassifier,safe_w200,2025-12-03T13:59:12,predict_next_joint,0.0,-200.0,200.0,0.0
2025-12-03,773,773,7,7,3,0.0,RandomForestClassifier,safe_w200,2025-12-03T13:59:12,predict_next_joint,0.0,-200.0,200.0,0.0
2025-12-03,772,772,7,7,2,0.0,RandomForestClassifier,safe_w200,2025-12-03T13:59:12,predict_next_joint,0.0,-200.0,200.0,0.0
2025-12-03,771,771,7,7,1,0.0,RandomForestClassifier,safe_w200,2025-12-03T13:59:12,predict_next_joint,0.0,-200.0,200.0,0.0
2025-12-03,770,770,7,7,0,0.0,RandomForestClassifier,safe_w200,2025-12-03T13:59:12,predict_next_joint,0.0,-200.0,200.0,0.0
2025-12-03,769,769,7,6,9,0.0,RandomForestClassifier,safe_w200,2025-12-03T13:59:12,predict_next_joint,0.0,-200.0,200.0,0.0
2025-12-03,062,62,0,6,2,0.0,RandomForestClassifier,safe_w200,2025-12-03T13:59:12,predict_next_joint,0.0,-200.0,200.0,0.0
2025-12-03,061,61,0,6,1,0.0,RandomForestClassifier,safe_w200,2025-12-03T13:59:12,predict_next_joint,0.0,-200.0,200.0,0.0
2025-12-03,060,60,0,6,0,0.0,RandomForestClassifier,safe_w200,2025-12-03T13:59:12,predict_next_joint,0.0,-200.0,200.0,0.0
2025-12-03,059,59,0,5,9,0.0,RandomForestClassifier,safe_w200,2025-12-03T13:59:12,predict_next_joint,0.0,-200.0,200.0,0.0
2025-12-03,058,58,0,5,8,0.0,RandomForestClassifier,safe_w200,2025-12-03T13:59:12,predict_next_joint,0.0,-200.0,200.0,0.0
2025-12-03,057,57,0,5,7,0.0,RandomForestClassifier,safe_w200,2025-12-03T13:59:12,predict_next_joint,0.0,-200.0,200.0,0.0
2025-12-03,056,56,0,5,6,0.0,RandomForestClassifier,safe_w200,2025-12-03T13:59:12,predict_next_joint,0.0,-200.0,200.0,0.0
2025-12-03,055,55,0,5,5,0.0,RandomForestClassifier,safe_w200,2025-12-03T13:59:12,predict_next_joint,0.0,-200.0,200.0,0.0
2025-12-03,054,54,0,5,4,0.0,RandomForestClassifier,safe_w200,2025-12-03T13:59:12,predict_next_joint,0.0,-200.0,200.0,0.0
2025-12-03,053,53,0,5,3,0.0,RandomForestClassifier,safe_w200,2025-12-03T13:59:12,predict_next_joint,0.0,-200.0,200.0,0.0
2025-12-03,052,52,0,5,2,0.0,RandomForestClassifier,safe_w200,2025-12-03T13:59:12,predict_next_joint,0.0,-200.0,200.0,0.0
2025-12-03,051,51,0,5,1,0.0,RandomForestClassifier,safe_w200,2025-12-03T13:59:12,predict_next_joint,0.0,-200.0,200.0,0.0
2025-12-03,050,50,0,5,0,0.0,RandomForestClassifier,safe_w200,2025-12-03T13:59:12,predict_next_joint,0.0,-200.0,200.0,0.0
2025-12-03,800,800,8,0,0,0.0,RandomForestClassifier,safe_w200,2025-12-03T13:59:12,predict_next_joint,0.0,-200.0,200.0,0.0
2025-12-03,798,798,7,9,8,0.0,RandomForestClassifier,safe_w200,2025-12-03T13:59:12,predict_next_joint,0.0,-200.0,200.0,0.0
2025-12-03,797,797,7,9,7,0.0,RandomForestClassifier,safe_w200,2025-12-03T13:59:12,predict_next_joint,0.0,-200.0,200.0,0.0
2025-12-03,796,796,7,9,6,0.0,RandomForestClassifier,safe_w200,2025-12-03T13:59:12,predict_next_joint,0.0,-200.0,200.0,0.0
2025-12-03,795,795,7,9,5,0.0,RandomForestClassifier,safe_w200,2025-12-03T13:59:12,predict_next_joint,0.0,-200.0,200.0,0.0
2025-12-03,794,794,7,9,4,0.0,RandomForestClassifier,safe_w200,2025-12-03T13:59:12,predict_next_joint,0.0,-200.0,200.0,0.0
2025-12-03,793,793,7,9,3,0.0,RandomForestClassifier,safe_w200,2025-12-03T13:59:12,predict_next_joint,0.0,-200.0,200.0,0.0
2025-12-03,792,792,7,9,2,0.0,RandomForestClassifier,safe_w200,2025-12-03T13:59:12,predict_next_joint,0.0,-200.0,200.0,0.0
2025-12-03,791,791,7,9,1,0.0,RandomForestClassifier,safe_w200,2025-12-03T13:59:12,predict_next_joint,0.0,-200.0,200.0,0.0
2025-12-03,790,790,7,9,0,0.0,RandomForestClassifier,safe_w200,2025-12-03T13:59:12,predict_next_joint,0.0,-200.0,200.0,0.0
2025-12-03,789,789,7,8,9,0.0,RandomForestClassifier,safe_w200,2025-12-03T13:59:12,predict_next_joint,0.0,-200.0,200.0,0.0
2025-12-03,788,788,7,8,8,0.0,RandomForestClassifier,safe_w200,2025-12-03T13:59:12,predict_next_joint,0.0,-200.0,200.0,0.0
2025-12-03,787,787,7,8,7,0.0,RandomForestClassifier,safe_w200,2025-12-03T13:59:12,predict_next_joint,0.0,-200.0,200.0,0.0
2025-12-03,786,786,7,8,6,0.0,RandomForestClassifier,safe_w200,2025-12-03T13:59:12,predict_next_joint,0.0,-200.0,200.0,0.0
2025-12-03,785,785,7,8,5,0.0,RandomForestClassifier,safe_w200,2025-12-03T13:59:12,predict_next_joint,0.0,-200.0,200.0,0.0
2025-12-03,816,816,8,1,6,0.0,RandomForestClassifier,safe_w200,2025-12-03T13:59:12,predict_next_joint,0.0,-200.0,200.0,0.0
2025-12-03,815,815,8,1,5,0.0,RandomForestClassifier,safe_w200,2025-12-03T13:59:12,predict_next_joint,0.0,-200.0,200.0,0.0
2025-12-03,814,814,8,1,4,0.0,RandomForestClassifier,safe_w200,2025-12-03T13:59:12,predict_next_joint,0.0,-200.0,200.0,0.0
2025-12-03,813,813,8,1,3,0.0,RandomForestClassifier,safe_w200,2025-12-03T13:59:12,predict_next_joint,0.0,-200.0,200.0,0.0
2025-12-03,812,812,8,1,2,0.0,RandomForestClassifier,safe_w200,2025-12-03T13:59:12,predict_next_joint,0.0,-200.0,200.0,0.0
2025-12-03,811,811,8,1,1,0.0,RandomForestClassifier,safe_w200,2025-12-03T13:59:12,predict_next_joint,0.0,-200.0,200.0,0.0
2025-12-03,810,810,8,1,0,0.0,RandomForestClassifier,safe_w200,2025-12-03T13:59:12,predict_next_joint,0.0,-200.0,200.0,0.0
2025-12-03,808,808,8,0,8,0.0,RandomForestClassifier,safe_w200,2025-12-03T13:59:12,predict_next_joint,0.0,-200.0,200.0,0.0
2025-12-03,807,807,8,0,7,0.0,RandomForestClassifier,safe_w200,2025-12-03T13:59:12,predict_next_joint,0.0,-200.0,200.0,0.0
2025-12-03,803,803,8,0,3,0.0,RandomForestClassifier,safe_w200,2025-12-03T13:59:12,predict_next_joint,0.0,-200.0,200.0,0.0
2025-12-03,802,802,8,0,2,0.0,RandomForestClassifier,safe_w200,2025-12-03T13:59:12,predict_next_joint,0.0,-200.0,200.0,0.0
2025-12-03,801,801,8,0,1,0.0,RandomForestClassifier,safe_w200,2025-12-03T13:59:12,predict_next_joint,0.0,-200.0,200.0,0.0
2025-12-03,832,832,8,3,2,0.0,RandomForestClassifier,safe_w200,2025-12-03T13:59:12,predict_next_joint,0.0,-200.0,200.0,0.0
2025-12-03,830,830,8,3,0,0.0,RandomForestClassifier,safe_w200,2025-12-03T13:59:12,predict_next_joint,0.0,-200.0,200.0,0.0
2025-12-03,829,829,8,2,9,0.0,RandomForestClassifier,safe_w200,2025-12-03T13:59:12,predict_next_joint,0.0,-200.0,200.0,0.0
2025-12-03,828,828,8,2,8,0.0,RandomForestClassifier,safe_w200,2025-12-03T13:59:12,predict_next_joint,0.0,-200.0,200.0,0.0
2025-12-03,826,826,8,2,6,0.0,RandomForestClassifier,safe_w200,2025-12-03T13:59:12,predict_next_joint,0.0,-200.0,200.0,0.0
2025-12-03,825,825,8,2,5,0.0,RandomForestClassifier,safe_w200,2025-12-03T13:59:12,predict_next_joint,0.0,-200.0,200.0,0.0
2025-12-03,824,824,8,2,4,0.0,RandomForestClassifier,safe_w200,2025-12-03T13:59:12,predict_next_joint,0.0,-200.0,200.0,0.0
2025-12-03,823,823,8,2,3,0.0,RandomForestClassifier,safe_w200,2025-12-03T13:59:12,predict_next_joint,0.0,-200.0,200.0,0.0
2025-12-03,822,822,8,2,2,0.0,RandomForestClassifier,safe_w200,2025-12-03T13:59:12,predict_next_joint,0.0,-200.0,200.0,0.0
2025-12-03,821,821,8,2,1,0.0,RandomForestClassifier,safe_w200,2025-12-03T13:59:12,predict_next_joint,0.0,-200.0,200.0,0.0
2025-12-03,820,820,8,2,0,0.0,RandomForestClassifier,safe_w200,2025-12-03T13:59:12,predict_next_joint,0.0,-200.0,200.0,0.0
2025-12-03,818,818,8,1,8,0.0,RandomForestClassifier,safe_w200,2025-12-03T13:59:12,predict_next_joint,0.0,-200.0,200.0,0.0
2025-12-03,817,817,8,1,7,0.0,RandomForestClassifier,safe_w200,2025-12-03T13:59:12,predict_next_joint,0.0,-200.0,200.0,0.0
2025-12-03,848,848,8,4,8,0.0,RandomForestClassifier,safe_w200,2025-12-03T13:59:12,predict_next_joint,0.0,-200.0,200.0,0.0
2025-12-03,847,847,8,4,7,0.0,RandomForestClassifier,safe_w200,2025-12-03T13:59:12,predict_next_joint,0.0,-200.0,200.0,0.0
2025-12-03,846,846,8,4,6,0.0,RandomForestClassifier,safe_w200,2025-12-03T13:59:12,predict_next_joint,0.0,-200.0,200.0,0.0
2025-12-03,845,845,8,4,5,0.0,RandomForestClassifier,safe_w200,2025-12-03T13:59:12,predict_next_joint,0.0,-200.0,200.0,0.0
2025-12-03,844,844,8,4,4,0.0,RandomForestClassifier,safe_w200,2025-12-03T13:59:12,predict_next_joint,0.0,-200.0,200.0,0.0
2025-12-03,843,843,8,4,3,0.0,RandomForestClassifier,safe_w200,2025-12-03T13:59:12,predict_next_joint,0.0,-200.0,200.0,0.0
2025-12-03,841,841,8,4,1,0.0,RandomForestClassifier,safe_w200,2025-12-03T13:59:12,predict_next_joint,0.0,-200.0,200.0,0.0
2025-12-03,840,840,8,4,0,0.0,RandomForestClassifier,safe_w200,2025-12-03T13:59:12,predict_next_joint,0.0,-200.0,200.0,0.0
2025-12-03,839,839,8,3,9,0.0,RandomForestClassifier,safe_w200,2025-12-03T13:59:12,predict_next_joint,0.0,-200.0,200.0,0.0
2025-12-03,838,838,8,3,8,0.0,RandomForestClassifier,safe_w200,2025-12-03T13:59:12,predict_next_joint,0.0,-200.0,200.0,0.0
2025-12-03,837,837,8,3,7,0.0,RandomForestClassifier,safe_w200,2025-12-03T13:59:12,predict_next_joint,0.0,-200.0,200.0,0.0
2025-12-03,836,836,8,3,6,0.0,RandomForestClassifier,safe_w200,2025-12-03T13:59:12,predict_next_joint,0.0,-200.0,200.0,0.0
2025-12-03,835,835,8,3,5,0.0,RandomForestClassifier,safe_w200,2025-12-03T13:59:12,predict_next_joint,0.0,-200.0,200.0,0.0
2025-12-03,834,834,8,3,4,0.0,RandomForestClassifier,safe_w200,2025-12-03T13:59:12,predict_next_joint,0.0,-200.0,200.0,0.0
2025-12-03,833,833,8,3,3,0.0,RandomForestClassifier,safe_w200,2025-12-03T13:59:12,predict_next_joint,0.0,-200.0,200.0,0.0
2025-12-03,864,864,8,6,4,0.0,RandomForestClassifier,safe_w200,2025-12-03T13:59:12,predict_next_joint,0.0,-200.0,200.0,0.0
2025-12-03,863,863,8,6,3,0.0,RandomForestClassifier,safe_w200,2025-12-03T13:59:12,predict_next_joint,0.0,-200.0,200.0,0.0
2025-12-03,862,862,8,6,2,0.0,RandomForestClassifier,safe_w200,2025-12-03T13:59:12,predict_next_joint,0.0,-200.0,200.0,0.0
2025-12-03,861,861,8,6,1,0.0,RandomForestClassifier,safe_w200,2025-12-03T13:59:12,predict_next_joint,0.0,-200.0,200.0,0.0
2025-12-03,860,860,8,6,0,0.0,RandomForestClassifier,safe_w200,2025-12-03T13:59:12,predict_next_joint,0.0,-200.0,200.0,0.0
2025-12-03,859,859,8,5,9,0.0,RandomForestClassifier,safe_w200,2025-12-03T13:59:12,predict_next_joint,0.0,-200.0,200.0,0.0
2025-12-03,858,858,8,5,8,0.0,RandomForestClassifier,safe_w200,2025-12-03T13:59:12,predict_next_joint,0.0,-200.0,200.0,0.0
2025-12-03,855,855,8,5,5,0.0,RandomForestClassifier,safe_w200,2025-12-03T13:59:12,predict_next_joint,0.0,-200.0,200.0,0.0
2025-12-03,854,854,8,5,4,0.0,RandomForestClassifier,safe_w200,2025-12-03T13:59:12,predict_next_joint,0.0,-200.0,200.0,0.0
2025-12-03,853,853,8,5,3,0.0,RandomForestClassifier,safe_w200,2025-12-03T13:59:12,predict_next_joint,0.0,-200.0,200.0,0.0
2025-12-03,852,852,8,5,2,0.0,RandomForestClassifier,safe_w200,2025-12-03T13:59:12,predict_next_joint,0.0,-200.0,200.0,0.0
2025-12-03,851,851,8,5,1,0.0,RandomForestClassifier,safe_w200,2025-12-03T13:59:12,predict_next_joint,0.0,-200.0,200.0,0.0
2025-12-03,850,850,8,5,0,0.0,RandomForestClassifier,safe_w200,2025-12-03T13:59:12,predict_next_joint,0.0,-200.0,200.0,0.0
2025-12-03,849,849,8,4,9,0.0,RandomForestClassifier,safe_w200,2025-12-03T13:59:12,predict_next_joint,0.0,-200.0,200.0,0.0
2025-12-03,880,880,8,8,0,0.0,RandomForestClassifier,safe_w200,2025-12-03T13:59:12,predict_next_joint,0.0,-200.0,200.0,0.0
2025-12-03,879,879,8,7,9,0.0,RandomForestClassifier,safe_w200,2025-12-03T13:59:12,predict_next_joint,0.0,-200.0,200.0,0.0
2025-12-03,878,878,8,7,8,0.0,RandomForestClassifier,safe_w200,2025-12-03T13:59:12,predict_next_joint,0.0,-200.0,200.0,0.0
2025-12-03,877,877,8,7,7,0.0,RandomForestClassifier,safe_w200,2025-12-03T13:59:12,predict_next_joint,0.0,-200.0,200.0,0.0
2025-12-03,876,876,8,7,6,0.0,RandomForestClassifier,safe_w200,2025-12-03T13:59:12,predict_next_joint,0.0,-200.0,200.0,0.0
2025-12-03,875,875,8,7,5,0.0,RandomForestClassifier,safe_w200,2025-12-03T13:59:12,predict_next_joint,0.0,-200.0,200.0,0.0
2025-12-03,874,874,8,7,4,0.0,RandomForestClassifier,safe_w200,2025-12-03T13:59:12,predict_next_joint,0.0,-200.0,200.0,0.0
2025-12-03,873,873,8,7,3,0.0,RandomForestClassifier,safe_w200,2025-12-03T13:59:12,predict_next_joint,0.0,-200.0,200.0,0.0
2025-12-03,872,872,8,7,2,0.0,RandomForestClassifier,safe_w200,2025-12-03T13:59:12,predict_next_joint,0.0,-200.0,200.0,0.0
2025-12-03,871,871,8,7,1,0.0,RandomForestClassifier,safe_w200,2025-12-03T13:59:12,predict_next_joint,0.0,-200.0,200.0,0.0
2025-12-03,869,869,8,6,9,0.0,RandomForestClassifier,safe_w200,2025-12-03T13:59:12,predict_next_joint,0.0,-200.0,200.0,0.0
2025-12-03,868,868,8,6,8,0.0,RandomForestClassifier,safe_w200,2025-12-03T13:59:12,predict_next_joint,0.0,-200.0,200.0,0.0
2025-12-03,867,867,8,6,7,0.0,RandomForestClassifier,safe_w200,2025-12-03T13:59:12,predict_next_joint,0.0,-200.0,200.0,0.0
2025-12-03,866,866,8,6,6,0.0,RandomForestClassifier,safe_w200,2025-12-03T13:59:12,predict_next_joint,0.0,-200.0,200.0,0.0
2025-12-03,865,865,8,6,5,0.0,RandomForestClassifier,safe_w200,2025-12-03T13:59:12,predict_next_joint,0.0,-200.0,200.0,0.0
2025-12-03,048,48,0,4,8,0.0,RandomForestClassifier,safe_w200,2025-12-03T13:59:12,predict_next_joint,0.0,-200.0,200.0,0.0
2025-12-03,047,47,0,4,7,0.0,RandomForestClassifier,safe_w200,2025-12-03T13:59:12,predict_next_joint,0.0,-200.0,200.0,0.0
2025-12-03,046,46,0,4,6,0.0,RandomForestClassifier,safe_w200,2025-12-03T13:59:12,predict_next_joint,0.0,-200.0,200.0,0.0
2025-12-03,045,45,0,4,5,0.0,RandomForestClassifier,safe_w200,2025-12-03T13:59:12,predict_next_joint,0.0,-200.0,200.0,0.0
2025-12-03,044,44,0,4,4,0.0,RandomForestClassifier,safe_w200,2025-12-03T13:59:12,predict_next_joint,0.0,-200.0,200.0,0.0
2025-12-03,043,43,0,4,3,0.0,RandomForestClassifier,safe_w200,2025-12-03T13:59:12,predict_next_joint,0.0,-200.0,200.0,0.0
2025-12-03,042,42,0,4,2,0.0,RandomForestClassifier,safe_w200,2025-12-03T13:59:12,predict_next_joint,0.0,-200.0,200.0,0.0
2025-12-03,040,40,0,4,0,0.0,RandomForestClassifier,safe_w200,2025-12-03T13:59:12,predict_next_joint,0.0,-200.0,200.0,0.0
2025-12-03,039,39,0,3,9,0.0,RandomForestClassifier,safe_w200,2025-12-03T13:59:12,predict_next_joint,0.0,-200.0,200.0,0.0
2025-12-03,037,37,0,3,7,0.0,RandomForestClassifier,safe_w200,2025-12-03T13:59:12,predict_next_joint,0.0,-200.0,200.0,0.0
2025-12-03,036,36,0,3,6,0.0,RandomForestClassifier,safe_w200,2025-12-03T13:59:12,predict_next_joint,0.0,-200.0,200.0,0.0
2025-12-03,034,34,0,3,4,0.0,RandomForestClassifier,safe_w200,2025-12-03T13:59:12,predict_next_joint,0.0,-200.0,200.0,0.0
2025-12-03,033,33,0,3,3,0.0,RandomForestClassifier,safe_w200,2025-12-03T13:59:12,predict_next_joint,0.0,-200.0,200.0,0.0
2025-12-03,896,896,8,9,6,0.0,RandomForestClassifier,safe_w200,2025-12-03T13:59:12,predict_next_joint,0.0,-200.0,200.0,0.0
2025-12-03,894,894,8,9,4,0.0,RandomForestClassifier,safe_w200,2025-12-03T13:59:12,predict_next_joint,0.0,-200.0,200.0,0.0
2025-12-03,893,893,8,9,3,0.0,RandomForestClassifier,safe_w200,2025-12-03T13:59:12,predict_next_joint,0.0,-200.0,200.0,0.0
2025-12-03,892,892,8,9,2,0.0,RandomForestClassifier,safe_w200,2025-12-03T13:59:12,predict_next_joint,0.0,-200.0,200.0,0.0
2025-12-03,889,889,8,8,9,0.0,RandomForestClassifier,safe_w200,2025-12-03T13:59:12,predict_next_joint,0.0,-200.0,200.0,0.0
2025-12-03,888,888,8,8,8,0.0,RandomForestClassifier,safe_w200,2025-12-03T13:59:12,predict_next_joint,0.0,-200.0,200.0,0.0
2025-12-03,887,887,8,8,7,0.0,RandomForestClassifier,safe_w200,2025-12-03T13:59:12,predict_next_joint,0.0,-200.0,200.0,0.0
2025-12-03,886,886,8,8,6,0.0,RandomForestClassifier,safe_w200,2025-12-03T13:59:12,predict_next_joint,0.0,-200.0,200.0,0.0
2025-12-03,885,885,8,8,5,0.0,RandomForestClassifier,safe_w200,2025-12-03T13:59:12,predict_next_joint,0.0,-200.0,200.0,0.0
2025-12-03,884,884,8,8,4,0.0,RandomForestClassifier,safe_w200,2025-12-03T13:59:12,predict_next_joint,0.0,-200.0,200.0,0.0
2025-12-03,883,883,8,8,3,0.0,RandomForestClassifier,safe_w200,2025-12-03T13:59:12,predict_next_joint,0.0,-200.0,200.0,0.0
2025-12-03,882,882,8,8,2,0.0,RandomForestClassifier,safe_w200,2025-12-03T13:59:12,predict_next_joint,0.0,-200.0,200.0,0.0
2025-12-03,881,881,8,8,1,0.0,RandomForestClassifier,safe_w200,2025-12-03T13:59:12,predict_next_joint,0.0,-200.0,200.0,0.0
2025-12-03,912,912,9,1,2,0.0,RandomForestClassifier,safe_w200,2025-12-03T13:59:12,predict_next_joint,0.0,-200.0,200.0,0.0
2025-12-03,911,911,9,1,1,0.0,RandomForestClassifier,safe_w200,2025-12-03T13:59:12,predict_next_joint,0.0,-200.0,200.0,0.0
2025-12-03,910,910,9,1,0,0.0,RandomForestClassifier,safe_w200,2025-12-03T13:59:12,predict_next_joint,0.0,-200.0,200.0,0.0
2025-12-03,909,909,9,0,9,0.0,RandomForestClassifier,safe_w200,2025-12-03T13:59:12,predict_next_joint,0.0,-200.0,200.0,0.0
2025-12-03,908,908,9,0,8,0.0,RandomForestClassifier,safe_w200,2025-12-03T13:59:12,predict_next_joint,0.0,-200.0,200.0,0.0
2025-12-03,907,907,9,0,7,0.0,RandomForestClassifier,safe_w200,2025-12-03T13:59:12,predict_next_joint,0.0,-200.0,200.0,0.0
2025-12-03,906,906,9,0,6,0.0,RandomForestClassifier,safe_w200,2025-12-03T13:59:12,predict_next_joint,0.0,-200.0,200.0,0.0
2025-12-03,905,905,9,0,5,0.0,RandomForestClassifier,safe_w200,2025-12-03T13:59:12,predict_next_joint,0.0,-200.0,200.0,0.0
2025-12-03,904,904,9,0,4,0.0,RandomForestClassifier,safe_w200,2025-12-03T13:59:12,predict_next_joint,0.0,-200.0,200.0,0.0
2025-12-03,903,903,9,0,3,0.0,RandomForestClassifier,safe_w200,2025-12-03T13:59:12,predict_next_joint,0.0,-200.0,200.0,0.0
2025-12-03,902,902,9,0,2,0.0,RandomForestClassifier,safe_w200,2025-12-03T13:59:12,predict_next_joint,0.0,-200.0,200.0,0.0
2025-12-03,900,900,9,0,0,0.0,RandomForestClassifier,safe_w200,2025-12-03T13:59:12,predict_next_joint,0.0,-200.0,200.0,0.0
2025-12-03,899,899,8,9,9,0.0,RandomForestClassifier,safe_w200,2025-12-03T13:59:12,predict_next_joint,0.0,-200.0,200.0,0.0
2025-12-03,898,898,8,9,8,0.0,RandomForestClassifier,safe_w200,2025-12-03T13:59:12,predict_next_joint,0.0,-200.0,200.0,0.0
2025-12-03,897,897,8,9,7,0.0,RandomForestClassifier,safe_w200,2025-12-03T13:59:12,predict_next_joint,0.0,-200.0,200.0,0.0
2025-12-03,927,927,9,2,7,0.0,RandomForestClassifier,safe_w200,2025-12-03T13:59:12,predict_next_joint,0.0,-200.0,200.0,0.0
2025-12-03,926,926,9,2,6,0.0,RandomForestClassifier,safe_w200,2025-12-03T13:59:12,predict_next_joint,0.0,-200.0,200.0,0.0
2025-12-03,925,925,9,2,5,0.0,RandomForestClassifier,safe_w200,2025-12-03T13:59:12,predict_next_joint,0.0,-200.0,200.0,0.0
2025-12-03,924,924,9,2,4,0.0,RandomForestClassifier,safe_w200,2025-12-03T13:59:12,predict_next_joint,0.0,-200.0,200.0,0.0
2025-12-03,923,923,9,2,3,0.0,RandomForestClassifier,safe_w200,2025-12-03T13:59:12,predict_next_joint,0.0,-200.0,200.0,0.0
2025-12-03,922,922,9,2,2,0.0,RandomForestClassifier,safe_w200,2025-12-03T13:59:12,predict_next_joint,0.0,-200.0,200.0,0.0
2025-12-03,921,921,9,2,1,0.0,RandomForestClassifier,safe_w200,2025-12-03T13:59:12,predict_next_joint,0.0,-200.0,200.0,0.0
2025-12-03,920,920,9,2,0,0.0,RandomForestClassifier,safe_w200,2025-12-03T13:59:12,predict_next_joint,0.0,-200.0,200.0,0.0
2025-12-03,919,919,9,1,9,0.0,RandomForestClassifier,safe_w200,2025-12-03T13:59:12,predict_next_joint,0.0,-200.0,200.0,0.0
2025-12-03,918,918,9,1,8,0.0,RandomForestClassifier,safe_w200,2025-12-03T13:59:12,predict_next_joint,0.0,-200.0,200.0,0.0
2025-12-03,916,916,9,1,6,0.0,RandomForestClassifier,safe_w200,2025-12-03T13:59:12,predict_next_joint,0.0,-200.0,200.0,0.0
2025-12-03,915,915,9,1,5,0.0,RandomForestClassifier,safe_w200,2025-12-03T13:59:12,predict_next_joint,0.0,-200.0,200.0,0.0
2025-12-03,914,914,9,1,4,0.0,RandomForestClassifier,safe_w200,2025-12-03T13:59:12,predict_next_joint,0.0,-200.0,200.0,0.0
2025-12-03,913,913,9,1,3,0.0,RandomForestClassifier,safe_w200,2025-12-03T13:59:12,predict_next_joint,0.0,-200.0,200.0,0.0
2025-12-03,944,944,9,4,4,0.0,RandomForestClassifier,safe_w200,2025-12-03T13:59:12,predict_next_joint,0.0,-200.0,200.0,0.0
2025-12-03,943,943,9,4,3,0.0,RandomForestClassifier,safe_w200,2025-12-03T13:59:12,predict_next_joint,0.0,-200.0,200.0,0.0
2025-12-03,942,942,9,4,2,0.0,RandomForestClassifier,safe_w200,2025-12-03T13:59:12,predict_next_joint,0.0,-200.0,200.0,0.0
2025-12-03,941,941,9,4,1,0.0,RandomForestClassifier,safe_w200,2025-12-03T13:59:12,predict_next_joint,0.0,-200.0,200.0,0.0
2025-12-03,940,940,9,4,0,0.0,RandomForestClassifier,safe_w200,2025-12-03T13:59:12,predict_next_joint,0.0,-200.0,200.0,0.0
2025-12-03,939,939,9,3,9,0.0,RandomForestClassifier,safe_w200,2025-12-03T13:59:12,predict_next_joint,0.0,-200.0,200.0,0.0
2025-12-03,938,938,9,3,8,0.0,RandomForestClassifier,safe_w200,2025-12-03T13:59:12,predict_next_joint,0.0,-200.0,200.0,0.0
2025-12-03,937,937,9,3,7,0.0,RandomForestClassifier,safe_w200,2025-12-03T13:59:12,predict_next_joint,0.0,-200.0,200.0,0.0
2025-12-03,934,934,9,3,4,0.0,RandomForestClassifier,safe_w200,2025-12-03T13:59:12,predict_next_joint,0.0,-200.0,200.0,0.0
2025-12-03,933,933,9,3,3,0.0,RandomForestClassifier,safe_w200,2025-12-03T13:59:12,predict_next_joint,0.0,-200.0,200.0,0.0
2025-12-03,932,932,9,3,2,0.0,RandomForestClassifier,safe_w200,2025-12-03T13:59:12,predict_next_joint,0.0,-200.0,200.0,0.0
2025-12-03,930,930,9,3,0,0.0,RandomForestClassifier,safe_w200,2025-12-03T13:59:12,predict_next_joint,0.0,-200.0,200.0,0.0
2025-12-03,929,929,9,2,9,0.0,RandomForestClassifier,safe_w200,2025-12-03T13:59:12,predict_next_joint,0.0,-200.0,200.0,0.0
2025-12-03,960,960,9,6,0,0.0,RandomForestClassifier,safe_w200,2025-12-03T13:59:12,predict_next_joint,0.0,-200.0,200.0,0.0
2025-12-03,959,959,9,5,9,0.0,RandomForestClassifier,safe_w200,2025-12-03T13:59:12,predict_next_joint,0.0,-200.0,200.0,0.0
2025-12-03,958,958,9,5,8,0.0,RandomForestClassifier,safe_w200,2025-12-03T13:59:12,predict_next_joint,0.0,-200.0,200.0,0.0
2025-12-03,957,957,9,5,7,0.0,RandomForestClassifier,safe_w200,2025-12-03T13:59:12,predict_next_joint,0.0,-200.0,200.0,0.0
2025-12-03,956,956,9,5,6,0.0,RandomForestClassifier,safe_w200,2025-12-03T13:59:12,predict_next_joint,0.0,-200.0,200.0,0.0
2025-12-03,955,955,9,5,5,0.0,RandomForestClassifier,safe_w200,2025-12-03T13:59:12,predict_next_joint,0.0,-200.0,200.0,0.0
2025-12-03,954,954,9,5,4,0.0,RandomForestClassifier,safe_w200,2025-12-03T13:59:12,predict_next_joint,0.0,-200.0,200.0,0.0
2025-12-03,952,952,9,5,2,0.0,RandomForestClassifier,safe_w200,2025-12-03T13:59:12,predict_next_joint,0.0,-200.0,200.0,0.0
2025-12-03,951,951,9,5,1,0.0,RandomForestClassifier,safe_w200,2025-12-03T13:59:12,predict_next_joint,0.0,-200.0,200.0,0.0
2025-12-03,950,950,9,5,0,0.0,RandomForestClassifier,safe_w200,2025-12-03T13:59:12,predict_next_joint,0.0,-200.0,200.0,0.0
2025-12-03,949,949,9,4,9,0.0,RandomForestClassifier,safe_w200,2025-12-03T13:59:12,predict_next_joint,0.0,-200.0,200.0,0.0
2025-12-03,947,947,9,4,7,0.0,RandomForestClassifier,safe_w200,2025-12-03T13:59:12,predict_next_joint,0.0,-200.0,200.0,0.0
2025-12-03,976,976,9,7,6,0.0,RandomForestClassifier,safe_w200,2025-12-03T13:59:12,predict_next_joint,0.0,-200.0,200.0,0.0
2025-12-03,975,975,9,7,5,0.0,RandomForestClassifier,safe_w200,2025-12-03T13:59:12,predict_next_joint,0.0,-200.0,200.0,0.0
2025-12-03,974,974,9,7,4,0.0,RandomForestClassifier,safe_w200,2025-12-03T13:59:12,predict_next_joint,0.0,-200.0,200.0,0.0
2025-12-03,972,972,9,7,2,0.0,RandomForestClassifier,safe_w200,2025-12-03T13:59:12,predict_next_joint,0.0,-200.0,200.0,0.0
2025-12-03,971,971,9,7,1,0.0,RandomForestClassifier,safe_w200,2025-12-03T13:59:12,predict_next_joint,0.0,-200.0,200.0,0.0
2025-12-03,970,970,9,7,0,0.0,RandomForestClassifier,safe_w200,2025-12-03T13:59:12,predict_next_joint,0.0,-200.0,200.0,0.0
2025-12-03,969,969,9,6,9,0.0,RandomForestClassifier,safe_w200,2025-12-03T13:59:12,predict_next_joint,0.0,-200.0,200.0,0.0
2025-12-03,968,968,9,6,8,0.0,RandomForestClassifier,safe_w200,2025-12-03T13:59:12,predict_next_joint,0.0,-200.0,200.0,0.0
2025-12-03,967,967,9,6,7,0.0,RandomForestClassifier,safe_w200,2025-12-03T13:59:12,predict_next_joint,0.0,-200.0,200.0,0.0
2025-12-03,966,966,9,6,6,0.0,RandomForestClassifier,safe_w200,2025-12-03T13:59:12,predict_next_joint,0.0,-200.0,200.0,0.0
2025-12-03,965,965,9,6,5,0.0,RandomForestClassifier,safe_w200,2025-12-03T13:59:12,predict_next_joint,0.0,-200.0,200.0,0.0
2025-12-03,962,962,9,6,2,0.0,RandomForestClassifier,safe_w200,2025-12-03T13:59:12,predict_next_joint,0.0,-200.0,200.0,0.0
2025-12-03,961,961,9,6,1,0.0,RandomForestClassifier,safe_w200,2025-12-03T13:59:12,predict_next_joint,0.0,-200.0,200.0,0.0
2025-12-03,032,32,0,3,2,0.0,RandomForestClassifier,safe_w200,2025-12-03T13:59:12,predict_next_joint,0.0,-200.0,200.0,0.0
2025-12-03,031,31,0,3,1,0.0,RandomForestClassifier,safe_w200,2025-12-03T13:59:12,predict_next_joint,0.0,-200.0,200.0,0.0
2025-12-03,030,30,0,3,0,0.0,RandomForestClassifier,safe_w200,2025-12-03T13:59:12,predict_next_joint,0.0,-200.0,200.0,0.0
2025-12-03,029,29,0,2,9,0.0,RandomForestClassifier,safe_w200,2025-12-03T13:59:12,predict_next_joint,0.0,-200.0,200.0,0.0
2025-12-03,028,28,0,2,8,0.0,RandomForestClassifier,safe_w200,2025-12-03T13:59:12,predict_next_joint,0.0,-200.0,200.0,0.0
2025-12-03,027,27,0,2,7,0.0,RandomForestClassifier,safe_w200,2025-12-03T13:59:12,predict_next_joint,0.0,-200.0,200.0,0.0
2025-12-03,026,26,0,2,6,0.0,RandomForestClassifier,safe_w200,2025-12-03T13:59:12,predict_next_joint,0.0,-200.0,200.0,0.0
2025-12-03,025,25,0,2,5,0.0,RandomForestClassifier,safe_w200,2025-12-03T13:59:12,predict_next_joint,0.0,-200.0,200.0,0.0
2025-12-03,024,24,0,2,4,0.0,RandomForestClassifier,safe_w200,2025-12-03T13:59:12,predict_next_joint,0.0,-200.0,200.0,0.0
2025-12-03,023,23,0,2,3,0.0,RandomForestClassifier,safe_w200,2025-12-03T13:59:12,predict_next_joint,0.0,-200.0,200.0,0.0
2025-12-03,022,22,0,2,2,0.0,RandomForestClassifier,safe_w200,2025-12-03T13:59:12,predict_next_joint,0.0,-200.0,200.0,0.0
2025-12-03,021,21,0,2,1,0.0,RandomForestClassifier,safe_w200,2025-12-03T13:59:12,predict_next_joint,0.0,-200.0,200.0,0.0
2025-12-03,020,20,0,2,0,0.0,RandomForestClassifier,safe_w200,2025-12-03T13:59:12,predict_next_joint,0.0,-200.0,200.0,0.0
2025-12-03,018,18,0,1,8,0.0,RandomForestClassifier,safe_w200,2025-12-03T13:59:12,predict_next_joint,0.0,-200.0,200.0,0.0
2025-12-03,017,17,0,1,7,0.0,RandomForestClassifier,safe_w200,2025-12-03T13:59:12,predict_next_joint,0.0,-200.0,200.0,0.0
2025-12-03,994,994,9,9,4,0.0,RandomForestClassifier,safe_w200,2025-12-03T13:59:12,predict_next_joint,0.0,-200.0,200.0,0.0
2025-12-03,995,995,9,9,5,0.0,RandomForestClassifier,safe_w200,2025-12-03T13:59:12,predict_next_joint,0.0,-200.0,200.0,0.0
2025-12-03,996,996,9,9,6,0.0,RandomForestClassifier,safe_w200,2025-12-03T13:59:12,predict_next_joint,0.0,-200.0,200.0,0.0
2025-12-03,997,997,9,9,7,0.0,RandomForestClassifier,safe_w200,2025-12-03T13:59:12,predict_next_joint,0.0,-200.0,200.0,0.0
2025-12-03,998,998,9,9,8,0.0,RandomForestClassifier,safe_w200,2025-12-03T13:59:12,predict_next_joint,0.0,-200.0,200.0,0.0
2025-12-03,999,999,9,9,9,0.0,RandomForestClassifier,safe_w200,2025-12-03T13:59:12,predict_next_joint,0.0,-200.0,200.0,0.0
2025-12-03,001,1,0,0,1,0.0,RandomForestClassifier,safe_w200,2025-12-03T13:59:12,predict_next_joint,0.0,-200.0,200.0,0.0
