抽せん日,候補_3桁,予測番号,百,十,一,joint_prob,model_name,feature_set,gen_at,source,EV_gross,EV_net,price,expected_payout
2025-12-12,157,157,1,5,7,0.074,RandomForestClassifier,safe_w200,2025-12-12T08:54:25,predict_next_joint,6660.0,6460.0,200.0,6660.0
2025-12-12,805,805,8,0,5,0.056,RandomForestClassifier,safe_w200,2025-12-12T08:54:25,predict_next_joint,5040.0,4840.0,200.0,5040.0
2025-12-12,718,718,7,1,8,0.044,RandomForestClassifier,safe_w200,2025-12-12T08:54:25,predict_next_joint,3960.0,3760.0,200.0,3960.0
2025-12-12,752,752,7,5,2,0.042,RandomForestClassifier,safe_w200,2025-12-12T08:54:25,predict_next_joint,3780.000000000001,3580.0000000000005,200.0,3780.000000000001
2025-12-12,13,13,0,1,3,0.042,RandomForestClassifier,safe_w200,2025-12-12T08:54:25,predict_next_joint,3780.000000000001,3580.0000000000005,200.0,3780.000000000001
2025-12-12,368,368,3,6,8,0.032,RandomForestClassifier,safe_w200,2025-12-12T08:54:25,predict_next_joint,2880.0,2680.0,200.0,2880.0
2025-12-12,253,253,2,5,3,0.028,RandomForestClassifier,safe_w200,2025-12-12T08:54:25,predict_next_joint,2520.0,2320.0,200.0,2520.0
2025-12-12,374,374,3,7,4,0.026,RandomForestClassifier,safe_w200,2025-12-12T08:54:25,predict_next_joint,2340.0,2140.0,200.0,2340.0
2025-12-12,572,572,5,7,2,0.024,RandomForestClassifier,safe_w200,2025-12-12T08:54:25,predict_next_joint,2160.0,1960.0,200.0,2160.0
2025-12-12,708,708,7,0,8,0.024,RandomForestClassifier,safe_w200,2025-12-12T08:54:25,predict_next_joint,2160.0,1960.0,200.0,2160.0
2025-12-12,827,827,8,2,7,0.022,RandomForestClassifier,safe_w200,2025-12-12T08:54:25,predict_next_joint,1980.0,1779.9999999999998,200.0,1980.0
2025-12-12,72,72,0,7,2,0.02,RandomForestClassifier,safe_w200,2025-12-12T08:54:25,predict_next_joint,1800.0,1600.0,200.0,1800.0
2025-12-12,523,523,5,2,3,0.02,RandomForestClassifier,safe_w200,2025-12-12T08:54:25,predict_next_joint,1800.0,1600.0,200.0,1800.0
2025-12-12,395,395,3,9,5,0.018,RandomForestClassifier,safe_w200,2025-12-12T08:54:25,predict_next_joint,1619.9999999999998,1419.9999999999998,200.0,1619.9999999999998
2025-12-12,64,64,0,6,4,0.016,RandomForestClassifier,safe_w200,2025-12-12T08:54:25,predict_next_joint,1440.0,1240.0,200.0,1440.0
2025-12-12,856,856,8,5,6,0.016,RandomForestClassifier,safe_w200,2025-12-12T08:54:25,predict_next_joint,1440.0,1240.0,200.0,1440.0
2025-12-12,427,427,4,2,7,0.014,RandomForestClassifier,safe_w200,2025-12-12T08:54:25,predict_next_joint,1260.0,1060.0,200.0,1260.0
2025-12-12,729,729,7,2,9,0.012,RandomForestClassifier,safe_w200,2025-12-12T08:54:25,predict_next_joint,1080.0,880.0,200.0,1080.0
2025-12-12,278,278,2,7,8,0.012,RandomForestClassifier,safe_w200,2025-12-12T08:54:25,predict_next_joint,1080.0,880.0,200.0,1080.0
2025-12-12,652,652,6,5,2,0.01,RandomForestClassifier,safe_w200,2025-12-12T08:54:25,predict_next_joint,900.0,700.0,200.0,900.0
2025-12-12,218,218,2,1,8,0.01,RandomForestClassifier,safe_w200,2025-12-12T08:54:25,predict_next_joint,900.0,700.0,200.0,900.0
2025-12-12,209,209,2,0,9,0.01,RandomForestClassifier,safe_w200,2025-12-12T08:54:25,predict_next_joint,900.0,700.0,200.0,900.0
2025-12-12,936,936,9,3,6,0.01,RandomForestClassifier,safe_w200,2025-12-12T08:54:25,predict_next_joint,900.0,700.0,200.0,900.0
2025-12-12,490,490,4,9,0,0.01,RandomForestClassifier,safe_w200,2025-12-12T08:54:25,predict_next_joint,900.0,700.0,200.0,900.0
2025-12-12,654,654,6,5,4,0.01,RandomForestClassifier,safe_w200,2025-12-12T08:54:25,predict_next_joint,900.0,700.0,200.0,900.0
2025-12-12,14,14,0,1,4,0.01,RandomForestClassifier,safe_w200,2025-12-12T08:54:25,predict_next_joint,900.0,700.0,200.0,900.0
2025-12-12,672,672,6,7,2,0.008,RandomForestClassifier,safe_w200,2025-12-12T08:54:25,predict_next_joint,720.0,520.0,200.0,720.0
2025-12-12,891,891,8,9,1,0.008,RandomForestClassifier,safe_w200,2025-12-12T08:54:25,predict_next_joint,720.0,520.0,200.0,720.0
2025-12-12,49,49,0,4,9,0.008,RandomForestClassifier,safe_w200,2025-12-12T08:54:25,predict_next_joint,720.0,520.0,200.0,720.0
2025-12-12,518,518,5,1,8,0.008,RandomForestClassifier,safe_w200,2025-12-12T08:54:25,predict_next_joint,720.0,520.0,200.0,720.0
2025-12-12,439,439,4,3,9,0.008,RandomForestClassifier,safe_w200,2025-12-12T08:54:25,predict_next_joint,720.0,520.0,200.0,720.0
2025-12-12,430,430,4,3,0,0.008,RandomForestClassifier,safe_w200,2025-12-12T08:54:25,predict_next_joint,720.0,520.0,200.0,720.0
2025-12-12,204,204,2,0,4,0.008,RandomForestClassifier,safe_w200,2025-12-12T08:54:25,predict_next_joint,720.0,520.0,200.0,720.0
2025-12-12,671,671,6,7,1,0.006,RandomForestClassifier,safe_w200,2025-12-12T08:54:25,predict_next_joint,540.0,340.0,200.0,540.0
2025-12-12,948,948,9,4,8,0.006,RandomForestClassifier,safe_w200,2025-12-12T08:54:25,predict_next_joint,540.0,340.0,200.0,540.0
2025-12-12,973,973,9,7,3,0.006,RandomForestClassifier,safe_w200,2025-12-12T08:54:25,predict_next_joint,540.0,340.0,200.0,540.0
2025-12-12,630,630,6,3,0,0.006,RandomForestClassifier,safe_w200,2025-12-12T08:54:25,predict_next_joint,540.0,340.0,200.0,540.0
2025-12-12,870,870,8,7,0,0.006,RandomForestClassifier,safe_w200,2025-12-12T08:54:25,predict_next_joint,540.0,340.0,200.0,540.0
2025-12-12,38,38,0,3,8,0.006,RandomForestClassifier,safe_w200,2025-12-12T08:54:25,predict_next_joint,540.0,340.0,200.0,540.0
2025-12-12,0,0,0,0,0,0.006,RandomForestClassifier,safe_w200,2025-12-12T08:54:25,predict_next_joint,540.0,340.0,200.0,540.0
2025-12-12,361,361,3,6,1,0.006,RandomForestClassifier,safe_w200,2025-12-12T08:54:25,predict_next_joint,540.0,340.0,200.0,540.0
2025-12-12,194,194,1,9,4,0.006,RandomForestClassifier,safe_w200,2025-12-12T08:54:25,predict_next_joint,540.0,340.0,200.0,540.0
2025-12-12,168,168,1,6,8,0.006,RandomForestClassifier,safe_w200,2025-12-12T08:54:25,predict_next_joint,540.0,340.0,200.0,540.0
2025-12-12,207,207,2,0,7,0.006,RandomForestClassifier,safe_w200,2025-12-12T08:54:25,predict_next_joint,540.0,340.0,200.0,540.0
2025-12-12,275,275,2,7,5,0.004,RandomForestClassifier,safe_w200,2025-12-12T08:54:25,predict_next_joint,360.0,160.0,200.0,360.0
2025-12-12,491,491,4,9,1,0.004,RandomForestClassifier,safe_w200,2025-12-12T08:54:25,predict_next_joint,360.0,160.0,200.0,360.0
2025-12-12,391,391,3,9,1,0.004,RandomForestClassifier,safe_w200,2025-12-12T08:54:25,predict_next_joint,360.0,160.0,200.0,360.0
2025-12-12,108,108,1,0,8,0.004,RandomForestClassifier,safe_w200,2025-12-12T08:54:25,predict_next_joint,360.0,160.0,200.0,360.0
2025-12-12,75,75,0,7,5,0.004,RandomForestClassifier,safe_w200,2025-12-12T08:54:25,predict_next_joint,360.0,160.0,200.0,360.0
2025-12-12,531,531,5,3,1,0.004,RandomForestClassifier,safe_w200,2025-12-12T08:54:25,predict_next_joint,360.0,160.0,200.0,360.0
2025-12-12,470,470,4,7,0,0.004,RandomForestClassifier,safe_w200,2025-12-12T08:54:25,predict_next_joint,360.0,160.0,200.0,360.0
2025-12-12,469,469,4,6,9,0.004,RandomForestClassifier,safe_w200,2025-12-12T08:54:25,predict_next_joint,360.0,160.0,200.0,360.0
2025-12-12,692,692,6,9,2,0.004,RandomForestClassifier,safe_w200,2025-12-12T08:54:25,predict_next_joint,360.0,160.0,200.0,360.0
2025-12-12,69,69,0,6,9,0.004,RandomForestClassifier,safe_w200,2025-12-12T08:54:25,predict_next_joint,360.0,160.0,200.0,360.0
2025-12-12,748,748,7,4,8,0.004,RandomForestClassifier,safe_w200,2025-12-12T08:54:25,predict_next_joint,360.0,160.0,200.0,360.0
2025-12-12,741,741,7,4,1,0.004,RandomForestClassifier,safe_w200,2025-12-12T08:54:25,predict_next_joint,360.0,160.0,200.0,360.0
2025-12-12,796,796,7,9,6,0.004,RandomForestClassifier,safe_w200,2025-12-12T08:54:25,predict_next_joint,360.0,160.0,200.0,360.0
2025-12-12,315,315,3,1,5,0.004,RandomForestClassifier,safe_w200,2025-12-12T08:54:25,predict_next_joint,360.0,160.0,200.0,360.0
2025-12-12,229,229,2,2,9,0.004,RandomForestClassifier,safe_w200,2025-12-12T08:54:25,predict_next_joint,360.0,160.0,200.0,360.0
2025-12-12,237,237,2,3,7,0.004,RandomForestClassifier,safe_w200,2025-12-12T08:54:25,predict_next_joint,360.0,160.0,200.0,360.0
2025-12-12,350,350,3,5,0,0.004,RandomForestClassifier,safe_w200,2025-12-12T08:54:25,predict_next_joint,360.0,160.0,200.0,360.0
2025-12-12,472,472,4,7,2,0.004,RandomForestClassifier,safe_w200,2025-12-12T08:54:25,predict_next_joint,360.0,160.0,200.0,360.0
2025-12-12,460,460,4,6,0,0.004,RandomForestClassifier,safe_w200,2025-12-12T08:54:25,predict_next_joint,360.0,160.0,200.0,360.0
2025-12-12,354,354,3,5,4,0.004,RandomForestClassifier,safe_w200,2025-12-12T08:54:25,predict_next_joint,360.0,160.0,200.0,360.0
2025-12-12,263,263,2,6,3,0.004,RandomForestClassifier,safe_w200,2025-12-12T08:54:25,predict_next_joint,360.0,160.0,200.0,360.0
2025-12-12,320,320,3,2,0,0.004,RandomForestClassifier,safe_w200,2025-12-12T08:54:25,predict_next_joint,360.0,160.0,200.0,360.0
2025-12-12,310,310,3,1,0,0.004,RandomForestClassifier,safe_w200,2025-12-12T08:54:25,predict_next_joint,360.0,160.0,200.0,360.0
2025-12-12,321,321,3,2,1,0.004,RandomForestClassifier,safe_w200,2025-12-12T08:54:25,predict_next_joint,360.0,160.0,200.0,360.0
2025-12-12,371,371,3,7,1,0.004,RandomForestClassifier,safe_w200,2025-12-12T08:54:25,predict_next_joint,360.0,160.0,200.0,360.0
2025-12-12,19,19,0,1,9,0.004,RandomForestClassifier,safe_w200,2025-12-12T08:54:25,predict_next_joint,360.0,160.0,200.0,360.0
2025-12-12,68,68,0,6,8,0.004,RandomForestClassifier,safe_w200,2025-12-12T08:54:25,predict_next_joint,360.0,160.0,200.0,360.0
2025-12-12,149,149,1,4,9,0.004,RandomForestClassifier,safe_w200,2025-12-12T08:54:25,predict_next_joint,360.0,160.0,200.0,360.0
2025-12-12,186,186,1,8,6,0.004,RandomForestClassifier,safe_w200,2025-12-12T08:54:25,predict_next_joint,360.0,160.0,200.0,360.0
2025-12-12,958,958,9,5,8,0.004,RandomForestClassifier,safe_w200,2025-12-12T08:54:25,predict_next_joint,360.0,160.0,200.0,360.0
2025-12-12,908,908,9,0,8,0.004,RandomForestClassifier,safe_w200,2025-12-12T08:54:25,predict_next_joint,360.0,160.0,200.0,360.0
2025-12-12,918,918,9,1,8,0.004,RandomForestClassifier,safe_w200,2025-12-12T08:54:25,predict_next_joint,360.0,160.0,200.0,360.0
2025-12-12,964,964,9,6,4,0.004,RandomForestClassifier,safe_w200,2025-12-12T08:54:25,predict_next_joint,360.0,160.0,200.0,360.0
2025-12-12,657,657,6,5,7,0.004,RandomForestClassifier,safe_w200,2025-12-12T08:54:25,predict_next_joint,360.0,160.0,200.0,360.0
2025-12-12,76,76,0,7,6,0.002,RandomForestClassifier,safe_w200,2025-12-12T08:54:25,predict_next_joint,180.0,-20.0,200.0,180.0
2025-12-12,719,719,7,1,9,0.002,RandomForestClassifier,safe_w200,2025-12-12T08:54:25,predict_next_joint,180.0,-20.0,200.0,180.0
2025-12-12,930,930,9,3,0,0.002,RandomForestClassifier,safe_w200,2025-12-12T08:54:25,predict_next_joint,180.0,-20.0,200.0,180.0
2025-12-12,931,931,9,3,1,0.002,RandomForestClassifier,safe_w200,2025-12-12T08:54:25,predict_next_joint,180.0,-20.0,200.0,180.0
2025-12-12,953,953,9,5,3,0.002,RandomForestClassifier,safe_w200,2025-12-12T08:54:25,predict_next_joint,180.0,-20.0,200.0,180.0
2025-12-12,957,957,9,5,7,0.002,RandomForestClassifier,safe_w200,2025-12-12T08:54:25,predict_next_joint,180.0,-20.0,200.0,180.0
2025-12-12,962,962,9,6,2,0.002,RandomForestClassifier,safe_w200,2025-12-12T08:54:25,predict_next_joint,180.0,-20.0,200.0,180.0
2025-12-12,18,18,0,1,8,0.002,RandomForestClassifier,safe_w200,2025-12-12T08:54:25,predict_next_joint,180.0,-20.0,200.0,180.0
2025-12-12,41,41,0,4,1,0.002,RandomForestClassifier,safe_w200,2025-12-12T08:54:25,predict_next_joint,180.0,-20.0,200.0,180.0
2025-12-12,720,720,7,2,0,0.002,RandomForestClassifier,safe_w200,2025-12-12T08:54:25,predict_next_joint,180.0,-20.0,200.0,180.0
2025-12-12,739,739,7,3,9,0.002,RandomForestClassifier,safe_w200,2025-12-12T08:54:25,predict_next_joint,180.0,-20.0,200.0,180.0
2025-12-12,764,764,7,6,4,0.002,RandomForestClassifier,safe_w200,2025-12-12T08:54:25,predict_next_joint,180.0,-20.0,200.0,180.0
2025-12-12,809,809,8,0,9,0.002,RandomForestClassifier,safe_w200,2025-12-12T08:54:25,predict_next_joint,180.0,-20.0,200.0,180.0
2025-12-12,52,52,0,5,2,0.002,RandomForestClassifier,safe_w200,2025-12-12T08:54:25,predict_next_joint,180.0,-20.0,200.0,180.0
2025-12-12,746,746,7,4,6,0.002,RandomForestClassifier,safe_w200,2025-12-12T08:54:25,predict_next_joint,180.0,-20.0,200.0,180.0
2025-12-12,841,841,8,4,1,0.002,RandomForestClassifier,safe_w200,2025-12-12T08:54:25,predict_next_joint,180.0,-20.0,200.0,180.0
2025-12-12,945,945,9,4,5,0.002,RandomForestClassifier,safe_w200,2025-12-12T08:54:25,predict_next_joint,180.0,-20.0,200.0,180.0
2025-12-12,725,725,7,2,5,0.002,RandomForestClassifier,safe_w200,2025-12-12T08:54:25,predict_next_joint,180.0,-20.0,200.0,180.0
2025-12-12,693,693,6,9,3,0.002,RandomForestClassifier,safe_w200,2025-12-12T08:54:25,predict_next_joint,180.0,-20.0,200.0,180.0
2025-12-12,674,674,6,7,4,0.002,RandomForestClassifier,safe_w200,2025-12-12T08:54:25,predict_next_joint,180.0,-20.0,200.0,180.0
2025-12-12,680,680,6,8,0,0.002,RandomForestClassifier,safe_w200,2025-12-12T08:54:25,predict_next_joint,180.0,-20.0,200.0,180.0
2025-12-12,684,684,6,8,4,0.002,RandomForestClassifier,safe_w200,2025-12-12T08:54:25,predict_next_joint,180.0,-20.0,200.0,180.0
2025-12-12,498,498,4,9,8,0.002,RandomForestClassifier,safe_w200,2025-12-12T08:54:25,predict_next_joint,180.0,-20.0,200.0,180.0
2025-12-12,461,461,4,6,1,0.002,RandomForestClassifier,safe_w200,2025-12-12T08:54:25,predict_next_joint,180.0,-20.0,200.0,180.0
2025-12-12,468,468,4,6,8,0.002,RandomForestClassifier,safe_w200,2025-12-12T08:54:25,predict_next_joint,180.0,-20.0,200.0,180.0
2025-12-12,496,496,4,9,6,0.002,RandomForestClassifier,safe_w200,2025-12-12T08:54:25,predict_next_joint,180.0,-20.0,200.0,180.0
2025-12-12,547,547,5,4,7,0.002,RandomForestClassifier,safe_w200,2025-12-12T08:54:25,predict_next_joint,180.0,-20.0,200.0,180.0
2025-12-12,584,584,5,8,4,0.002,RandomForestClassifier,safe_w200,2025-12-12T08:54:25,predict_next_joint,180.0,-20.0,200.0,180.0
2025-12-12,637,637,6,3,7,0.002,RandomForestClassifier,safe_w200,2025-12-12T08:54:25,predict_next_joint,180.0,-20.0,200.0,180.0
2025-12-12,636,636,6,3,6,0.002,RandomForestClassifier,safe_w200,2025-12-12T08:54:25,predict_next_joint,180.0,-20.0,200.0,180.0
2025-12-12,486,486,4,8,6,0.002,RandomForestClassifier,safe_w200,2025-12-12T08:54:25,predict_next_joint,180.0,-20.0,200.0,180.0
2025-12-12,508,508,5,0,8,0.002,RandomForestClassifier,safe_w200,2025-12-12T08:54:25,predict_next_joint,180.0,-20.0,200.0,180.0
2025-12-12,481,481,4,8,1,0.002,RandomForestClassifier,safe_w200,2025-12-12T08:54:25,predict_next_joint,180.0,-20.0,200.0,180.0
2025-12-12,89,89,0,8,9,0.002,RandomForestClassifier,safe_w200,2025-12-12T08:54:25,predict_next_joint,180.0,-20.0,200.0,180.0
2025-12-12,398,398,3,9,8,0.002,RandomForestClassifier,safe_w200,2025-12-12T08:54:25,predict_next_joint,180.0,-20.0,200.0,180.0
2025-12-12,314,314,3,1,4,0.002,RandomForestClassifier,safe_w200,2025-12-12T08:54:25,predict_next_joint,180.0,-20.0,200.0,180.0
2025-12-12,290,290,2,9,0,0.002,RandomForestClassifier,safe_w200,2025-12-12T08:54:25,predict_next_joint,180.0,-20.0,200.0,180.0
2025-12-12,364,364,3,6,4,0.002,RandomForestClassifier,safe_w200,2025-12-12T08:54:25,predict_next_joint,180.0,-20.0,200.0,180.0
2025-12-12,128,128,1,2,8,0.002,RandomForestClassifier,safe_w200,2025-12-12T08:54:25,predict_next_joint,180.0,-20.0,200.0,180.0
2025-12-12,120,120,1,2,0,0.002,RandomForestClassifier,safe_w200,2025-12-12T08:54:25,predict_next_joint,180.0,-20.0,200.0,180.0
2025-12-12,309,309,3,0,9,0.002,RandomForestClassifier,safe_w200,2025-12-12T08:54:25,predict_next_joint,180.0,-20.0,200.0,180.0
2025-12-12,925,925,9,2,5,0.002,RandomForestClassifier,safe_w200,2025-12-12T08:54:25,predict_next_joint,180.0,-20.0,200.0,180.0
2025-12-12,902,902,9,0,2,0.002,RandomForestClassifier,safe_w200,2025-12-12T08:54:25,predict_next_joint,180.0,-20.0,200.0,180.0
2025-12-12,906,906,9,0,6,0.002,RandomForestClassifier,safe_w200,2025-12-12T08:54:25,predict_next_joint,180.0,-20.0,200.0,180.0
2025-12-12,33,33,0,3,3,0.002,RandomForestClassifier,safe_w200,2025-12-12T08:54:25,predict_next_joint,180.0,-20.0,200.0,180.0
2025-12-12,873,873,8,7,3,0.002,RandomForestClassifier,safe_w200,2025-12-12T08:54:25,predict_next_joint,180.0,-20.0,200.0,180.0
2025-12-12,849,849,8,4,9,0.002,RandomForestClassifier,safe_w200,2025-12-12T08:54:25,predict_next_joint,180.0,-20.0,200.0,180.0
2025-12-12,801,801,8,0,1,0.002,RandomForestClassifier,safe_w200,2025-12-12T08:54:25,predict_next_joint,180.0,-20.0,200.0,180.0
2025-12-12,823,823,8,2,3,0.002,RandomForestClassifier,safe_w200,2025-12-12T08:54:25,predict_next_joint,180.0,-20.0,200.0,180.0
2025-12-12,963,963,9,6,3,0.002,RandomForestClassifier,safe_w200,2025-12-12T08:54:25,predict_next_joint,180.0,-20.0,200.0,180.0
2025-12-12,215,215,2,1,5,0.002,RandomForestClassifier,safe_w200,2025-12-12T08:54:25,predict_next_joint,180.0,-20.0,200.0,180.0
2025-12-12,213,213,2,1,3,0.002,RandomForestClassifier,safe_w200,2025-12-12T08:54:25,predict_next_joint,180.0,-20.0,200.0,180.0
2025-12-12,227,227,2,2,7,0.002,RandomForestClassifier,safe_w200,2025-12-12T08:54:25,predict_next_joint,180.0,-20.0,200.0,180.0
2025-12-12,239,239,2,3,9,0.002,RandomForestClassifier,safe_w200,2025-12-12T08:54:25,predict_next_joint,180.0,-20.0,200.0,180.0
2025-12-12,284,284,2,8,4,0.002,RandomForestClassifier,safe_w200,2025-12-12T08:54:25,predict_next_joint,180.0,-20.0,200.0,180.0
2025-12-12,280,280,2,8,0,0.002,RandomForestClassifier,safe_w200,2025-12-12T08:54:25,predict_next_joint,180.0,-20.0,200.0,180.0
2025-12-12,265,265,2,6,5,0.002,RandomForestClassifier,safe_w200,2025-12-12T08:54:25,predict_next_joint,180.0,-20.0,200.0,180.0
2025-12-12,251,251,2,5,1,0.002,RandomForestClassifier,safe_w200,2025-12-12T08:54:25,predict_next_joint,180.0,-20.0,200.0,180.0
2025-12-12,279,279,2,7,9,0.002,RandomForestClassifier,safe_w200,2025-12-12T08:54:25,predict_next_joint,180.0,-20.0,200.0,180.0
2025-12-12,203,203,2,0,3,0.002,RandomForestClassifier,safe_w200,2025-12-12T08:54:25,predict_next_joint,180.0,-20.0,200.0,180.0
2025-12-12,178,178,1,7,8,0.002,RandomForestClassifier,safe_w200,2025-12-12T08:54:25,predict_next_joint,180.0,-20.0,200.0,180.0
2025-12-12,187,187,1,8,7,0.002,RandomForestClassifier,safe_w200,2025-12-12T08:54:25,predict_next_joint,180.0,-20.0,200.0,180.0
2025-12-12,169,169,1,6,9,0.002,RandomForestClassifier,safe_w200,2025-12-12T08:54:25,predict_next_joint,180.0,-20.0,200.0,180.0
2025-12-12,190,190,1,9,0,0.002,RandomForestClassifier,safe_w200,2025-12-12T08:54:25,predict_next_joint,180.0,-20.0,200.0,180.0
2025-12-12,984,984,9,8,4,0.002,RandomForestClassifier,safe_w200,2025-12-12T08:54:25,predict_next_joint,180.0,-20.0,200.0,180.0
2025-12-12,992,992,9,9,2,0.0,RandomForestClassifier,safe_w200,2025-12-12T08:54:25,predict_next_joint,0.0,-200.0,200.0,0.0
2025-12-12,991,991,9,9,1,0.0,RandomForestClassifier,safe_w200,2025-12-12T08:54:25,predict_next_joint,0.0,-200.0,200.0,0.0
2025-12-12,990,990,9,9,0,0.0,RandomForestClassifier,safe_w200,2025-12-12T08:54:25,predict_next_joint,0.0,-200.0,200.0,0.0
2025-12-12,989,989,9,8,9,0.0,RandomForestClassifier,safe_w200,2025-12-12T08:54:25,predict_next_joint,0.0,-200.0,200.0,0.0
2025-12-12,988,988,9,8,8,0.0,RandomForestClassifier,safe_w200,2025-12-12T08:54:25,predict_next_joint,0.0,-200.0,200.0,0.0
2025-12-12,987,987,9,8,7,0.0,RandomForestClassifier,safe_w200,2025-12-12T08:54:25,predict_next_joint,0.0,-200.0,200.0,0.0
2025-12-12,986,986,9,8,6,0.0,RandomForestClassifier,safe_w200,2025-12-12T08:54:25,predict_next_joint,0.0,-200.0,200.0,0.0
2025-12-12,985,985,9,8,5,0.0,RandomForestClassifier,safe_w200,2025-12-12T08:54:25,predict_next_joint,0.0,-200.0,200.0,0.0
2025-12-12,983,983,9,8,3,0.0,RandomForestClassifier,safe_w200,2025-12-12T08:54:25,predict_next_joint,0.0,-200.0,200.0,0.0
2025-12-12,982,982,9,8,2,0.0,RandomForestClassifier,safe_w200,2025-12-12T08:54:25,predict_next_joint,0.0,-200.0,200.0,0.0
2025-12-12,981,981,9,8,1,0.0,RandomForestClassifier,safe_w200,2025-12-12T08:54:25,predict_next_joint,0.0,-200.0,200.0,0.0
2025-12-12,980,980,9,8,0,0.0,RandomForestClassifier,safe_w200,2025-12-12T08:54:25,predict_next_joint,0.0,-200.0,200.0,0.0
2025-12-12,979,979,9,7,9,0.0,RandomForestClassifier,safe_w200,2025-12-12T08:54:25,predict_next_joint,0.0,-200.0,200.0,0.0
2025-12-12,978,978,9,7,8,0.0,RandomForestClassifier,safe_w200,2025-12-12T08:54:25,predict_next_joint,0.0,-200.0,200.0,0.0
2025-12-12,977,977,9,7,7,0.0,RandomForestClassifier,safe_w200,2025-12-12T08:54:25,predict_next_joint,0.0,-200.0,200.0,0.0
2025-12-12,16,16,0,1,6,0.0,RandomForestClassifier,safe_w200,2025-12-12T08:54:25,predict_next_joint,0.0,-200.0,200.0,0.0
2025-12-12,15,15,0,1,5,0.0,RandomForestClassifier,safe_w200,2025-12-12T08:54:25,predict_next_joint,0.0,-200.0,200.0,0.0
2025-12-12,12,12,0,1,2,0.0,RandomForestClassifier,safe_w200,2025-12-12T08:54:25,predict_next_joint,0.0,-200.0,200.0,0.0
2025-12-12,11,11,0,1,1,0.0,RandomForestClassifier,safe_w200,2025-12-12T08:54:25,predict_next_joint,0.0,-200.0,200.0,0.0
2025-12-12,10,10,0,1,0,0.0,RandomForestClassifier,safe_w200,2025-12-12T08:54:25,predict_next_joint,0.0,-200.0,200.0,0.0
2025-12-12,9,9,0,0,9,0.0,RandomForestClassifier,safe_w200,2025-12-12T08:54:25,predict_next_joint,0.0,-200.0,200.0,0.0
2025-12-12,8,8,0,0,8,0.0,RandomForestClassifier,safe_w200,2025-12-12T08:54:25,predict_next_joint,0.0,-200.0,200.0,0.0
2025-12-12,7,7,0,0,7,0.0,RandomForestClassifier,safe_w200,2025-12-12T08:54:25,predict_next_joint,0.0,-200.0,200.0,0.0
2025-12-12,6,6,0,0,6,0.0,RandomForestClassifier,safe_w200,2025-12-12T08:54:25,predict_next_joint,0.0,-200.0,200.0,0.0
2025-12-12,5,5,0,0,5,0.0,RandomForestClassifier,safe_w200,2025-12-12T08:54:25,predict_next_joint,0.0,-200.0,200.0,0.0
2025-12-12,4,4,0,0,4,0.0,RandomForestClassifier,safe_w200,2025-12-12T08:54:25,predict_next_joint,0.0,-200.0,200.0,0.0
2025-12-12,3,3,0,0,3,0.0,RandomForestClassifier,safe_w200,2025-12-12T08:54:25,predict_next_joint,0.0,-200.0,200.0,0.0
2025-12-12,2,2,0,0,2,0.0,RandomForestClassifier,safe_w200,2025-12-12T08:54:25,predict_next_joint,0.0,-200.0,200.0,0.0
2025-12-12,993,993,9,9,3,0.0,RandomForestClassifier,safe_w200,2025-12-12T08:54:25,predict_next_joint,0.0,-200.0,200.0,0.0
2025-12-12,176,176,1,7,6,0.0,RandomForestClassifier,safe_w200,2025-12-12T08:54:25,predict_next_joint,0.0,-200.0,200.0,0.0
2025-12-12,175,175,1,7,5,0.0,RandomForestClassifier,safe_w200,2025-12-12T08:54:25,predict_next_joint,0.0,-200.0,200.0,0.0
2025-12-12,174,174,1,7,4,0.0,RandomForestClassifier,safe_w200,2025-12-12T08:54:25,predict_next_joint,0.0,-200.0,200.0,0.0
2025-12-12,173,173,1,7,3,0.0,RandomForestClassifier,safe_w200,2025-12-12T08:54:25,predict_next_joint,0.0,-200.0,200.0,0.0
2025-12-12,172,172,1,7,2,0.0,RandomForestClassifier,safe_w200,2025-12-12T08:54:25,predict_next_joint,0.0,-200.0,200.0,0.0
2025-12-12,171,171,1,7,1,0.0,RandomForestClassifier,safe_w200,2025-12-12T08:54:25,predict_next_joint,0.0,-200.0,200.0,0.0
2025-12-12,170,170,1,7,0,0.0,RandomForestClassifier,safe_w200,2025-12-12T08:54:25,predict_next_joint,0.0,-200.0,200.0,0.0
2025-12-12,167,167,1,6,7,0.0,RandomForestClassifier,safe_w200,2025-12-12T08:54:25,predict_next_joint,0.0,-200.0,200.0,0.0
2025-12-12,166,166,1,6,6,0.0,RandomForestClassifier,safe_w200,2025-12-12T08:54:25,predict_next_joint,0.0,-200.0,200.0,0.0
2025-12-12,165,165,1,6,5,0.0,RandomForestClassifier,safe_w200,2025-12-12T08:54:25,predict_next_joint,0.0,-200.0,200.0,0.0
2025-12-12,164,164,1,6,4,0.0,RandomForestClassifier,safe_w200,2025-12-12T08:54:25,predict_next_joint,0.0,-200.0,200.0,0.0
2025-12-12,163,163,1,6,3,0.0,RandomForestClassifier,safe_w200,2025-12-12T08:54:25,predict_next_joint,0.0,-200.0,200.0,0.0
2025-12-12,162,162,1,6,2,0.0,RandomForestClassifier,safe_w200,2025-12-12T08:54:25,predict_next_joint,0.0,-200.0,200.0,0.0
2025-12-12,161,161,1,6,1,0.0,RandomForestClassifier,safe_w200,2025-12-12T08:54:25,predict_next_joint,0.0,-200.0,200.0,0.0
2025-12-12,192,192,1,9,2,0.0,RandomForestClassifier,safe_w200,2025-12-12T08:54:25,predict_next_joint,0.0,-200.0,200.0,0.0
2025-12-12,191,191,1,9,1,0.0,RandomForestClassifier,safe_w200,2025-12-12T08:54:25,predict_next_joint,0.0,-200.0,200.0,0.0
2025-12-12,189,189,1,8,9,0.0,RandomForestClassifier,safe_w200,2025-12-12T08:54:25,predict_next_joint,0.0,-200.0,200.0,0.0
2025-12-12,188,188,1,8,8,0.0,RandomForestClassifier,safe_w200,2025-12-12T08:54:25,predict_next_joint,0.0,-200.0,200.0,0.0
2025-12-12,185,185,1,8,5,0.0,RandomForestClassifier,safe_w200,2025-12-12T08:54:25,predict_next_joint,0.0,-200.0,200.0,0.0
2025-12-12,184,184,1,8,4,0.0,RandomForestClassifier,safe_w200,2025-12-12T08:54:25,predict_next_joint,0.0,-200.0,200.0,0.0
2025-12-12,183,183,1,8,3,0.0,RandomForestClassifier,safe_w200,2025-12-12T08:54:25,predict_next_joint,0.0,-200.0,200.0,0.0
2025-12-12,182,182,1,8,2,0.0,RandomForestClassifier,safe_w200,2025-12-12T08:54:25,predict_next_joint,0.0,-200.0,200.0,0.0
2025-12-12,181,181,1,8,1,0.0,RandomForestClassifier,safe_w200,2025-12-12T08:54:25,predict_next_joint,0.0,-200.0,200.0,0.0
2025-12-12,180,180,1,8,0,0.0,RandomForestClassifier,safe_w200,2025-12-12T08:54:25,predict_next_joint,0.0,-200.0,200.0,0.0
2025-12-12,179,179,1,7,9,0.0,RandomForestClassifier,safe_w200,2025-12-12T08:54:25,predict_next_joint,0.0,-200.0,200.0,0.0
2025-12-12,177,177,1,7,7,0.0,RandomForestClassifier,safe_w200,2025-12-12T08:54:25,predict_next_joint,0.0,-200.0,200.0,0.0
2025-12-12,160,160,1,6,0,0.0,RandomForestClassifier,safe_w200,2025-12-12T08:54:25,predict_next_joint,0.0,-200.0,200.0,0.0
2025-12-12,159,159,1,5,9,0.0,RandomForestClassifier,safe_w200,2025-12-12T08:54:25,predict_next_joint,0.0,-200.0,200.0,0.0
2025-12-12,158,158,1,5,8,0.0,RandomForestClassifier,safe_w200,2025-12-12T08:54:25,predict_next_joint,0.0,-200.0,200.0,0.0
2025-12-12,156,156,1,5,6,0.0,RandomForestClassifier,safe_w200,2025-12-12T08:54:25,predict_next_joint,0.0,-200.0,200.0,0.0
2025-12-12,155,155,1,5,5,0.0,RandomForestClassifier,safe_w200,2025-12-12T08:54:25,predict_next_joint,0.0,-200.0,200.0,0.0
2025-12-12,154,154,1,5,4,0.0,RandomForestClassifier,safe_w200,2025-12-12T08:54:25,predict_next_joint,0.0,-200.0,200.0,0.0
2025-12-12,153,153,1,5,3,0.0,RandomForestClassifier,safe_w200,2025-12-12T08:54:25,predict_next_joint,0.0,-200.0,200.0,0.0
2025-12-12,152,152,1,5,2,0.0,RandomForestClassifier,safe_w200,2025-12-12T08:54:25,predict_next_joint,0.0,-200.0,200.0,0.0
2025-12-12,151,151,1,5,1,0.0,RandomForestClassifier,safe_w200,2025-12-12T08:54:25,predict_next_joint,0.0,-200.0,200.0,0.0
2025-12-12,150,150,1,5,0,0.0,RandomForestClassifier,safe_w200,2025-12-12T08:54:25,predict_next_joint,0.0,-200.0,200.0,0.0
2025-12-12,148,148,1,4,8,0.0,RandomForestClassifier,safe_w200,2025-12-12T08:54:25,predict_next_joint,0.0,-200.0,200.0,0.0
2025-12-12,147,147,1,4,7,0.0,RandomForestClassifier,safe_w200,2025-12-12T08:54:25,predict_next_joint,0.0,-200.0,200.0,0.0
2025-12-12,146,146,1,4,6,0.0,RandomForestClassifier,safe_w200,2025-12-12T08:54:25,predict_next_joint,0.0,-200.0,200.0,0.0
2025-12-12,145,145,1,4,5,0.0,RandomForestClassifier,safe_w200,2025-12-12T08:54:25,predict_next_joint,0.0,-200.0,200.0,0.0
2025-12-12,208,208,2,0,8,0.0,RandomForestClassifier,safe_w200,2025-12-12T08:54:25,predict_next_joint,0.0,-200.0,200.0,0.0
2025-12-12,206,206,2,0,6,0.0,RandomForestClassifier,safe_w200,2025-12-12T08:54:25,predict_next_joint,0.0,-200.0,200.0,0.0
2025-12-12,205,205,2,0,5,0.0,RandomForestClassifier,safe_w200,2025-12-12T08:54:25,predict_next_joint,0.0,-200.0,200.0,0.0
2025-12-12,202,202,2,0,2,0.0,RandomForestClassifier,safe_w200,2025-12-12T08:54:25,predict_next_joint,0.0,-200.0,200.0,0.0
2025-12-12,201,201,2,0,1,0.0,RandomForestClassifier,safe_w200,2025-12-12T08:54:25,predict_next_joint,0.0,-200.0,200.0,0.0
2025-12-12,200,200,2,0,0,0.0,RandomForestClassifier,safe_w200,2025-12-12T08:54:25,predict_next_joint,0.0,-200.0,200.0,0.0
2025-12-12,199,199,1,9,9,0.0,RandomForestClassifier,safe_w200,2025-12-12T08:54:25,predict_next_joint,0.0,-200.0,200.0,0.0
2025-12-12,198,198,1,9,8,0.0,RandomForestClassifier,safe_w200,2025-12-12T08:54:25,predict_next_joint,0.0,-200.0,200.0,0.0
2025-12-12,197,197,1,9,7,0.0,RandomForestClassifier,safe_w200,2025-12-12T08:54:25,predict_next_joint,0.0,-200.0,200.0,0.0
2025-12-12,196,196,1,9,6,0.0,RandomForestClassifier,safe_w200,2025-12-12T08:54:25,predict_next_joint,0.0,-200.0,200.0,0.0
2025-12-12,195,195,1,9,5,0.0,RandomForestClassifier,safe_w200,2025-12-12T08:54:25,predict_next_joint,0.0,-200.0,200.0,0.0
2025-12-12,193,193,1,9,3,0.0,RandomForestClassifier,safe_w200,2025-12-12T08:54:25,predict_next_joint,0.0,-200.0,200.0,0.0
2025-12-12,224,224,2,2,4,0.0,RandomForestClassifier,safe_w200,2025-12-12T08:54:25,predict_next_joint,0.0,-200.0,200.0,0.0
2025-12-12,223,223,2,2,3,0.0,RandomForestClassifier,safe_w200,2025-12-12T08:54:25,predict_next_joint,0.0,-200.0,200.0,0.0
2025-12-12,222,222,2,2,2,0.0,RandomForestClassifier,safe_w200,2025-12-12T08:54:25,predict_next_joint,0.0,-200.0,200.0,0.0
2025-12-12,221,221,2,2,1,0.0,RandomForestClassifier,safe_w200,2025-12-12T08:54:25,predict_next_joint,0.0,-200.0,200.0,0.0
2025-12-12,220,220,2,2,0,0.0,RandomForestClassifier,safe_w200,2025-12-12T08:54:25,predict_next_joint,0.0,-200.0,200.0,0.0
2025-12-12,219,219,2,1,9,0.0,RandomForestClassifier,safe_w200,2025-12-12T08:54:25,predict_next_joint,0.0,-200.0,200.0,0.0
2025-12-12,217,217,2,1,7,0.0,RandomForestClassifier,safe_w200,2025-12-12T08:54:25,predict_next_joint,0.0,-200.0,200.0,0.0
2025-12-12,216,216,2,1,6,0.0,RandomForestClassifier,safe_w200,2025-12-12T08:54:25,predict_next_joint,0.0,-200.0,200.0,0.0
2025-12-12,214,214,2,1,4,0.0,RandomForestClassifier,safe_w200,2025-12-12T08:54:25,predict_next_joint,0.0,-200.0,200.0,0.0
2025-12-12,212,212,2,1,2,0.0,RandomForestClassifier,safe_w200,2025-12-12T08:54:25,predict_next_joint,0.0,-200.0,200.0,0.0
2025-12-12,211,211,2,1,1,0.0,RandomForestClassifier,safe_w200,2025-12-12T08:54:25,predict_next_joint,0.0,-200.0,200.0,0.0
2025-12-12,210,210,2,1,0,0.0,RandomForestClassifier,safe_w200,2025-12-12T08:54:25,predict_next_joint,0.0,-200.0,200.0,0.0
2025-12-12,240,240,2,4,0,0.0,RandomForestClassifier,safe_w200,2025-12-12T08:54:25,predict_next_joint,0.0,-200.0,200.0,0.0
2025-12-12,238,238,2,3,8,0.0,RandomForestClassifier,safe_w200,2025-12-12T08:54:25,predict_next_joint,0.0,-200.0,200.0,0.0
2025-12-12,236,236,2,3,6,0.0,RandomForestClassifier,safe_w200,2025-12-12T08:54:25,predict_next_joint,0.0,-200.0,200.0,0.0
2025-12-12,235,235,2,3,5,0.0,RandomForestClassifier,safe_w200,2025-12-12T08:54:25,predict_next_joint,0.0,-200.0,200.0,0.0
2025-12-12,234,234,2,3,4,0.0,RandomForestClassifier,safe_w200,2025-12-12T08:54:25,predict_next_joint,0.0,-200.0,200.0,0.0
2025-12-12,233,233,2,3,3,0.0,RandomForestClassifier,safe_w200,2025-12-12T08:54:25,predict_next_joint,0.0,-200.0,200.0,0.0
2025-12-12,232,232,2,3,2,0.0,RandomForestClassifier,safe_w200,2025-12-12T08:54:25,predict_next_joint,0.0,-200.0,200.0,0.0
2025-12-12,231,231,2,3,1,0.0,RandomForestClassifier,safe_w200,2025-12-12T08:54:25,predict_next_joint,0.0,-200.0,200.0,0.0
2025-12-12,230,230,2,3,0,0.0,RandomForestClassifier,safe_w200,2025-12-12T08:54:25,predict_next_joint,0.0,-200.0,200.0,0.0
2025-12-12,228,228,2,2,8,0.0,RandomForestClassifier,safe_w200,2025-12-12T08:54:25,predict_next_joint,0.0,-200.0,200.0,0.0
2025-12-12,226,226,2,2,6,0.0,RandomForestClassifier,safe_w200,2025-12-12T08:54:25,predict_next_joint,0.0,-200.0,200.0,0.0
2025-12-12,225,225,2,2,5,0.0,RandomForestClassifier,safe_w200,2025-12-12T08:54:25,predict_next_joint,0.0,-200.0,200.0,0.0
2025-12-12,256,256,2,5,6,0.0,RandomForestClassifier,safe_w200,2025-12-12T08:54:25,predict_next_joint,0.0,-200.0,200.0,0.0
2025-12-12,255,255,2,5,5,0.0,RandomForestClassifier,safe_w200,2025-12-12T08:54:25,predict_next_joint,0.0,-200.0,200.0,0.0
2025-12-12,254,254,2,5,4,0.0,RandomForestClassifier,safe_w200,2025-12-12T08:54:25,predict_next_joint,0.0,-200.0,200.0,0.0
2025-12-12,252,252,2,5,2,0.0,RandomForestClassifier,safe_w200,2025-12-12T08:54:25,predict_next_joint,0.0,-200.0,200.0,0.0
2025-12-12,250,250,2,5,0,0.0,RandomForestClassifier,safe_w200,2025-12-12T08:54:25,predict_next_joint,0.0,-200.0,200.0,0.0
2025-12-12,249,249,2,4,9,0.0,RandomForestClassifier,safe_w200,2025-12-12T08:54:25,predict_next_joint,0.0,-200.0,200.0,0.0
2025-12-12,248,248,2,4,8,0.0,RandomForestClassifier,safe_w200,2025-12-12T08:54:25,predict_next_joint,0.0,-200.0,200.0,0.0
2025-12-12,247,247,2,4,7,0.0,RandomForestClassifier,safe_w200,2025-12-12T08:54:25,predict_next_joint,0.0,-200.0,200.0,0.0
2025-12-12,246,246,2,4,6,0.0,RandomForestClassifier,safe_w200,2025-12-12T08:54:25,predict_next_joint,0.0,-200.0,200.0,0.0
2025-12-12,245,245,2,4,5,0.0,RandomForestClassifier,safe_w200,2025-12-12T08:54:25,predict_next_joint,0.0,-200.0,200.0,0.0
2025-12-12,244,244,2,4,4,0.0,RandomForestClassifier,safe_w200,2025-12-12T08:54:25,predict_next_joint,0.0,-200.0,200.0,0.0
2025-12-12,243,243,2,4,3,0.0,RandomForestClassifier,safe_w200,2025-12-12T08:54:25,predict_next_joint,0.0,-200.0,200.0,0.0
2025-12-12,242,242,2,4,2,0.0,RandomForestClassifier,safe_w200,2025-12-12T08:54:25,predict_next_joint,0.0,-200.0,200.0,0.0
2025-12-12,241,241,2,4,1,0.0,RandomForestClassifier,safe_w200,2025-12-12T08:54:25,predict_next_joint,0.0,-200.0,200.0,0.0
2025-12-12,272,272,2,7,2,0.0,RandomForestClassifier,safe_w200,2025-12-12T08:54:25,predict_next_joint,0.0,-200.0,200.0,0.0
2025-12-12,271,271,2,7,1,0.0,RandomForestClassifier,safe_w200,2025-12-12T08:54:25,predict_next_joint,0.0,-200.0,200.0,0.0
2025-12-12,270,270,2,7,0,0.0,RandomForestClassifier,safe_w200,2025-12-12T08:54:25,predict_next_joint,0.0,-200.0,200.0,0.0
2025-12-12,269,269,2,6,9,0.0,RandomForestClassifier,safe_w200,2025-12-12T08:54:25,predict_next_joint,0.0,-200.0,200.0,0.0
2025-12-12,268,268,2,6,8,0.0,RandomForestClassifier,safe_w200,2025-12-12T08:54:25,predict_next_joint,0.0,-200.0,200.0,0.0
2025-12-12,267,267,2,6,7,0.0,RandomForestClassifier,safe_w200,2025-12-12T08:54:25,predict_next_joint,0.0,-200.0,200.0,0.0
2025-12-12,266,266,2,6,6,0.0,RandomForestClassifier,safe_w200,2025-12-12T08:54:25,predict_next_joint,0.0,-200.0,200.0,0.0
2025-12-12,264,264,2,6,4,0.0,RandomForestClassifier,safe_w200,2025-12-12T08:54:25,predict_next_joint,0.0,-200.0,200.0,0.0
2025-12-12,262,262,2,6,2,0.0,RandomForestClassifier,safe_w200,2025-12-12T08:54:25,predict_next_joint,0.0,-200.0,200.0,0.0
2025-12-12,261,261,2,6,1,0.0,RandomForestClassifier,safe_w200,2025-12-12T08:54:25,predict_next_joint,0.0,-200.0,200.0,0.0
2025-12-12,260,260,2,6,0,0.0,RandomForestClassifier,safe_w200,2025-12-12T08:54:25,predict_next_joint,0.0,-200.0,200.0,0.0
2025-12-12,259,259,2,5,9,0.0,RandomForestClassifier,safe_w200,2025-12-12T08:54:25,predict_next_joint,0.0,-200.0,200.0,0.0
2025-12-12,258,258,2,5,8,0.0,RandomForestClassifier,safe_w200,2025-12-12T08:54:25,predict_next_joint,0.0,-200.0,200.0,0.0
2025-12-12,257,257,2,5,7,0.0,RandomForestClassifier,safe_w200,2025-12-12T08:54:25,predict_next_joint,0.0,-200.0,200.0,0.0
2025-12-12,144,144,1,4,4,0.0,RandomForestClassifier,safe_w200,2025-12-12T08:54:25,predict_next_joint,0.0,-200.0,200.0,0.0
2025-12-12,143,143,1,4,3,0.0,RandomForestClassifier,safe_w200,2025-12-12T08:54:25,predict_next_joint,0.0,-200.0,200.0,0.0
2025-12-12,142,142,1,4,2,0.0,RandomForestClassifier,safe_w200,2025-12-12T08:54:25,predict_next_joint,0.0,-200.0,200.0,0.0
2025-12-12,141,141,1,4,1,0.0,RandomForestClassifier,safe_w200,2025-12-12T08:54:25,predict_next_joint,0.0,-200.0,200.0,0.0
2025-12-12,140,140,1,4,0,0.0,RandomForestClassifier,safe_w200,2025-12-12T08:54:25,predict_next_joint,0.0,-200.0,200.0,0.0
2025-12-12,139,139,1,3,9,0.0,RandomForestClassifier,safe_w200,2025-12-12T08:54:25,predict_next_joint,0.0,-200.0,200.0,0.0
2025-12-12,138,138,1,3,8,0.0,RandomForestClassifier,safe_w200,2025-12-12T08:54:25,predict_next_joint,0.0,-200.0,200.0,0.0
2025-12-12,137,137,1,3,7,0.0,RandomForestClassifier,safe_w200,2025-12-12T08:54:25,predict_next_joint,0.0,-200.0,200.0,0.0
2025-12-12,136,136,1,3,6,0.0,RandomForestClassifier,safe_w200,2025-12-12T08:54:25,predict_next_joint,0.0,-200.0,200.0,0.0
2025-12-12,135,135,1,3,5,0.0,RandomForestClassifier,safe_w200,2025-12-12T08:54:25,predict_next_joint,0.0,-200.0,200.0,0.0
2025-12-12,134,134,1,3,4,0.0,RandomForestClassifier,safe_w200,2025-12-12T08:54:25,predict_next_joint,0.0,-200.0,200.0,0.0
2025-12-12,133,133,1,3,3,0.0,RandomForestClassifier,safe_w200,2025-12-12T08:54:25,predict_next_joint,0.0,-200.0,200.0,0.0
2025-12-12,132,132,1,3,2,0.0,RandomForestClassifier,safe_w200,2025-12-12T08:54:25,predict_next_joint,0.0,-200.0,200.0,0.0
2025-12-12,131,131,1,3,1,0.0,RandomForestClassifier,safe_w200,2025-12-12T08:54:25,predict_next_joint,0.0,-200.0,200.0,0.0
2025-12-12,130,130,1,3,0,0.0,RandomForestClassifier,safe_w200,2025-12-12T08:54:25,predict_next_joint,0.0,-200.0,200.0,0.0
2025-12-12,129,129,1,2,9,0.0,RandomForestClassifier,safe_w200,2025-12-12T08:54:25,predict_next_joint,0.0,-200.0,200.0,0.0
2025-12-12,288,288,2,8,8,0.0,RandomForestClassifier,safe_w200,2025-12-12T08:54:25,predict_next_joint,0.0,-200.0,200.0,0.0
2025-12-12,287,287,2,8,7,0.0,RandomForestClassifier,safe_w200,2025-12-12T08:54:25,predict_next_joint,0.0,-200.0,200.0,0.0
2025-12-12,286,286,2,8,6,0.0,RandomForestClassifier,safe_w200,2025-12-12T08:54:25,predict_next_joint,0.0,-200.0,200.0,0.0
2025-12-12,285,285,2,8,5,0.0,RandomForestClassifier,safe_w200,2025-12-12T08:54:25,predict_next_joint,0.0,-200.0,200.0,0.0
2025-12-12,283,283,2,8,3,0.0,RandomForestClassifier,safe_w200,2025-12-12T08:54:25,predict_next_joint,0.0,-200.0,200.0,0.0
2025-12-12,282,282,2,8,2,0.0,RandomForestClassifier,safe_w200,2025-12-12T08:54:25,predict_next_joint,0.0,-200.0,200.0,0.0
2025-12-12,281,281,2,8,1,0.0,RandomForestClassifier,safe_w200,2025-12-12T08:54:25,predict_next_joint,0.0,-200.0,200.0,0.0
2025-12-12,277,277,2,7,7,0.0,RandomForestClassifier,safe_w200,2025-12-12T08:54:25,predict_next_joint,0.0,-200.0,200.0,0.0
2025-12-12,276,276,2,7,6,0.0,RandomForestClassifier,safe_w200,2025-12-12T08:54:25,predict_next_joint,0.0,-200.0,200.0,0.0
2025-12-12,274,274,2,7,4,0.0,RandomForestClassifier,safe_w200,2025-12-12T08:54:25,predict_next_joint,0.0,-200.0,200.0,0.0
2025-12-12,273,273,2,7,3,0.0,RandomForestClassifier,safe_w200,2025-12-12T08:54:25,predict_next_joint,0.0,-200.0,200.0,0.0
2025-12-12,304,304,3,0,4,0.0,RandomForestClassifier,safe_w200,2025-12-12T08:54:25,predict_next_joint,0.0,-200.0,200.0,0.0
2025-12-12,303,303,3,0,3,0.0,RandomForestClassifier,safe_w200,2025-12-12T08:54:25,predict_next_joint,0.0,-200.0,200.0,0.0
2025-12-12,302,302,3,0,2,0.0,RandomForestClassifier,safe_w200,2025-12-12T08:54:25,predict_next_joint,0.0,-200.0,200.0,0.0
2025-12-12,301,301,3,0,1,0.0,RandomForestClassifier,safe_w200,2025-12-12T08:54:25,predict_next_joint,0.0,-200.0,200.0,0.0
2025-12-12,300,300,3,0,0,0.0,RandomForestClassifier,safe_w200,2025-12-12T08:54:25,predict_next_joint,0.0,-200.0,200.0,0.0
2025-12-12,299,299,2,9,9,0.0,RandomForestClassifier,safe_w200,2025-12-12T08:54:25,predict_next_joint,0.0,-200.0,200.0,0.0
2025-12-12,298,298,2,9,8,0.0,RandomForestClassifier,safe_w200,2025-12-12T08:54:25,predict_next_joint,0.0,-200.0,200.0,0.0
2025-12-12,297,297,2,9,7,0.0,RandomForestClassifier,safe_w200,2025-12-12T08:54:25,predict_next_joint,0.0,-200.0,200.0,0.0
2025-12-12,296,296,2,9,6,0.0,RandomForestClassifier,safe_w200,2025-12-12T08:54:25,predict_next_joint,0.0,-200.0,200.0,0.0
2025-12-12,295,295,2,9,5,0.0,RandomForestClassifier,safe_w200,2025-12-12T08:54:25,predict_next_joint,0.0,-200.0,200.0,0.0
2025-12-12,294,294,2,9,4,0.0,RandomForestClassifier,safe_w200,2025-12-12T08:54:25,predict_next_joint,0.0,-200.0,200.0,0.0
2025-12-12,293,293,2,9,3,0.0,RandomForestClassifier,safe_w200,2025-12-12T08:54:25,predict_next_joint,0.0,-200.0,200.0,0.0
2025-12-12,292,292,2,9,2,0.0,RandomForestClassifier,safe_w200,2025-12-12T08:54:25,predict_next_joint,0.0,-200.0,200.0,0.0
2025-12-12,291,291,2,9,1,0.0,RandomForestClassifier,safe_w200,2025-12-12T08:54:25,predict_next_joint,0.0,-200.0,200.0,0.0
2025-12-12,289,289,2,8,9,0.0,RandomForestClassifier,safe_w200,2025-12-12T08:54:25,predict_next_joint,0.0,-200.0,200.0,0.0
2025-12-12,319,319,3,1,9,0.0,RandomForestClassifier,safe_w200,2025-12-12T08:54:25,predict_next_joint,0.0,-200.0,200.0,0.0
2025-12-12,318,318,3,1,8,0.0,RandomForestClassifier,safe_w200,2025-12-12T08:54:25,predict_next_joint,0.0,-200.0,200.0,0.0
2025-12-12,317,317,3,1,7,0.0,RandomForestClassifier,safe_w200,2025-12-12T08:54:25,predict_next_joint,0.0,-200.0,200.0,0.0
2025-12-12,316,316,3,1,6,0.0,RandomForestClassifier,safe_w200,2025-12-12T08:54:25,predict_next_joint,0.0,-200.0,200.0,0.0
2025-12-12,313,313,3,1,3,0.0,RandomForestClassifier,safe_w200,2025-12-12T08:54:25,predict_next_joint,0.0,-200.0,200.0,0.0
2025-12-12,312,312,3,1,2,0.0,RandomForestClassifier,safe_w200,2025-12-12T08:54:25,predict_next_joint,0.0,-200.0,200.0,0.0
2025-12-12,311,311,3,1,1,0.0,RandomForestClassifier,safe_w200,2025-12-12T08:54:25,predict_next_joint,0.0,-200.0,200.0,0.0
2025-12-12,308,308,3,0,8,0.0,RandomForestClassifier,safe_w200,2025-12-12T08:54:25,predict_next_joint,0.0,-200.0,200.0,0.0
2025-12-12,307,307,3,0,7,0.0,RandomForestClassifier,safe_w200,2025-12-12T08:54:25,predict_next_joint,0.0,-200.0,200.0,0.0
2025-12-12,306,306,3,0,6,0.0,RandomForestClassifier,safe_w200,2025-12-12T08:54:25,predict_next_joint,0.0,-200.0,200.0,0.0
2025-12-12,305,305,3,0,5,0.0,RandomForestClassifier,safe_w200,2025-12-12T08:54:25,predict_next_joint,0.0,-200.0,200.0,0.0
2025-12-12,336,336,3,3,6,0.0,RandomForestClassifier,safe_w200,2025-12-12T08:54:25,predict_next_joint,0.0,-200.0,200.0,0.0
2025-12-12,335,335,3,3,5,0.0,RandomForestClassifier,safe_w200,2025-12-12T08:54:25,predict_next_joint,0.0,-200.0,200.0,0.0
2025-12-12,334,334,3,3,4,0.0,RandomForestClassifier,safe_w200,2025-12-12T08:54:25,predict_next_joint,0.0,-200.0,200.0,0.0
2025-12-12,333,333,3,3,3,0.0,RandomForestClassifier,safe_w200,2025-12-12T08:54:25,predict_next_joint,0.0,-200.0,200.0,0.0
2025-12-12,332,332,3,3,2,0.0,RandomForestClassifier,safe_w200,2025-12-12T08:54:25,predict_next_joint,0.0,-200.0,200.0,0.0
2025-12-12,331,331,3,3,1,0.0,RandomForestClassifier,safe_w200,2025-12-12T08:54:25,predict_next_joint,0.0,-200.0,200.0,0.0
2025-12-12,330,330,3,3,0,0.0,RandomForestClassifier,safe_w200,2025-12-12T08:54:25,predict_next_joint,0.0,-200.0,200.0,0.0
2025-12-12,329,329,3,2,9,0.0,RandomForestClassifier,safe_w200,2025-12-12T08:54:25,predict_next_joint,0.0,-200.0,200.0,0.0
2025-12-12,328,328,3,2,8,0.0,RandomForestClassifier,safe_w200,2025-12-12T08:54:25,predict_next_joint,0.0,-200.0,200.0,0.0
2025-12-12,327,327,3,2,7,0.0,RandomForestClassifier,safe_w200,2025-12-12T08:54:25,predict_next_joint,0.0,-200.0,200.0,0.0
2025-12-12,326,326,3,2,6,0.0,RandomForestClassifier,safe_w200,2025-12-12T08:54:25,predict_next_joint,0.0,-200.0,200.0,0.0
2025-12-12,325,325,3,2,5,0.0,RandomForestClassifier,safe_w200,2025-12-12T08:54:25,predict_next_joint,0.0,-200.0,200.0,0.0
2025-12-12,324,324,3,2,4,0.0,RandomForestClassifier,safe_w200,2025-12-12T08:54:25,predict_next_joint,0.0,-200.0,200.0,0.0
2025-12-12,323,323,3,2,3,0.0,RandomForestClassifier,safe_w200,2025-12-12T08:54:25,predict_next_joint,0.0,-200.0,200.0,0.0
2025-12-12,322,322,3,2,2,0.0,RandomForestClassifier,safe_w200,2025-12-12T08:54:25,predict_next_joint,0.0,-200.0,200.0,0.0
2025-12-12,352,352,3,5,2,0.0,RandomForestClassifier,safe_w200,2025-12-12T08:54:25,predict_next_joint,0.0,-200.0,200.0,0.0
2025-12-12,351,351,3,5,1,0.0,RandomForestClassifier,safe_w200,2025-12-12T08:54:25,predict_next_joint,0.0,-200.0,200.0,0.0
2025-12-12,349,349,3,4,9,0.0,RandomForestClassifier,safe_w200,2025-12-12T08:54:25,predict_next_joint,0.0,-200.0,200.0,0.0
2025-12-12,348,348,3,4,8,0.0,RandomForestClassifier,safe_w200,2025-12-12T08:54:25,predict_next_joint,0.0,-200.0,200.0,0.0
2025-12-12,347,347,3,4,7,0.0,RandomForestClassifier,safe_w200,2025-12-12T08:54:25,predict_next_joint,0.0,-200.0,200.0,0.0
2025-12-12,346,346,3,4,6,0.0,RandomForestClassifier,safe_w200,2025-12-12T08:54:25,predict_next_joint,0.0,-200.0,200.0,0.0
2025-12-12,345,345,3,4,5,0.0,RandomForestClassifier,safe_w200,2025-12-12T08:54:25,predict_next_joint,0.0,-200.0,200.0,0.0
2025-12-12,344,344,3,4,4,0.0,RandomForestClassifier,safe_w200,2025-12-12T08:54:25,predict_next_joint,0.0,-200.0,200.0,0.0
2025-12-12,343,343,3,4,3,0.0,RandomForestClassifier,safe_w200,2025-12-12T08:54:25,predict_next_joint,0.0,-200.0,200.0,0.0
2025-12-12,342,342,3,4,2,0.0,RandomForestClassifier,safe_w200,2025-12-12T08:54:25,predict_next_joint,0.0,-200.0,200.0,0.0
2025-12-12,341,341,3,4,1,0.0,RandomForestClassifier,safe_w200,2025-12-12T08:54:25,predict_next_joint,0.0,-200.0,200.0,0.0
2025-12-12,340,340,3,4,0,0.0,RandomForestClassifier,safe_w200,2025-12-12T08:54:25,predict_next_joint,0.0,-200.0,200.0,0.0
2025-12-12,339,339,3,3,9,0.0,RandomForestClassifier,safe_w200,2025-12-12T08:54:25,predict_next_joint,0.0,-200.0,200.0,0.0
2025-12-12,338,338,3,3,8,0.0,RandomForestClassifier,safe_w200,2025-12-12T08:54:25,predict_next_joint,0.0,-200.0,200.0,0.0
2025-12-12,337,337,3,3,7,0.0,RandomForestClassifier,safe_w200,2025-12-12T08:54:25,predict_next_joint,0.0,-200.0,200.0,0.0
2025-12-12,367,367,3,6,7,0.0,RandomForestClassifier,safe_w200,2025-12-12T08:54:25,predict_next_joint,0.0,-200.0,200.0,0.0
2025-12-12,366,366,3,6,6,0.0,RandomForestClassifier,safe_w200,2025-12-12T08:54:25,predict_next_joint,0.0,-200.0,200.0,0.0
2025-12-12,365,365,3,6,5,0.0,RandomForestClassifier,safe_w200,2025-12-12T08:54:25,predict_next_joint,0.0,-200.0,200.0,0.0
2025-12-12,363,363,3,6,3,0.0,RandomForestClassifier,safe_w200,2025-12-12T08:54:25,predict_next_joint,0.0,-200.0,200.0,0.0
2025-12-12,362,362,3,6,2,0.0,RandomForestClassifier,safe_w200,2025-12-12T08:54:25,predict_next_joint,0.0,-200.0,200.0,0.0
2025-12-12,360,360,3,6,0,0.0,RandomForestClassifier,safe_w200,2025-12-12T08:54:25,predict_next_joint,0.0,-200.0,200.0,0.0
2025-12-12,359,359,3,5,9,0.0,RandomForestClassifier,safe_w200,2025-12-12T08:54:25,predict_next_joint,0.0,-200.0,200.0,0.0
2025-12-12,358,358,3,5,8,0.0,RandomForestClassifier,safe_w200,2025-12-12T08:54:25,predict_next_joint,0.0,-200.0,200.0,0.0
2025-12-12,357,357,3,5,7,0.0,RandomForestClassifier,safe_w200,2025-12-12T08:54:25,predict_next_joint,0.0,-200.0,200.0,0.0
2025-12-12,356,356,3,5,6,0.0,RandomForestClassifier,safe_w200,2025-12-12T08:54:25,predict_next_joint,0.0,-200.0,200.0,0.0
2025-12-12,355,355,3,5,5,0.0,RandomForestClassifier,safe_w200,2025-12-12T08:54:25,predict_next_joint,0.0,-200.0,200.0,0.0
2025-12-12,353,353,3,5,3,0.0,RandomForestClassifier,safe_w200,2025-12-12T08:54:25,predict_next_joint,0.0,-200.0,200.0,0.0
2025-12-12,127,127,1,2,7,0.0,RandomForestClassifier,safe_w200,2025-12-12T08:54:25,predict_next_joint,0.0,-200.0,200.0,0.0
2025-12-12,126,126,1,2,6,0.0,RandomForestClassifier,safe_w200,2025-12-12T08:54:25,predict_next_joint,0.0,-200.0,200.0,0.0
2025-12-12,125,125,1,2,5,0.0,RandomForestClassifier,safe_w200,2025-12-12T08:54:25,predict_next_joint,0.0,-200.0,200.0,0.0
2025-12-12,124,124,1,2,4,0.0,RandomForestClassifier,safe_w200,2025-12-12T08:54:25,predict_next_joint,0.0,-200.0,200.0,0.0
2025-12-12,123,123,1,2,3,0.0,RandomForestClassifier,safe_w200,2025-12-12T08:54:25,predict_next_joint,0.0,-200.0,200.0,0.0
2025-12-12,122,122,1,2,2,0.0,RandomForestClassifier,safe_w200,2025-12-12T08:54:25,predict_next_joint,0.0,-200.0,200.0,0.0
2025-12-12,121,121,1,2,1,0.0,RandomForestClassifier,safe_w200,2025-12-12T08:54:25,predict_next_joint,0.0,-200.0,200.0,0.0
2025-12-12,119,119,1,1,9,0.0,RandomForestClassifier,safe_w200,2025-12-12T08:54:25,predict_next_joint,0.0,-200.0,200.0,0.0
2025-12-12,118,118,1,1,8,0.0,RandomForestClassifier,safe_w200,2025-12-12T08:54:25,predict_next_joint,0.0,-200.0,200.0,0.0
2025-12-12,117,117,1,1,7,0.0,RandomForestClassifier,safe_w200,2025-12-12T08:54:25,predict_next_joint,0.0,-200.0,200.0,0.0
2025-12-12,116,116,1,1,6,0.0,RandomForestClassifier,safe_w200,2025-12-12T08:54:25,predict_next_joint,0.0,-200.0,200.0,0.0
2025-12-12,115,115,1,1,5,0.0,RandomForestClassifier,safe_w200,2025-12-12T08:54:25,predict_next_joint,0.0,-200.0,200.0,0.0
2025-12-12,114,114,1,1,4,0.0,RandomForestClassifier,safe_w200,2025-12-12T08:54:25,predict_next_joint,0.0,-200.0,200.0,0.0
2025-12-12,113,113,1,1,3,0.0,RandomForestClassifier,safe_w200,2025-12-12T08:54:25,predict_next_joint,0.0,-200.0,200.0,0.0
2025-12-12,384,384,3,8,4,0.0,RandomForestClassifier,safe_w200,2025-12-12T08:54:25,predict_next_joint,0.0,-200.0,200.0,0.0
2025-12-12,383,383,3,8,3,0.0,RandomForestClassifier,safe_w200,2025-12-12T08:54:25,predict_next_joint,0.0,-200.0,200.0,0.0
2025-12-12,382,382,3,8,2,0.0,RandomForestClassifier,safe_w200,2025-12-12T08:54:25,predict_next_joint,0.0,-200.0,200.0,0.0
2025-12-12,381,381,3,8,1,0.0,RandomForestClassifier,safe_w200,2025-12-12T08:54:25,predict_next_joint,0.0,-200.0,200.0,0.0
2025-12-12,380,380,3,8,0,0.0,RandomForestClassifier,safe_w200,2025-12-12T08:54:25,predict_next_joint,0.0,-200.0,200.0,0.0
2025-12-12,379,379,3,7,9,0.0,RandomForestClassifier,safe_w200,2025-12-12T08:54:25,predict_next_joint,0.0,-200.0,200.0,0.0
2025-12-12,378,378,3,7,8,0.0,RandomForestClassifier,safe_w200,2025-12-12T08:54:25,predict_next_joint,0.0,-200.0,200.0,0.0
2025-12-12,377,377,3,7,7,0.0,RandomForestClassifier,safe_w200,2025-12-12T08:54:25,predict_next_joint,0.0,-200.0,200.0,0.0
2025-12-12,376,376,3,7,6,0.0,RandomForestClassifier,safe_w200,2025-12-12T08:54:25,predict_next_joint,0.0,-200.0,200.0,0.0
2025-12-12,375,375,3,7,5,0.0,RandomForestClassifier,safe_w200,2025-12-12T08:54:25,predict_next_joint,0.0,-200.0,200.0,0.0
2025-12-12,373,373,3,7,3,0.0,RandomForestClassifier,safe_w200,2025-12-12T08:54:25,predict_next_joint,0.0,-200.0,200.0,0.0
2025-12-12,372,372,3,7,2,0.0,RandomForestClassifier,safe_w200,2025-12-12T08:54:25,predict_next_joint,0.0,-200.0,200.0,0.0
2025-12-12,370,370,3,7,0,0.0,RandomForestClassifier,safe_w200,2025-12-12T08:54:25,predict_next_joint,0.0,-200.0,200.0,0.0
2025-12-12,369,369,3,6,9,0.0,RandomForestClassifier,safe_w200,2025-12-12T08:54:25,predict_next_joint,0.0,-200.0,200.0,0.0
2025-12-12,400,400,4,0,0,0.0,RandomForestClassifier,safe_w200,2025-12-12T08:54:25,predict_next_joint,0.0,-200.0,200.0,0.0
2025-12-12,399,399,3,9,9,0.0,RandomForestClassifier,safe_w200,2025-12-12T08:54:25,predict_next_joint,0.0,-200.0,200.0,0.0
2025-12-12,397,397,3,9,7,0.0,RandomForestClassifier,safe_w200,2025-12-12T08:54:25,predict_next_joint,0.0,-200.0,200.0,0.0
2025-12-12,396,396,3,9,6,0.0,RandomForestClassifier,safe_w200,2025-12-12T08:54:25,predict_next_joint,0.0,-200.0,200.0,0.0
2025-12-12,394,394,3,9,4,0.0,RandomForestClassifier,safe_w200,2025-12-12T08:54:25,predict_next_joint,0.0,-200.0,200.0,0.0
2025-12-12,393,393,3,9,3,0.0,RandomForestClassifier,safe_w200,2025-12-12T08:54:25,predict_next_joint,0.0,-200.0,200.0,0.0
2025-12-12,392,392,3,9,2,0.0,RandomForestClassifier,safe_w200,2025-12-12T08:54:25,predict_next_joint,0.0,-200.0,200.0,0.0
2025-12-12,390,390,3,9,0,0.0,RandomForestClassifier,safe_w200,2025-12-12T08:54:25,predict_next_joint,0.0,-200.0,200.0,0.0
2025-12-12,389,389,3,8,9,0.0,RandomForestClassifier,safe_w200,2025-12-12T08:54:25,predict_next_joint,0.0,-200.0,200.0,0.0
2025-12-12,388,388,3,8,8,0.0,RandomForestClassifier,safe_w200,2025-12-12T08:54:25,predict_next_joint,0.0,-200.0,200.0,0.0
2025-12-12,387,387,3,8,7,0.0,RandomForestClassifier,safe_w200,2025-12-12T08:54:25,predict_next_joint,0.0,-200.0,200.0,0.0
2025-12-12,386,386,3,8,6,0.0,RandomForestClassifier,safe_w200,2025-12-12T08:54:25,predict_next_joint,0.0,-200.0,200.0,0.0
2025-12-12,385,385,3,8,5,0.0,RandomForestClassifier,safe_w200,2025-12-12T08:54:25,predict_next_joint,0.0,-200.0,200.0,0.0
2025-12-12,416,416,4,1,6,0.0,RandomForestClassifier,safe_w200,2025-12-12T08:54:25,predict_next_joint,0.0,-200.0,200.0,0.0
2025-12-12,415,415,4,1,5,0.0,RandomForestClassifier,safe_w200,2025-12-12T08:54:25,predict_next_joint,0.0,-200.0,200.0,0.0
2025-12-12,414,414,4,1,4,0.0,RandomForestClassifier,safe_w200,2025-12-12T08:54:25,predict_next_joint,0.0,-200.0,200.0,0.0
2025-12-12,413,413,4,1,3,0.0,RandomForestClassifier,safe_w200,2025-12-12T08:54:25,predict_next_joint,0.0,-200.0,200.0,0.0
2025-12-12,412,412,4,1,2,0.0,RandomForestClassifier,safe_w200,2025-12-12T08:54:25,predict_next_joint,0.0,-200.0,200.0,0.0
2025-12-12,411,411,4,1,1,0.0,RandomForestClassifier,safe_w200,2025-12-12T08:54:25,predict_next_joint,0.0,-200.0,200.0,0.0
2025-12-12,410,410,4,1,0,0.0,RandomForestClassifier,safe_w200,2025-12-12T08:54:25,predict_next_joint,0.0,-200.0,200.0,0.0
2025-12-12,409,409,4,0,9,0.0,RandomForestClassifier,safe_w200,2025-12-12T08:54:25,predict_next_joint,0.0,-200.0,200.0,0.0
2025-12-12,408,408,4,0,8,0.0,RandomForestClassifier,safe_w200,2025-12-12T08:54:25,predict_next_joint,0.0,-200.0,200.0,0.0
2025-12-12,407,407,4,0,7,0.0,RandomForestClassifier,safe_w200,2025-12-12T08:54:25,predict_next_joint,0.0,-200.0,200.0,0.0
2025-12-12,406,406,4,0,6,0.0,RandomForestClassifier,safe_w200,2025-12-12T08:54:25,predict_next_joint,0.0,-200.0,200.0,0.0
2025-12-12,405,405,4,0,5,0.0,RandomForestClassifier,safe_w200,2025-12-12T08:54:25,predict_next_joint,0.0,-200.0,200.0,0.0
2025-12-12,404,404,4,0,4,0.0,RandomForestClassifier,safe_w200,2025-12-12T08:54:25,predict_next_joint,0.0,-200.0,200.0,0.0
2025-12-12,403,403,4,0,3,0.0,RandomForestClassifier,safe_w200,2025-12-12T08:54:25,predict_next_joint,0.0,-200.0,200.0,0.0
2025-12-12,402,402,4,0,2,0.0,RandomForestClassifier,safe_w200,2025-12-12T08:54:25,predict_next_joint,0.0,-200.0,200.0,0.0
2025-12-12,401,401,4,0,1,0.0,RandomForestClassifier,safe_w200,2025-12-12T08:54:25,predict_next_joint,0.0,-200.0,200.0,0.0
2025-12-12,432,432,4,3,2,0.0,RandomForestClassifier,safe_w200,2025-12-12T08:54:25,predict_next_joint,0.0,-200.0,200.0,0.0
2025-12-12,431,431,4,3,1,0.0,RandomForestClassifier,safe_w200,2025-12-12T08:54:25,predict_next_joint,0.0,-200.0,200.0,0.0
2025-12-12,429,429,4,2,9,0.0,RandomForestClassifier,safe_w200,2025-12-12T08:54:25,predict_next_joint,0.0,-200.0,200.0,0.0
2025-12-12,428,428,4,2,8,0.0,RandomForestClassifier,safe_w200,2025-12-12T08:54:25,predict_next_joint,0.0,-200.0,200.0,0.0
2025-12-12,426,426,4,2,6,0.0,RandomForestClassifier,safe_w200,2025-12-12T08:54:25,predict_next_joint,0.0,-200.0,200.0,0.0
2025-12-12,425,425,4,2,5,0.0,RandomForestClassifier,safe_w200,2025-12-12T08:54:25,predict_next_joint,0.0,-200.0,200.0,0.0
2025-12-12,424,424,4,2,4,0.0,RandomForestClassifier,safe_w200,2025-12-12T08:54:25,predict_next_joint,0.0,-200.0,200.0,0.0
2025-12-12,423,423,4,2,3,0.0,RandomForestClassifier,safe_w200,2025-12-12T08:54:25,predict_next_joint,0.0,-200.0,200.0,0.0
2025-12-12,422,422,4,2,2,0.0,RandomForestClassifier,safe_w200,2025-12-12T08:54:25,predict_next_joint,0.0,-200.0,200.0,0.0
2025-12-12,421,421,4,2,1,0.0,RandomForestClassifier,safe_w200,2025-12-12T08:54:25,predict_next_joint,0.0,-200.0,200.0,0.0
2025-12-12,420,420,4,2,0,0.0,RandomForestClassifier,safe_w200,2025-12-12T08:54:25,predict_next_joint,0.0,-200.0,200.0,0.0
2025-12-12,419,419,4,1,9,0.0,RandomForestClassifier,safe_w200,2025-12-12T08:54:25,predict_next_joint,0.0,-200.0,200.0,0.0
2025-12-12,418,418,4,1,8,0.0,RandomForestClassifier,safe_w200,2025-12-12T08:54:25,predict_next_joint,0.0,-200.0,200.0,0.0
2025-12-12,417,417,4,1,7,0.0,RandomForestClassifier,safe_w200,2025-12-12T08:54:25,predict_next_joint,0.0,-200.0,200.0,0.0
2025-12-12,448,448,4,4,8,0.0,RandomForestClassifier,safe_w200,2025-12-12T08:54:25,predict_next_joint,0.0,-200.0,200.0,0.0
2025-12-12,447,447,4,4,7,0.0,RandomForestClassifier,safe_w200,2025-12-12T08:54:25,predict_next_joint,0.0,-200.0,200.0,0.0
2025-12-12,446,446,4,4,6,0.0,RandomForestClassifier,safe_w200,2025-12-12T08:54:25,predict_next_joint,0.0,-200.0,200.0,0.0
2025-12-12,445,445,4,4,5,0.0,RandomForestClassifier,safe_w200,2025-12-12T08:54:25,predict_next_joint,0.0,-200.0,200.0,0.0
2025-12-12,444,444,4,4,4,0.0,RandomForestClassifier,safe_w200,2025-12-12T08:54:25,predict_next_joint,0.0,-200.0,200.0,0.0
2025-12-12,443,443,4,4,3,0.0,RandomForestClassifier,safe_w200,2025-12-12T08:54:25,predict_next_joint,0.0,-200.0,200.0,0.0
2025-12-12,442,442,4,4,2,0.0,RandomForestClassifier,safe_w200,2025-12-12T08:54:25,predict_next_joint,0.0,-200.0,200.0,0.0
2025-12-12,441,441,4,4,1,0.0,RandomForestClassifier,safe_w200,2025-12-12T08:54:25,predict_next_joint,0.0,-200.0,200.0,0.0
2025-12-12,440,440,4,4,0,0.0,RandomForestClassifier,safe_w200,2025-12-12T08:54:25,predict_next_joint,0.0,-200.0,200.0,0.0
2025-12-12,438,438,4,3,8,0.0,RandomForestClassifier,safe_w200,2025-12-12T08:54:25,predict_next_joint,0.0,-200.0,200.0,0.0
2025-12-12,437,437,4,3,7,0.0,RandomForestClassifier,safe_w200,2025-12-12T08:54:25,predict_next_joint,0.0,-200.0,200.0,0.0
2025-12-12,436,436,4,3,6,0.0,RandomForestClassifier,safe_w200,2025-12-12T08:54:25,predict_next_joint,0.0,-200.0,200.0,0.0
2025-12-12,435,435,4,3,5,0.0,RandomForestClassifier,safe_w200,2025-12-12T08:54:25,predict_next_joint,0.0,-200.0,200.0,0.0
2025-12-12,434,434,4,3,4,0.0,RandomForestClassifier,safe_w200,2025-12-12T08:54:25,predict_next_joint,0.0,-200.0,200.0,0.0
2025-12-12,433,433,4,3,3,0.0,RandomForestClassifier,safe_w200,2025-12-12T08:54:25,predict_next_joint,0.0,-200.0,200.0,0.0
2025-12-12,464,464,4,6,4,0.0,RandomForestClassifier,safe_w200,2025-12-12T08:54:25,predict_next_joint,0.0,-200.0,200.0,0.0
2025-12-12,463,463,4,6,3,0.0,RandomForestClassifier,safe_w200,2025-12-12T08:54:25,predict_next_joint,0.0,-200.0,200.0,0.0
2025-12-12,462,462,4,6,2,0.0,RandomForestClassifier,safe_w200,2025-12-12T08:54:25,predict_next_joint,0.0,-200.0,200.0,0.0
2025-12-12,459,459,4,5,9,0.0,RandomForestClassifier,safe_w200,2025-12-12T08:54:25,predict_next_joint,0.0,-200.0,200.0,0.0
2025-12-12,458,458,4,5,8,0.0,RandomForestClassifier,safe_w200,2025-12-12T08:54:25,predict_next_joint,0.0,-200.0,200.0,0.0
2025-12-12,457,457,4,5,7,0.0,RandomForestClassifier,safe_w200,2025-12-12T08:54:25,predict_next_joint,0.0,-200.0,200.0,0.0
2025-12-12,456,456,4,5,6,0.0,RandomForestClassifier,safe_w200,2025-12-12T08:54:25,predict_next_joint,0.0,-200.0,200.0,0.0
2025-12-12,455,455,4,5,5,0.0,RandomForestClassifier,safe_w200,2025-12-12T08:54:25,predict_next_joint,0.0,-200.0,200.0,0.0
2025-12-12,454,454,4,5,4,0.0,RandomForestClassifier,safe_w200,2025-12-12T08:54:25,predict_next_joint,0.0,-200.0,200.0,0.0
2025-12-12,453,453,4,5,3,0.0,RandomForestClassifier,safe_w200,2025-12-12T08:54:25,predict_next_joint,0.0,-200.0,200.0,0.0
2025-12-12,452,452,4,5,2,0.0,RandomForestClassifier,safe_w200,2025-12-12T08:54:25,predict_next_joint,0.0,-200.0,200.0,0.0
2025-12-12,451,451,4,5,1,0.0,RandomForestClassifier,safe_w200,2025-12-12T08:54:25,predict_next_joint,0.0,-200.0,200.0,0.0
2025-12-12,450,450,4,5,0,0.0,RandomForestClassifier,safe_w200,2025-12-12T08:54:25,predict_next_joint,0.0,-200.0,200.0,0.0
2025-12-12,449,449,4,4,9,0.0,RandomForestClassifier,safe_w200,2025-12-12T08:54:25,predict_next_joint,0.0,-200.0,200.0,0.0
2025-12-12,480,480,4,8,0,0.0,RandomForestClassifier,safe_w200,2025-12-12T08:54:25,predict_next_joint,0.0,-200.0,200.0,0.0
2025-12-12,479,479,4,7,9,0.0,RandomForestClassifier,safe_w200,2025-12-12T08:54:25,predict_next_joint,0.0,-200.0,200.0,0.0
2025-12-12,478,478,4,7,8,0.0,RandomForestClassifier,safe_w200,2025-12-12T08:54:25,predict_next_joint,0.0,-200.0,200.0,0.0
2025-12-12,477,477,4,7,7,0.0,RandomForestClassifier,safe_w200,2025-12-12T08:54:25,predict_next_joint,0.0,-200.0,200.0,0.0
2025-12-12,476,476,4,7,6,0.0,RandomForestClassifier,safe_w200,2025-12-12T08:54:25,predict_next_joint,0.0,-200.0,200.0,0.0
2025-12-12,475,475,4,7,5,0.0,RandomForestClassifier,safe_w200,2025-12-12T08:54:25,predict_next_joint,0.0,-200.0,200.0,0.0
2025-12-12,474,474,4,7,4,0.0,RandomForestClassifier,safe_w200,2025-12-12T08:54:25,predict_next_joint,0.0,-200.0,200.0,0.0
2025-12-12,473,473,4,7,3,0.0,RandomForestClassifier,safe_w200,2025-12-12T08:54:25,predict_next_joint,0.0,-200.0,200.0,0.0
2025-12-12,471,471,4,7,1,0.0,RandomForestClassifier,safe_w200,2025-12-12T08:54:25,predict_next_joint,0.0,-200.0,200.0,0.0
2025-12-12,467,467,4,6,7,0.0,RandomForestClassifier,safe_w200,2025-12-12T08:54:25,predict_next_joint,0.0,-200.0,200.0,0.0
2025-12-12,466,466,4,6,6,0.0,RandomForestClassifier,safe_w200,2025-12-12T08:54:25,predict_next_joint,0.0,-200.0,200.0,0.0
2025-12-12,465,465,4,6,5,0.0,RandomForestClassifier,safe_w200,2025-12-12T08:54:25,predict_next_joint,0.0,-200.0,200.0,0.0
2025-12-12,112,112,1,1,2,0.0,RandomForestClassifier,safe_w200,2025-12-12T08:54:25,predict_next_joint,0.0,-200.0,200.0,0.0
2025-12-12,111,111,1,1,1,0.0,RandomForestClassifier,safe_w200,2025-12-12T08:54:25,predict_next_joint,0.0,-200.0,200.0,0.0
2025-12-12,110,110,1,1,0,0.0,RandomForestClassifier,safe_w200,2025-12-12T08:54:25,predict_next_joint,0.0,-200.0,200.0,0.0
2025-12-12,109,109,1,0,9,0.0,RandomForestClassifier,safe_w200,2025-12-12T08:54:25,predict_next_joint,0.0,-200.0,200.0,0.0
2025-12-12,107,107,1,0,7,0.0,RandomForestClassifier,safe_w200,2025-12-12T08:54:25,predict_next_joint,0.0,-200.0,200.0,0.0
2025-12-12,106,106,1,0,6,0.0,RandomForestClassifier,safe_w200,2025-12-12T08:54:25,predict_next_joint,0.0,-200.0,200.0,0.0
2025-12-12,105,105,1,0,5,0.0,RandomForestClassifier,safe_w200,2025-12-12T08:54:25,predict_next_joint,0.0,-200.0,200.0,0.0
2025-12-12,104,104,1,0,4,0.0,RandomForestClassifier,safe_w200,2025-12-12T08:54:25,predict_next_joint,0.0,-200.0,200.0,0.0
2025-12-12,103,103,1,0,3,0.0,RandomForestClassifier,safe_w200,2025-12-12T08:54:25,predict_next_joint,0.0,-200.0,200.0,0.0
2025-12-12,102,102,1,0,2,0.0,RandomForestClassifier,safe_w200,2025-12-12T08:54:25,predict_next_joint,0.0,-200.0,200.0,0.0
2025-12-12,101,101,1,0,1,0.0,RandomForestClassifier,safe_w200,2025-12-12T08:54:25,predict_next_joint,0.0,-200.0,200.0,0.0
2025-12-12,100,100,1,0,0,0.0,RandomForestClassifier,safe_w200,2025-12-12T08:54:25,predict_next_joint,0.0,-200.0,200.0,0.0
2025-12-12,99,99,0,9,9,0.0,RandomForestClassifier,safe_w200,2025-12-12T08:54:25,predict_next_joint,0.0,-200.0,200.0,0.0
2025-12-12,98,98,0,9,8,0.0,RandomForestClassifier,safe_w200,2025-12-12T08:54:25,predict_next_joint,0.0,-200.0,200.0,0.0
2025-12-12,97,97,0,9,7,0.0,RandomForestClassifier,safe_w200,2025-12-12T08:54:25,predict_next_joint,0.0,-200.0,200.0,0.0
2025-12-12,495,495,4,9,5,0.0,RandomForestClassifier,safe_w200,2025-12-12T08:54:25,predict_next_joint,0.0,-200.0,200.0,0.0
2025-12-12,494,494,4,9,4,0.0,RandomForestClassifier,safe_w200,2025-12-12T08:54:25,predict_next_joint,0.0,-200.0,200.0,0.0
2025-12-12,493,493,4,9,3,0.0,RandomForestClassifier,safe_w200,2025-12-12T08:54:25,predict_next_joint,0.0,-200.0,200.0,0.0
2025-12-12,492,492,4,9,2,0.0,RandomForestClassifier,safe_w200,2025-12-12T08:54:25,predict_next_joint,0.0,-200.0,200.0,0.0
2025-12-12,489,489,4,8,9,0.0,RandomForestClassifier,safe_w200,2025-12-12T08:54:25,predict_next_joint,0.0,-200.0,200.0,0.0
2025-12-12,488,488,4,8,8,0.0,RandomForestClassifier,safe_w200,2025-12-12T08:54:25,predict_next_joint,0.0,-200.0,200.0,0.0
2025-12-12,487,487,4,8,7,0.0,RandomForestClassifier,safe_w200,2025-12-12T08:54:25,predict_next_joint,0.0,-200.0,200.0,0.0
2025-12-12,485,485,4,8,5,0.0,RandomForestClassifier,safe_w200,2025-12-12T08:54:25,predict_next_joint,0.0,-200.0,200.0,0.0
2025-12-12,484,484,4,8,4,0.0,RandomForestClassifier,safe_w200,2025-12-12T08:54:25,predict_next_joint,0.0,-200.0,200.0,0.0
2025-12-12,483,483,4,8,3,0.0,RandomForestClassifier,safe_w200,2025-12-12T08:54:25,predict_next_joint,0.0,-200.0,200.0,0.0
2025-12-12,482,482,4,8,2,0.0,RandomForestClassifier,safe_w200,2025-12-12T08:54:25,predict_next_joint,0.0,-200.0,200.0,0.0
2025-12-12,512,512,5,1,2,0.0,RandomForestClassifier,safe_w200,2025-12-12T08:54:25,predict_next_joint,0.0,-200.0,200.0,0.0
2025-12-12,511,511,5,1,1,0.0,RandomForestClassifier,safe_w200,2025-12-12T08:54:25,predict_next_joint,0.0,-200.0,200.0,0.0
2025-12-12,510,510,5,1,0,0.0,RandomForestClassifier,safe_w200,2025-12-12T08:54:25,predict_next_joint,0.0,-200.0,200.0,0.0
2025-12-12,509,509,5,0,9,0.0,RandomForestClassifier,safe_w200,2025-12-12T08:54:25,predict_next_joint,0.0,-200.0,200.0,0.0
2025-12-12,507,507,5,0,7,0.0,RandomForestClassifier,safe_w200,2025-12-12T08:54:25,predict_next_joint,0.0,-200.0,200.0,0.0
2025-12-12,506,506,5,0,6,0.0,RandomForestClassifier,safe_w200,2025-12-12T08:54:25,predict_next_joint,0.0,-200.0,200.0,0.0
2025-12-12,505,505,5,0,5,0.0,RandomForestClassifier,safe_w200,2025-12-12T08:54:25,predict_next_joint,0.0,-200.0,200.0,0.0
2025-12-12,504,504,5,0,4,0.0,RandomForestClassifier,safe_w200,2025-12-12T08:54:25,predict_next_joint,0.0,-200.0,200.0,0.0
2025-12-12,503,503,5,0,3,0.0,RandomForestClassifier,safe_w200,2025-12-12T08:54:25,predict_next_joint,0.0,-200.0,200.0,0.0
2025-12-12,502,502,5,0,2,0.0,RandomForestClassifier,safe_w200,2025-12-12T08:54:25,predict_next_joint,0.0,-200.0,200.0,0.0
2025-12-12,501,501,5,0,1,0.0,RandomForestClassifier,safe_w200,2025-12-12T08:54:25,predict_next_joint,0.0,-200.0,200.0,0.0
2025-12-12,500,500,5,0,0,0.0,RandomForestClassifier,safe_w200,2025-12-12T08:54:25,predict_next_joint,0.0,-200.0,200.0,0.0
2025-12-12,499,499,4,9,9,0.0,RandomForestClassifier,safe_w200,2025-12-12T08:54:25,predict_next_joint,0.0,-200.0,200.0,0.0
2025-12-12,497,497,4,9,7,0.0,RandomForestClassifier,safe_w200,2025-12-12T08:54:25,predict_next_joint,0.0,-200.0,200.0,0.0
2025-12-12,528,528,5,2,8,0.0,RandomForestClassifier,safe_w200,2025-12-12T08:54:25,predict_next_joint,0.0,-200.0,200.0,0.0
2025-12-12,527,527,5,2,7,0.0,RandomForestClassifier,safe_w200,2025-12-12T08:54:25,predict_next_joint,0.0,-200.0,200.0,0.0
2025-12-12,526,526,5,2,6,0.0,RandomForestClassifier,safe_w200,2025-12-12T08:54:25,predict_next_joint,0.0,-200.0,200.0,0.0
2025-12-12,525,525,5,2,5,0.0,RandomForestClassifier,safe_w200,2025-12-12T08:54:25,predict_next_joint,0.0,-200.0,200.0,0.0
2025-12-12,524,524,5,2,4,0.0,RandomForestClassifier,safe_w200,2025-12-12T08:54:25,predict_next_joint,0.0,-200.0,200.0,0.0
2025-12-12,522,522,5,2,2,0.0,RandomForestClassifier,safe_w200,2025-12-12T08:54:25,predict_next_joint,0.0,-200.0,200.0,0.0
2025-12-12,521,521,5,2,1,0.0,RandomForestClassifier,safe_w200,2025-12-12T08:54:25,predict_next_joint,0.0,-200.0,200.0,0.0
2025-12-12,520,520,5,2,0,0.0,RandomForestClassifier,safe_w200,2025-12-12T08:54:25,predict_next_joint,0.0,-200.0,200.0,0.0
2025-12-12,519,519,5,1,9,0.0,RandomForestClassifier,safe_w200,2025-12-12T08:54:25,predict_next_joint,0.0,-200.0,200.0,0.0
2025-12-12,517,517,5,1,7,0.0,RandomForestClassifier,safe_w200,2025-12-12T08:54:25,predict_next_joint,0.0,-200.0,200.0,0.0
2025-12-12,516,516,5,1,6,0.0,RandomForestClassifier,safe_w200,2025-12-12T08:54:25,predict_next_joint,0.0,-200.0,200.0,0.0
2025-12-12,515,515,5,1,5,0.0,RandomForestClassifier,safe_w200,2025-12-12T08:54:25,predict_next_joint,0.0,-200.0,200.0,0.0
2025-12-12,514,514,5,1,4,0.0,RandomForestClassifier,safe_w200,2025-12-12T08:54:25,predict_next_joint,0.0,-200.0,200.0,0.0
2025-12-12,513,513,5,1,3,0.0,RandomForestClassifier,safe_w200,2025-12-12T08:54:25,predict_next_joint,0.0,-200.0,200.0,0.0
2025-12-12,544,544,5,4,4,0.0,RandomForestClassifier,safe_w200,2025-12-12T08:54:25,predict_next_joint,0.0,-200.0,200.0,0.0
2025-12-12,543,543,5,4,3,0.0,RandomForestClassifier,safe_w200,2025-12-12T08:54:25,predict_next_joint,0.0,-200.0,200.0,0.0
2025-12-12,542,542,5,4,2,0.0,RandomForestClassifier,safe_w200,2025-12-12T08:54:25,predict_next_joint,0.0,-200.0,200.0,0.0
2025-12-12,541,541,5,4,1,0.0,RandomForestClassifier,safe_w200,2025-12-12T08:54:25,predict_next_joint,0.0,-200.0,200.0,0.0
2025-12-12,540,540,5,4,0,0.0,RandomForestClassifier,safe_w200,2025-12-12T08:54:25,predict_next_joint,0.0,-200.0,200.0,0.0
2025-12-12,539,539,5,3,9,0.0,RandomForestClassifier,safe_w200,2025-12-12T08:54:25,predict_next_joint,0.0,-200.0,200.0,0.0
2025-12-12,538,538,5,3,8,0.0,RandomForestClassifier,safe_w200,2025-12-12T08:54:25,predict_next_joint,0.0,-200.0,200.0,0.0
2025-12-12,537,537,5,3,7,0.0,RandomForestClassifier,safe_w200,2025-12-12T08:54:25,predict_next_joint,0.0,-200.0,200.0,0.0
2025-12-12,536,536,5,3,6,0.0,RandomForestClassifier,safe_w200,2025-12-12T08:54:25,predict_next_joint,0.0,-200.0,200.0,0.0
2025-12-12,535,535,5,3,5,0.0,RandomForestClassifier,safe_w200,2025-12-12T08:54:25,predict_next_joint,0.0,-200.0,200.0,0.0
2025-12-12,534,534,5,3,4,0.0,RandomForestClassifier,safe_w200,2025-12-12T08:54:25,predict_next_joint,0.0,-200.0,200.0,0.0
2025-12-12,533,533,5,3,3,0.0,RandomForestClassifier,safe_w200,2025-12-12T08:54:25,predict_next_joint,0.0,-200.0,200.0,0.0
2025-12-12,532,532,5,3,2,0.0,RandomForestClassifier,safe_w200,2025-12-12T08:54:25,predict_next_joint,0.0,-200.0,200.0,0.0
2025-12-12,530,530,5,3,0,0.0,RandomForestClassifier,safe_w200,2025-12-12T08:54:25,predict_next_joint,0.0,-200.0,200.0,0.0
2025-12-12,529,529,5,2,9,0.0,RandomForestClassifier,safe_w200,2025-12-12T08:54:25,predict_next_joint,0.0,-200.0,200.0,0.0
2025-12-12,560,560,5,6,0,0.0,RandomForestClassifier,safe_w200,2025-12-12T08:54:25,predict_next_joint,0.0,-200.0,200.0,0.0
2025-12-12,559,559,5,5,9,0.0,RandomForestClassifier,safe_w200,2025-12-12T08:54:25,predict_next_joint,0.0,-200.0,200.0,0.0
2025-12-12,558,558,5,5,8,0.0,RandomForestClassifier,safe_w200,2025-12-12T08:54:25,predict_next_joint,0.0,-200.0,200.0,0.0
2025-12-12,557,557,5,5,7,0.0,RandomForestClassifier,safe_w200,2025-12-12T08:54:25,predict_next_joint,0.0,-200.0,200.0,0.0
2025-12-12,556,556,5,5,6,0.0,RandomForestClassifier,safe_w200,2025-12-12T08:54:25,predict_next_joint,0.0,-200.0,200.0,0.0
2025-12-12,555,555,5,5,5,0.0,RandomForestClassifier,safe_w200,2025-12-12T08:54:25,predict_next_joint,0.0,-200.0,200.0,0.0
2025-12-12,554,554,5,5,4,0.0,RandomForestClassifier,safe_w200,2025-12-12T08:54:25,predict_next_joint,0.0,-200.0,200.0,0.0
2025-12-12,553,553,5,5,3,0.0,RandomForestClassifier,safe_w200,2025-12-12T08:54:25,predict_next_joint,0.0,-200.0,200.0,0.0
2025-12-12,552,552,5,5,2,0.0,RandomForestClassifier,safe_w200,2025-12-12T08:54:25,predict_next_joint,0.0,-200.0,200.0,0.0
2025-12-12,551,551,5,5,1,0.0,RandomForestClassifier,safe_w200,2025-12-12T08:54:25,predict_next_joint,0.0,-200.0,200.0,0.0
2025-12-12,550,550,5,5,0,0.0,RandomForestClassifier,safe_w200,2025-12-12T08:54:25,predict_next_joint,0.0,-200.0,200.0,0.0
2025-12-12,549,549,5,4,9,0.0,RandomForestClassifier,safe_w200,2025-12-12T08:54:25,predict_next_joint,0.0,-200.0,200.0,0.0
2025-12-12,548,548,5,4,8,0.0,RandomForestClassifier,safe_w200,2025-12-12T08:54:25,predict_next_joint,0.0,-200.0,200.0,0.0
2025-12-12,546,546,5,4,6,0.0,RandomForestClassifier,safe_w200,2025-12-12T08:54:25,predict_next_joint,0.0,-200.0,200.0,0.0
2025-12-12,545,545,5,4,5,0.0,RandomForestClassifier,safe_w200,2025-12-12T08:54:25,predict_next_joint,0.0,-200.0,200.0,0.0
2025-12-12,576,576,5,7,6,0.0,RandomForestClassifier,safe_w200,2025-12-12T08:54:25,predict_next_joint,0.0,-200.0,200.0,0.0
2025-12-12,575,575,5,7,5,0.0,RandomForestClassifier,safe_w200,2025-12-12T08:54:25,predict_next_joint,0.0,-200.0,200.0,0.0
2025-12-12,574,574,5,7,4,0.0,RandomForestClassifier,safe_w200,2025-12-12T08:54:25,predict_next_joint,0.0,-200.0,200.0,0.0
2025-12-12,573,573,5,7,3,0.0,RandomForestClassifier,safe_w200,2025-12-12T08:54:25,predict_next_joint,0.0,-200.0,200.0,0.0
2025-12-12,571,571,5,7,1,0.0,RandomForestClassifier,safe_w200,2025-12-12T08:54:25,predict_next_joint,0.0,-200.0,200.0,0.0
2025-12-12,570,570,5,7,0,0.0,RandomForestClassifier,safe_w200,2025-12-12T08:54:25,predict_next_joint,0.0,-200.0,200.0,0.0
2025-12-12,569,569,5,6,9,0.0,RandomForestClassifier,safe_w200,2025-12-12T08:54:25,predict_next_joint,0.0,-200.0,200.0,0.0
2025-12-12,568,568,5,6,8,0.0,RandomForestClassifier,safe_w200,2025-12-12T08:54:25,predict_next_joint,0.0,-200.0,200.0,0.0
2025-12-12,567,567,5,6,7,0.0,RandomForestClassifier,safe_w200,2025-12-12T08:54:25,predict_next_joint,0.0,-200.0,200.0,0.0
2025-12-12,566,566,5,6,6,0.0,RandomForestClassifier,safe_w200,2025-12-12T08:54:25,predict_next_joint,0.0,-200.0,200.0,0.0
2025-12-12,565,565,5,6,5,0.0,RandomForestClassifier,safe_w200,2025-12-12T08:54:25,predict_next_joint,0.0,-200.0,200.0,0.0
2025-12-12,564,564,5,6,4,0.0,RandomForestClassifier,safe_w200,2025-12-12T08:54:25,predict_next_joint,0.0,-200.0,200.0,0.0
2025-12-12,563,563,5,6,3,0.0,RandomForestClassifier,safe_w200,2025-12-12T08:54:25,predict_next_joint,0.0,-200.0,200.0,0.0
2025-12-12,562,562,5,6,2,0.0,RandomForestClassifier,safe_w200,2025-12-12T08:54:25,predict_next_joint,0.0,-200.0,200.0,0.0
2025-12-12,561,561,5,6,1,0.0,RandomForestClassifier,safe_w200,2025-12-12T08:54:25,predict_next_joint,0.0,-200.0,200.0,0.0
2025-12-12,592,592,5,9,2,0.0,RandomForestClassifier,safe_w200,2025-12-12T08:54:25,predict_next_joint,0.0,-200.0,200.0,0.0
2025-12-12,591,591,5,9,1,0.0,RandomForestClassifier,safe_w200,2025-12-12T08:54:25,predict_next_joint,0.0,-200.0,200.0,0.0
2025-12-12,590,590,5,9,0,0.0,RandomForestClassifier,safe_w200,2025-12-12T08:54:25,predict_next_joint,0.0,-200.0,200.0,0.0
2025-12-12,589,589,5,8,9,0.0,RandomForestClassifier,safe_w200,2025-12-12T08:54:25,predict_next_joint,0.0,-200.0,200.0,0.0
2025-12-12,588,588,5,8,8,0.0,RandomForestClassifier,safe_w200,2025-12-12T08:54:25,predict_next_joint,0.0,-200.0,200.0,0.0
2025-12-12,587,587,5,8,7,0.0,RandomForestClassifier,safe_w200,2025-12-12T08:54:25,predict_next_joint,0.0,-200.0,200.0,0.0
2025-12-12,586,586,5,8,6,0.0,RandomForestClassifier,safe_w200,2025-12-12T08:54:25,predict_next_joint,0.0,-200.0,200.0,0.0
2025-12-12,585,585,5,8,5,0.0,RandomForestClassifier,safe_w200,2025-12-12T08:54:25,predict_next_joint,0.0,-200.0,200.0,0.0
2025-12-12,583,583,5,8,3,0.0,RandomForestClassifier,safe_w200,2025-12-12T08:54:25,predict_next_joint,0.0,-200.0,200.0,0.0
2025-12-12,582,582,5,8,2,0.0,RandomForestClassifier,safe_w200,2025-12-12T08:54:25,predict_next_joint,0.0,-200.0,200.0,0.0
2025-12-12,581,581,5,8,1,0.0,RandomForestClassifier,safe_w200,2025-12-12T08:54:25,predict_next_joint,0.0,-200.0,200.0,0.0
2025-12-12,580,580,5,8,0,0.0,RandomForestClassifier,safe_w200,2025-12-12T08:54:25,predict_next_joint,0.0,-200.0,200.0,0.0
2025-12-12,579,579,5,7,9,0.0,RandomForestClassifier,safe_w200,2025-12-12T08:54:25,predict_next_joint,0.0,-200.0,200.0,0.0
2025-12-12,578,578,5,7,8,0.0,RandomForestClassifier,safe_w200,2025-12-12T08:54:25,predict_next_joint,0.0,-200.0,200.0,0.0
2025-12-12,577,577,5,7,7,0.0,RandomForestClassifier,safe_w200,2025-12-12T08:54:25,predict_next_joint,0.0,-200.0,200.0,0.0
2025-12-12,608,608,6,0,8,0.0,RandomForestClassifier,safe_w200,2025-12-12T08:54:25,predict_next_joint,0.0,-200.0,200.0,0.0
2025-12-12,607,607,6,0,7,0.0,RandomForestClassifier,safe_w200,2025-12-12T08:54:25,predict_next_joint,0.0,-200.0,200.0,0.0
2025-12-12,606,606,6,0,6,0.0,RandomForestClassifier,safe_w200,2025-12-12T08:54:25,predict_next_joint,0.0,-200.0,200.0,0.0
2025-12-12,605,605,6,0,5,0.0,RandomForestClassifier,safe_w200,2025-12-12T08:54:25,predict_next_joint,0.0,-200.0,200.0,0.0
2025-12-12,604,604,6,0,4,0.0,RandomForestClassifier,safe_w200,2025-12-12T08:54:25,predict_next_joint,0.0,-200.0,200.0,0.0
2025-12-12,603,603,6,0,3,0.0,RandomForestClassifier,safe_w200,2025-12-12T08:54:25,predict_next_joint,0.0,-200.0,200.0,0.0
2025-12-12,602,602,6,0,2,0.0,RandomForestClassifier,safe_w200,2025-12-12T08:54:25,predict_next_joint,0.0,-200.0,200.0,0.0
2025-12-12,601,601,6,0,1,0.0,RandomForestClassifier,safe_w200,2025-12-12T08:54:25,predict_next_joint,0.0,-200.0,200.0,0.0
2025-12-12,600,600,6,0,0,0.0,RandomForestClassifier,safe_w200,2025-12-12T08:54:25,predict_next_joint,0.0,-200.0,200.0,0.0
2025-12-12,599,599,5,9,9,0.0,RandomForestClassifier,safe_w200,2025-12-12T08:54:25,predict_next_joint,0.0,-200.0,200.0,0.0
2025-12-12,598,598,5,9,8,0.0,RandomForestClassifier,safe_w200,2025-12-12T08:54:25,predict_next_joint,0.0,-200.0,200.0,0.0
2025-12-12,597,597,5,9,7,0.0,RandomForestClassifier,safe_w200,2025-12-12T08:54:25,predict_next_joint,0.0,-200.0,200.0,0.0
2025-12-12,596,596,5,9,6,0.0,RandomForestClassifier,safe_w200,2025-12-12T08:54:25,predict_next_joint,0.0,-200.0,200.0,0.0
2025-12-12,595,595,5,9,5,0.0,RandomForestClassifier,safe_w200,2025-12-12T08:54:25,predict_next_joint,0.0,-200.0,200.0,0.0
2025-12-12,594,594,5,9,4,0.0,RandomForestClassifier,safe_w200,2025-12-12T08:54:25,predict_next_joint,0.0,-200.0,200.0,0.0
2025-12-12,593,593,5,9,3,0.0,RandomForestClassifier,safe_w200,2025-12-12T08:54:25,predict_next_joint,0.0,-200.0,200.0,0.0
2025-12-12,624,624,6,2,4,0.0,RandomForestClassifier,safe_w200,2025-12-12T08:54:25,predict_next_joint,0.0,-200.0,200.0,0.0
2025-12-12,623,623,6,2,3,0.0,RandomForestClassifier,safe_w200,2025-12-12T08:54:25,predict_next_joint,0.0,-200.0,200.0,0.0
2025-12-12,622,622,6,2,2,0.0,RandomForestClassifier,safe_w200,2025-12-12T08:54:25,predict_next_joint,0.0,-200.0,200.0,0.0
2025-12-12,621,621,6,2,1,0.0,RandomForestClassifier,safe_w200,2025-12-12T08:54:25,predict_next_joint,0.0,-200.0,200.0,0.0
2025-12-12,620,620,6,2,0,0.0,RandomForestClassifier,safe_w200,2025-12-12T08:54:25,predict_next_joint,0.0,-200.0,200.0,0.0
2025-12-12,619,619,6,1,9,0.0,RandomForestClassifier,safe_w200,2025-12-12T08:54:25,predict_next_joint,0.0,-200.0,200.0,0.0
2025-12-12,618,618,6,1,8,0.0,RandomForestClassifier,safe_w200,2025-12-12T08:54:25,predict_next_joint,0.0,-200.0,200.0,0.0
2025-12-12,617,617,6,1,7,0.0,RandomForestClassifier,safe_w200,2025-12-12T08:54:25,predict_next_joint,0.0,-200.0,200.0,0.0
2025-12-12,616,616,6,1,6,0.0,RandomForestClassifier,safe_w200,2025-12-12T08:54:25,predict_next_joint,0.0,-200.0,200.0,0.0
2025-12-12,615,615,6,1,5,0.0,RandomForestClassifier,safe_w200,2025-12-12T08:54:25,predict_next_joint,0.0,-200.0,200.0,0.0
2025-12-12,614,614,6,1,4,0.0,RandomForestClassifier,safe_w200,2025-12-12T08:54:25,predict_next_joint,0.0,-200.0,200.0,0.0
2025-12-12,613,613,6,1,3,0.0,RandomForestClassifier,safe_w200,2025-12-12T08:54:25,predict_next_joint,0.0,-200.0,200.0,0.0
2025-12-12,612,612,6,1,2,0.0,RandomForestClassifier,safe_w200,2025-12-12T08:54:25,predict_next_joint,0.0,-200.0,200.0,0.0
2025-12-12,611,611,6,1,1,0.0,RandomForestClassifier,safe_w200,2025-12-12T08:54:25,predict_next_joint,0.0,-200.0,200.0,0.0
2025-12-12,610,610,6,1,0,0.0,RandomForestClassifier,safe_w200,2025-12-12T08:54:25,predict_next_joint,0.0,-200.0,200.0,0.0
2025-12-12,609,609,6,0,9,0.0,RandomForestClassifier,safe_w200,2025-12-12T08:54:25,predict_next_joint,0.0,-200.0,200.0,0.0
2025-12-12,640,640,6,4,0,0.0,RandomForestClassifier,safe_w200,2025-12-12T08:54:25,predict_next_joint,0.0,-200.0,200.0,0.0
2025-12-12,639,639,6,3,9,0.0,RandomForestClassifier,safe_w200,2025-12-12T08:54:25,predict_next_joint,0.0,-200.0,200.0,0.0
2025-12-12,638,638,6,3,8,0.0,RandomForestClassifier,safe_w200,2025-12-12T08:54:25,predict_next_joint,0.0,-200.0,200.0,0.0
2025-12-12,635,635,6,3,5,0.0,RandomForestClassifier,safe_w200,2025-12-12T08:54:25,predict_next_joint,0.0,-200.0,200.0,0.0
2025-12-12,634,634,6,3,4,0.0,RandomForestClassifier,safe_w200,2025-12-12T08:54:25,predict_next_joint,0.0,-200.0,200.0,0.0
2025-12-12,633,633,6,3,3,0.0,RandomForestClassifier,safe_w200,2025-12-12T08:54:25,predict_next_joint,0.0,-200.0,200.0,0.0
2025-12-12,632,632,6,3,2,0.0,RandomForestClassifier,safe_w200,2025-12-12T08:54:25,predict_next_joint,0.0,-200.0,200.0,0.0
2025-12-12,631,631,6,3,1,0.0,RandomForestClassifier,safe_w200,2025-12-12T08:54:25,predict_next_joint,0.0,-200.0,200.0,0.0
2025-12-12,629,629,6,2,9,0.0,RandomForestClassifier,safe_w200,2025-12-12T08:54:25,predict_next_joint,0.0,-200.0,200.0,0.0
2025-12-12,628,628,6,2,8,0.0,RandomForestClassifier,safe_w200,2025-12-12T08:54:25,predict_next_joint,0.0,-200.0,200.0,0.0
2025-12-12,627,627,6,2,7,0.0,RandomForestClassifier,safe_w200,2025-12-12T08:54:25,predict_next_joint,0.0,-200.0,200.0,0.0
2025-12-12,626,626,6,2,6,0.0,RandomForestClassifier,safe_w200,2025-12-12T08:54:25,predict_next_joint,0.0,-200.0,200.0,0.0
2025-12-12,625,625,6,2,5,0.0,RandomForestClassifier,safe_w200,2025-12-12T08:54:25,predict_next_joint,0.0,-200.0,200.0,0.0
2025-12-12,96,96,0,9,6,0.0,RandomForestClassifier,safe_w200,2025-12-12T08:54:25,predict_next_joint,0.0,-200.0,200.0,0.0
2025-12-12,95,95,0,9,5,0.0,RandomForestClassifier,safe_w200,2025-12-12T08:54:25,predict_next_joint,0.0,-200.0,200.0,0.0
2025-12-12,94,94,0,9,4,0.0,RandomForestClassifier,safe_w200,2025-12-12T08:54:25,predict_next_joint,0.0,-200.0,200.0,0.0
2025-12-12,93,93,0,9,3,0.0,RandomForestClassifier,safe_w200,2025-12-12T08:54:25,predict_next_joint,0.0,-200.0,200.0,0.0
2025-12-12,92,92,0,9,2,0.0,RandomForestClassifier,safe_w200,2025-12-12T08:54:25,predict_next_joint,0.0,-200.0,200.0,0.0
2025-12-12,91,91,0,9,1,0.0,RandomForestClassifier,safe_w200,2025-12-12T08:54:25,predict_next_joint,0.0,-200.0,200.0,0.0
2025-12-12,90,90,0,9,0,0.0,RandomForestClassifier,safe_w200,2025-12-12T08:54:25,predict_next_joint,0.0,-200.0,200.0,0.0
2025-12-12,88,88,0,8,8,0.0,RandomForestClassifier,safe_w200,2025-12-12T08:54:25,predict_next_joint,0.0,-200.0,200.0,0.0
2025-12-12,87,87,0,8,7,0.0,RandomForestClassifier,safe_w200,2025-12-12T08:54:25,predict_next_joint,0.0,-200.0,200.0,0.0
2025-12-12,86,86,0,8,6,0.0,RandomForestClassifier,safe_w200,2025-12-12T08:54:25,predict_next_joint,0.0,-200.0,200.0,0.0
2025-12-12,85,85,0,8,5,0.0,RandomForestClassifier,safe_w200,2025-12-12T08:54:25,predict_next_joint,0.0,-200.0,200.0,0.0
2025-12-12,84,84,0,8,4,0.0,RandomForestClassifier,safe_w200,2025-12-12T08:54:25,predict_next_joint,0.0,-200.0,200.0,0.0
2025-12-12,83,83,0,8,3,0.0,RandomForestClassifier,safe_w200,2025-12-12T08:54:25,predict_next_joint,0.0,-200.0,200.0,0.0
2025-12-12,82,82,0,8,2,0.0,RandomForestClassifier,safe_w200,2025-12-12T08:54:25,predict_next_joint,0.0,-200.0,200.0,0.0
2025-12-12,81,81,0,8,1,0.0,RandomForestClassifier,safe_w200,2025-12-12T08:54:25,predict_next_joint,0.0,-200.0,200.0,0.0
2025-12-12,656,656,6,5,6,0.0,RandomForestClassifier,safe_w200,2025-12-12T08:54:25,predict_next_joint,0.0,-200.0,200.0,0.0
2025-12-12,655,655,6,5,5,0.0,RandomForestClassifier,safe_w200,2025-12-12T08:54:25,predict_next_joint,0.0,-200.0,200.0,0.0
2025-12-12,653,653,6,5,3,0.0,RandomForestClassifier,safe_w200,2025-12-12T08:54:25,predict_next_joint,0.0,-200.0,200.0,0.0
2025-12-12,651,651,6,5,1,0.0,RandomForestClassifier,safe_w200,2025-12-12T08:54:25,predict_next_joint,0.0,-200.0,200.0,0.0
2025-12-12,650,650,6,5,0,0.0,RandomForestClassifier,safe_w200,2025-12-12T08:54:25,predict_next_joint,0.0,-200.0,200.0,0.0
2025-12-12,649,649,6,4,9,0.0,RandomForestClassifier,safe_w200,2025-12-12T08:54:25,predict_next_joint,0.0,-200.0,200.0,0.0
2025-12-12,648,648,6,4,8,0.0,RandomForestClassifier,safe_w200,2025-12-12T08:54:25,predict_next_joint,0.0,-200.0,200.0,0.0
2025-12-12,647,647,6,4,7,0.0,RandomForestClassifier,safe_w200,2025-12-12T08:54:25,predict_next_joint,0.0,-200.0,200.0,0.0
2025-12-12,646,646,6,4,6,0.0,RandomForestClassifier,safe_w200,2025-12-12T08:54:25,predict_next_joint,0.0,-200.0,200.0,0.0
2025-12-12,645,645,6,4,5,0.0,RandomForestClassifier,safe_w200,2025-12-12T08:54:25,predict_next_joint,0.0,-200.0,200.0,0.0
2025-12-12,644,644,6,4,4,0.0,RandomForestClassifier,safe_w200,2025-12-12T08:54:25,predict_next_joint,0.0,-200.0,200.0,0.0
2025-12-12,643,643,6,4,3,0.0,RandomForestClassifier,safe_w200,2025-12-12T08:54:25,predict_next_joint,0.0,-200.0,200.0,0.0
2025-12-12,642,642,6,4,2,0.0,RandomForestClassifier,safe_w200,2025-12-12T08:54:25,predict_next_joint,0.0,-200.0,200.0,0.0
2025-12-12,641,641,6,4,1,0.0,RandomForestClassifier,safe_w200,2025-12-12T08:54:25,predict_next_joint,0.0,-200.0,200.0,0.0
2025-12-12,670,670,6,7,0,0.0,RandomForestClassifier,safe_w200,2025-12-12T08:54:25,predict_next_joint,0.0,-200.0,200.0,0.0
2025-12-12,669,669,6,6,9,0.0,RandomForestClassifier,safe_w200,2025-12-12T08:54:25,predict_next_joint,0.0,-200.0,200.0,0.0
2025-12-12,668,668,6,6,8,0.0,RandomForestClassifier,safe_w200,2025-12-12T08:54:25,predict_next_joint,0.0,-200.0,200.0,0.0
2025-12-12,667,667,6,6,7,0.0,RandomForestClassifier,safe_w200,2025-12-12T08:54:25,predict_next_joint,0.0,-200.0,200.0,0.0
2025-12-12,666,666,6,6,6,0.0,RandomForestClassifier,safe_w200,2025-12-12T08:54:25,predict_next_joint,0.0,-200.0,200.0,0.0
2025-12-12,665,665,6,6,5,0.0,RandomForestClassifier,safe_w200,2025-12-12T08:54:25,predict_next_joint,0.0,-200.0,200.0,0.0
2025-12-12,664,664,6,6,4,0.0,RandomForestClassifier,safe_w200,2025-12-12T08:54:25,predict_next_joint,0.0,-200.0,200.0,0.0
2025-12-12,663,663,6,6,3,0.0,RandomForestClassifier,safe_w200,2025-12-12T08:54:25,predict_next_joint,0.0,-200.0,200.0,0.0
2025-12-12,662,662,6,6,2,0.0,RandomForestClassifier,safe_w200,2025-12-12T08:54:25,predict_next_joint,0.0,-200.0,200.0,0.0
2025-12-12,661,661,6,6,1,0.0,RandomForestClassifier,safe_w200,2025-12-12T08:54:25,predict_next_joint,0.0,-200.0,200.0,0.0
2025-12-12,660,660,6,6,0,0.0,RandomForestClassifier,safe_w200,2025-12-12T08:54:25,predict_next_joint,0.0,-200.0,200.0,0.0
2025-12-12,659,659,6,5,9,0.0,RandomForestClassifier,safe_w200,2025-12-12T08:54:25,predict_next_joint,0.0,-200.0,200.0,0.0
2025-12-12,658,658,6,5,8,0.0,RandomForestClassifier,safe_w200,2025-12-12T08:54:25,predict_next_joint,0.0,-200.0,200.0,0.0
2025-12-12,688,688,6,8,8,0.0,RandomForestClassifier,safe_w200,2025-12-12T08:54:25,predict_next_joint,0.0,-200.0,200.0,0.0
2025-12-12,687,687,6,8,7,0.0,RandomForestClassifier,safe_w200,2025-12-12T08:54:25,predict_next_joint,0.0,-200.0,200.0,0.0
2025-12-12,686,686,6,8,6,0.0,RandomForestClassifier,safe_w200,2025-12-12T08:54:25,predict_next_joint,0.0,-200.0,200.0,0.0
2025-12-12,685,685,6,8,5,0.0,RandomForestClassifier,safe_w200,2025-12-12T08:54:25,predict_next_joint,0.0,-200.0,200.0,0.0
2025-12-12,683,683,6,8,3,0.0,RandomForestClassifier,safe_w200,2025-12-12T08:54:25,predict_next_joint,0.0,-200.0,200.0,0.0
2025-12-12,682,682,6,8,2,0.0,RandomForestClassifier,safe_w200,2025-12-12T08:54:25,predict_next_joint,0.0,-200.0,200.0,0.0
2025-12-12,681,681,6,8,1,0.0,RandomForestClassifier,safe_w200,2025-12-12T08:54:25,predict_next_joint,0.0,-200.0,200.0,0.0
2025-12-12,679,679,6,7,9,0.0,RandomForestClassifier,safe_w200,2025-12-12T08:54:25,predict_next_joint,0.0,-200.0,200.0,0.0
2025-12-12,678,678,6,7,8,0.0,RandomForestClassifier,safe_w200,2025-12-12T08:54:25,predict_next_joint,0.0,-200.0,200.0,0.0
2025-12-12,677,677,6,7,7,0.0,RandomForestClassifier,safe_w200,2025-12-12T08:54:25,predict_next_joint,0.0,-200.0,200.0,0.0
2025-12-12,676,676,6,7,6,0.0,RandomForestClassifier,safe_w200,2025-12-12T08:54:25,predict_next_joint,0.0,-200.0,200.0,0.0
2025-12-12,675,675,6,7,5,0.0,RandomForestClassifier,safe_w200,2025-12-12T08:54:25,predict_next_joint,0.0,-200.0,200.0,0.0
2025-12-12,673,673,6,7,3,0.0,RandomForestClassifier,safe_w200,2025-12-12T08:54:25,predict_next_joint,0.0,-200.0,200.0,0.0
2025-12-12,704,704,7,0,4,0.0,RandomForestClassifier,safe_w200,2025-12-12T08:54:25,predict_next_joint,0.0,-200.0,200.0,0.0
2025-12-12,703,703,7,0,3,0.0,RandomForestClassifier,safe_w200,2025-12-12T08:54:25,predict_next_joint,0.0,-200.0,200.0,0.0
2025-12-12,702,702,7,0,2,0.0,RandomForestClassifier,safe_w200,2025-12-12T08:54:25,predict_next_joint,0.0,-200.0,200.0,0.0
2025-12-12,701,701,7,0,1,0.0,RandomForestClassifier,safe_w200,2025-12-12T08:54:25,predict_next_joint,0.0,-200.0,200.0,0.0
2025-12-12,700,700,7,0,0,0.0,RandomForestClassifier,safe_w200,2025-12-12T08:54:25,predict_next_joint,0.0,-200.0,200.0,0.0
2025-12-12,699,699,6,9,9,0.0,RandomForestClassifier,safe_w200,2025-12-12T08:54:25,predict_next_joint,0.0,-200.0,200.0,0.0
2025-12-12,698,698,6,9,8,0.0,RandomForestClassifier,safe_w200,2025-12-12T08:54:25,predict_next_joint,0.0,-200.0,200.0,0.0
2025-12-12,697,697,6,9,7,0.0,RandomForestClassifier,safe_w200,2025-12-12T08:54:25,predict_next_joint,0.0,-200.0,200.0,0.0
2025-12-12,696,696,6,9,6,0.0,RandomForestClassifier,safe_w200,2025-12-12T08:54:25,predict_next_joint,0.0,-200.0,200.0,0.0
2025-12-12,695,695,6,9,5,0.0,RandomForestClassifier,safe_w200,2025-12-12T08:54:25,predict_next_joint,0.0,-200.0,200.0,0.0
2025-12-12,694,694,6,9,4,0.0,RandomForestClassifier,safe_w200,2025-12-12T08:54:25,predict_next_joint,0.0,-200.0,200.0,0.0
2025-12-12,691,691,6,9,1,0.0,RandomForestClassifier,safe_w200,2025-12-12T08:54:25,predict_next_joint,0.0,-200.0,200.0,0.0
2025-12-12,690,690,6,9,0,0.0,RandomForestClassifier,safe_w200,2025-12-12T08:54:25,predict_next_joint,0.0,-200.0,200.0,0.0
2025-12-12,689,689,6,8,9,0.0,RandomForestClassifier,safe_w200,2025-12-12T08:54:25,predict_next_joint,0.0,-200.0,200.0,0.0
2025-12-12,80,80,0,8,0,0.0,RandomForestClassifier,safe_w200,2025-12-12T08:54:25,predict_next_joint,0.0,-200.0,200.0,0.0
2025-12-12,79,79,0,7,9,0.0,RandomForestClassifier,safe_w200,2025-12-12T08:54:25,predict_next_joint,0.0,-200.0,200.0,0.0
2025-12-12,78,78,0,7,8,0.0,RandomForestClassifier,safe_w200,2025-12-12T08:54:25,predict_next_joint,0.0,-200.0,200.0,0.0
2025-12-12,77,77,0,7,7,0.0,RandomForestClassifier,safe_w200,2025-12-12T08:54:25,predict_next_joint,0.0,-200.0,200.0,0.0
2025-12-12,74,74,0,7,4,0.0,RandomForestClassifier,safe_w200,2025-12-12T08:54:25,predict_next_joint,0.0,-200.0,200.0,0.0
2025-12-12,73,73,0,7,3,0.0,RandomForestClassifier,safe_w200,2025-12-12T08:54:25,predict_next_joint,0.0,-200.0,200.0,0.0
2025-12-12,71,71,0,7,1,0.0,RandomForestClassifier,safe_w200,2025-12-12T08:54:25,predict_next_joint,0.0,-200.0,200.0,0.0
2025-12-12,70,70,0,7,0,0.0,RandomForestClassifier,safe_w200,2025-12-12T08:54:25,predict_next_joint,0.0,-200.0,200.0,0.0
2025-12-12,67,67,0,6,7,0.0,RandomForestClassifier,safe_w200,2025-12-12T08:54:25,predict_next_joint,0.0,-200.0,200.0,0.0
2025-12-12,66,66,0,6,6,0.0,RandomForestClassifier,safe_w200,2025-12-12T08:54:25,predict_next_joint,0.0,-200.0,200.0,0.0
2025-12-12,65,65,0,6,5,0.0,RandomForestClassifier,safe_w200,2025-12-12T08:54:25,predict_next_joint,0.0,-200.0,200.0,0.0
2025-12-12,717,717,7,1,7,0.0,RandomForestClassifier,safe_w200,2025-12-12T08:54:25,predict_next_joint,0.0,-200.0,200.0,0.0
2025-12-12,716,716,7,1,6,0.0,RandomForestClassifier,safe_w200,2025-12-12T08:54:25,predict_next_joint,0.0,-200.0,200.0,0.0
2025-12-12,715,715,7,1,5,0.0,RandomForestClassifier,safe_w200,2025-12-12T08:54:25,predict_next_joint,0.0,-200.0,200.0,0.0
2025-12-12,714,714,7,1,4,0.0,RandomForestClassifier,safe_w200,2025-12-12T08:54:25,predict_next_joint,0.0,-200.0,200.0,0.0
2025-12-12,713,713,7,1,3,0.0,RandomForestClassifier,safe_w200,2025-12-12T08:54:25,predict_next_joint,0.0,-200.0,200.0,0.0
2025-12-12,712,712,7,1,2,0.0,RandomForestClassifier,safe_w200,2025-12-12T08:54:25,predict_next_joint,0.0,-200.0,200.0,0.0
2025-12-12,711,711,7,1,1,0.0,RandomForestClassifier,safe_w200,2025-12-12T08:54:25,predict_next_joint,0.0,-200.0,200.0,0.0
2025-12-12,710,710,7,1,0,0.0,RandomForestClassifier,safe_w200,2025-12-12T08:54:25,predict_next_joint,0.0,-200.0,200.0,0.0
2025-12-12,709,709,7,0,9,0.0,RandomForestClassifier,safe_w200,2025-12-12T08:54:25,predict_next_joint,0.0,-200.0,200.0,0.0
2025-12-12,707,707,7,0,7,0.0,RandomForestClassifier,safe_w200,2025-12-12T08:54:25,predict_next_joint,0.0,-200.0,200.0,0.0
2025-12-12,706,706,7,0,6,0.0,RandomForestClassifier,safe_w200,2025-12-12T08:54:25,predict_next_joint,0.0,-200.0,200.0,0.0
2025-12-12,705,705,7,0,5,0.0,RandomForestClassifier,safe_w200,2025-12-12T08:54:25,predict_next_joint,0.0,-200.0,200.0,0.0
2025-12-12,736,736,7,3,6,0.0,RandomForestClassifier,safe_w200,2025-12-12T08:54:25,predict_next_joint,0.0,-200.0,200.0,0.0
2025-12-12,735,735,7,3,5,0.0,RandomForestClassifier,safe_w200,2025-12-12T08:54:25,predict_next_joint,0.0,-200.0,200.0,0.0
2025-12-12,734,734,7,3,4,0.0,RandomForestClassifier,safe_w200,2025-12-12T08:54:25,predict_next_joint,0.0,-200.0,200.0,0.0
2025-12-12,733,733,7,3,3,0.0,RandomForestClassifier,safe_w200,2025-12-12T08:54:25,predict_next_joint,0.0,-200.0,200.0,0.0
2025-12-12,732,732,7,3,2,0.0,RandomForestClassifier,safe_w200,2025-12-12T08:54:25,predict_next_joint,0.0,-200.0,200.0,0.0
2025-12-12,731,731,7,3,1,0.0,RandomForestClassifier,safe_w200,2025-12-12T08:54:25,predict_next_joint,0.0,-200.0,200.0,0.0
2025-12-12,730,730,7,3,0,0.0,RandomForestClassifier,safe_w200,2025-12-12T08:54:25,predict_next_joint,0.0,-200.0,200.0,0.0
2025-12-12,728,728,7,2,8,0.0,RandomForestClassifier,safe_w200,2025-12-12T08:54:25,predict_next_joint,0.0,-200.0,200.0,0.0
2025-12-12,727,727,7,2,7,0.0,RandomForestClassifier,safe_w200,2025-12-12T08:54:25,predict_next_joint,0.0,-200.0,200.0,0.0
2025-12-12,726,726,7,2,6,0.0,RandomForestClassifier,safe_w200,2025-12-12T08:54:25,predict_next_joint,0.0,-200.0,200.0,0.0
2025-12-12,724,724,7,2,4,0.0,RandomForestClassifier,safe_w200,2025-12-12T08:54:25,predict_next_joint,0.0,-200.0,200.0,0.0
2025-12-12,723,723,7,2,3,0.0,RandomForestClassifier,safe_w200,2025-12-12T08:54:25,predict_next_joint,0.0,-200.0,200.0,0.0
2025-12-12,722,722,7,2,2,0.0,RandomForestClassifier,safe_w200,2025-12-12T08:54:25,predict_next_joint,0.0,-200.0,200.0,0.0
2025-12-12,721,721,7,2,1,0.0,RandomForestClassifier,safe_w200,2025-12-12T08:54:25,predict_next_joint,0.0,-200.0,200.0,0.0
2025-12-12,751,751,7,5,1,0.0,RandomForestClassifier,safe_w200,2025-12-12T08:54:25,predict_next_joint,0.0,-200.0,200.0,0.0
2025-12-12,750,750,7,5,0,0.0,RandomForestClassifier,safe_w200,2025-12-12T08:54:25,predict_next_joint,0.0,-200.0,200.0,0.0
2025-12-12,749,749,7,4,9,0.0,RandomForestClassifier,safe_w200,2025-12-12T08:54:25,predict_next_joint,0.0,-200.0,200.0,0.0
2025-12-12,747,747,7,4,7,0.0,RandomForestClassifier,safe_w200,2025-12-12T08:54:25,predict_next_joint,0.0,-200.0,200.0,0.0
2025-12-12,745,745,7,4,5,0.0,RandomForestClassifier,safe_w200,2025-12-12T08:54:25,predict_next_joint,0.0,-200.0,200.0,0.0
2025-12-12,744,744,7,4,4,0.0,RandomForestClassifier,safe_w200,2025-12-12T08:54:25,predict_next_joint,0.0,-200.0,200.0,0.0
2025-12-12,743,743,7,4,3,0.0,RandomForestClassifier,safe_w200,2025-12-12T08:54:25,predict_next_joint,0.0,-200.0,200.0,0.0
2025-12-12,742,742,7,4,2,0.0,RandomForestClassifier,safe_w200,2025-12-12T08:54:25,predict_next_joint,0.0,-200.0,200.0,0.0
2025-12-12,740,740,7,4,0,0.0,RandomForestClassifier,safe_w200,2025-12-12T08:54:25,predict_next_joint,0.0,-200.0,200.0,0.0
2025-12-12,738,738,7,3,8,0.0,RandomForestClassifier,safe_w200,2025-12-12T08:54:25,predict_next_joint,0.0,-200.0,200.0,0.0
2025-12-12,737,737,7,3,7,0.0,RandomForestClassifier,safe_w200,2025-12-12T08:54:25,predict_next_joint,0.0,-200.0,200.0,0.0
2025-12-12,768,768,7,6,8,0.0,RandomForestClassifier,safe_w200,2025-12-12T08:54:25,predict_next_joint,0.0,-200.0,200.0,0.0
2025-12-12,767,767,7,6,7,0.0,RandomForestClassifier,safe_w200,2025-12-12T08:54:25,predict_next_joint,0.0,-200.0,200.0,0.0
2025-12-12,766,766,7,6,6,0.0,RandomForestClassifier,safe_w200,2025-12-12T08:54:25,predict_next_joint,0.0,-200.0,200.0,0.0
2025-12-12,765,765,7,6,5,0.0,RandomForestClassifier,safe_w200,2025-12-12T08:54:25,predict_next_joint,0.0,-200.0,200.0,0.0
2025-12-12,763,763,7,6,3,0.0,RandomForestClassifier,safe_w200,2025-12-12T08:54:25,predict_next_joint,0.0,-200.0,200.0,0.0
2025-12-12,762,762,7,6,2,0.0,RandomForestClassifier,safe_w200,2025-12-12T08:54:25,predict_next_joint,0.0,-200.0,200.0,0.0
2025-12-12,761,761,7,6,1,0.0,RandomForestClassifier,safe_w200,2025-12-12T08:54:25,predict_next_joint,0.0,-200.0,200.0,0.0
2025-12-12,760,760,7,6,0,0.0,RandomForestClassifier,safe_w200,2025-12-12T08:54:25,predict_next_joint,0.0,-200.0,200.0,0.0
2025-12-12,759,759,7,5,9,0.0,RandomForestClassifier,safe_w200,2025-12-12T08:54:25,predict_next_joint,0.0,-200.0,200.0,0.0
2025-12-12,758,758,7,5,8,0.0,RandomForestClassifier,safe_w200,2025-12-12T08:54:25,predict_next_joint,0.0,-200.0,200.0,0.0
2025-12-12,757,757,7,5,7,0.0,RandomForestClassifier,safe_w200,2025-12-12T08:54:25,predict_next_joint,0.0,-200.0,200.0,0.0
2025-12-12,756,756,7,5,6,0.0,RandomForestClassifier,safe_w200,2025-12-12T08:54:25,predict_next_joint,0.0,-200.0,200.0,0.0
2025-12-12,755,755,7,5,5,0.0,RandomForestClassifier,safe_w200,2025-12-12T08:54:25,predict_next_joint,0.0,-200.0,200.0,0.0
2025-12-12,754,754,7,5,4,0.0,RandomForestClassifier,safe_w200,2025-12-12T08:54:25,predict_next_joint,0.0,-200.0,200.0,0.0
2025-12-12,753,753,7,5,3,0.0,RandomForestClassifier,safe_w200,2025-12-12T08:54:25,predict_next_joint,0.0,-200.0,200.0,0.0
2025-12-12,784,784,7,8,4,0.0,RandomForestClassifier,safe_w200,2025-12-12T08:54:25,predict_next_joint,0.0,-200.0,200.0,0.0
2025-12-12,783,783,7,8,3,0.0,RandomForestClassifier,safe_w200,2025-12-12T08:54:25,predict_next_joint,0.0,-200.0,200.0,0.0
2025-12-12,782,782,7,8,2,0.0,RandomForestClassifier,safe_w200,2025-12-12T08:54:25,predict_next_joint,0.0,-200.0,200.0,0.0
2025-12-12,781,781,7,8,1,0.0,RandomForestClassifier,safe_w200,2025-12-12T08:54:25,predict_next_joint,0.0,-200.0,200.0,0.0
2025-12-12,780,780,7,8,0,0.0,RandomForestClassifier,safe_w200,2025-12-12T08:54:25,predict_next_joint,0.0,-200.0,200.0,0.0
2025-12-12,779,779,7,7,9,0.0,RandomForestClassifier,safe_w200,2025-12-12T08:54:25,predict_next_joint,0.0,-200.0,200.0,0.0
2025-12-12,778,778,7,7,8,0.0,RandomForestClassifier,safe_w200,2025-12-12T08:54:25,predict_next_joint,0.0,-200.0,200.0,0.0
2025-12-12,777,777,7,7,7,0.0,RandomForestClassifier,safe_w200,2025-12-12T08:54:25,predict_next_joint,0.0,-200.0,200.0,0.0
2025-12-12,776,776,7,7,6,0.0,RandomForestClassifier,safe_w200,2025-12-12T08:54:25,predict_next_joint,0.0,-200.0,200.0,0.0
2025-12-12,775,775,7,7,5,0.0,RandomForestClassifier,safe_w200,2025-12-12T08:54:25,predict_next_joint,0.0,-200.0,200.0,0.0
2025-12-12,774,774,7,7,4,0.0,RandomForestClassifier,safe_w200,2025-12-12T08:54:25,predict_next_joint,0.0,-200.0,200.0,0.0
2025-12-12,773,773,7,7,3,0.0,RandomForestClassifier,safe_w200,2025-12-12T08:54:25,predict_next_joint,0.0,-200.0,200.0,0.0
2025-12-12,772,772,7,7,2,0.0,RandomForestClassifier,safe_w200,2025-12-12T08:54:25,predict_next_joint,0.0,-200.0,200.0,0.0
2025-12-12,771,771,7,7,1,0.0,RandomForestClassifier,safe_w200,2025-12-12T08:54:25,predict_next_joint,0.0,-200.0,200.0,0.0
2025-12-12,770,770,7,7,0,0.0,RandomForestClassifier,safe_w200,2025-12-12T08:54:25,predict_next_joint,0.0,-200.0,200.0,0.0
2025-12-12,769,769,7,6,9,0.0,RandomForestClassifier,safe_w200,2025-12-12T08:54:25,predict_next_joint,0.0,-200.0,200.0,0.0
2025-12-12,800,800,8,0,0,0.0,RandomForestClassifier,safe_w200,2025-12-12T08:54:25,predict_next_joint,0.0,-200.0,200.0,0.0
2025-12-12,799,799,7,9,9,0.0,RandomForestClassifier,safe_w200,2025-12-12T08:54:25,predict_next_joint,0.0,-200.0,200.0,0.0
2025-12-12,798,798,7,9,8,0.0,RandomForestClassifier,safe_w200,2025-12-12T08:54:25,predict_next_joint,0.0,-200.0,200.0,0.0
2025-12-12,797,797,7,9,7,0.0,RandomForestClassifier,safe_w200,2025-12-12T08:54:25,predict_next_joint,0.0,-200.0,200.0,0.0
2025-12-12,795,795,7,9,5,0.0,RandomForestClassifier,safe_w200,2025-12-12T08:54:25,predict_next_joint,0.0,-200.0,200.0,0.0
2025-12-12,794,794,7,9,4,0.0,RandomForestClassifier,safe_w200,2025-12-12T08:54:25,predict_next_joint,0.0,-200.0,200.0,0.0
2025-12-12,793,793,7,9,3,0.0,RandomForestClassifier,safe_w200,2025-12-12T08:54:25,predict_next_joint,0.0,-200.0,200.0,0.0
2025-12-12,792,792,7,9,2,0.0,RandomForestClassifier,safe_w200,2025-12-12T08:54:25,predict_next_joint,0.0,-200.0,200.0,0.0
2025-12-12,791,791,7,9,1,0.0,RandomForestClassifier,safe_w200,2025-12-12T08:54:25,predict_next_joint,0.0,-200.0,200.0,0.0
2025-12-12,790,790,7,9,0,0.0,RandomForestClassifier,safe_w200,2025-12-12T08:54:25,predict_next_joint,0.0,-200.0,200.0,0.0
2025-12-12,789,789,7,8,9,0.0,RandomForestClassifier,safe_w200,2025-12-12T08:54:25,predict_next_joint,0.0,-200.0,200.0,0.0
2025-12-12,788,788,7,8,8,0.0,RandomForestClassifier,safe_w200,2025-12-12T08:54:25,predict_next_joint,0.0,-200.0,200.0,0.0
2025-12-12,787,787,7,8,7,0.0,RandomForestClassifier,safe_w200,2025-12-12T08:54:25,predict_next_joint,0.0,-200.0,200.0,0.0
2025-12-12,786,786,7,8,6,0.0,RandomForestClassifier,safe_w200,2025-12-12T08:54:25,predict_next_joint,0.0,-200.0,200.0,0.0
2025-12-12,785,785,7,8,5,0.0,RandomForestClassifier,safe_w200,2025-12-12T08:54:25,predict_next_joint,0.0,-200.0,200.0,0.0
2025-12-12,63,63,0,6,3,0.0,RandomForestClassifier,safe_w200,2025-12-12T08:54:25,predict_next_joint,0.0,-200.0,200.0,0.0
2025-12-12,62,62,0,6,2,0.0,RandomForestClassifier,safe_w200,2025-12-12T08:54:25,predict_next_joint,0.0,-200.0,200.0,0.0
2025-12-12,61,61,0,6,1,0.0,RandomForestClassifier,safe_w200,2025-12-12T08:54:25,predict_next_joint,0.0,-200.0,200.0,0.0
2025-12-12,60,60,0,6,0,0.0,RandomForestClassifier,safe_w200,2025-12-12T08:54:25,predict_next_joint,0.0,-200.0,200.0,0.0
2025-12-12,59,59,0,5,9,0.0,RandomForestClassifier,safe_w200,2025-12-12T08:54:25,predict_next_joint,0.0,-200.0,200.0,0.0
2025-12-12,58,58,0,5,8,0.0,RandomForestClassifier,safe_w200,2025-12-12T08:54:25,predict_next_joint,0.0,-200.0,200.0,0.0
2025-12-12,57,57,0,5,7,0.0,RandomForestClassifier,safe_w200,2025-12-12T08:54:25,predict_next_joint,0.0,-200.0,200.0,0.0
2025-12-12,56,56,0,5,6,0.0,RandomForestClassifier,safe_w200,2025-12-12T08:54:25,predict_next_joint,0.0,-200.0,200.0,0.0
2025-12-12,55,55,0,5,5,0.0,RandomForestClassifier,safe_w200,2025-12-12T08:54:25,predict_next_joint,0.0,-200.0,200.0,0.0
2025-12-12,54,54,0,5,4,0.0,RandomForestClassifier,safe_w200,2025-12-12T08:54:25,predict_next_joint,0.0,-200.0,200.0,0.0
2025-12-12,53,53,0,5,3,0.0,RandomForestClassifier,safe_w200,2025-12-12T08:54:25,predict_next_joint,0.0,-200.0,200.0,0.0
2025-12-12,51,51,0,5,1,0.0,RandomForestClassifier,safe_w200,2025-12-12T08:54:25,predict_next_joint,0.0,-200.0,200.0,0.0
2025-12-12,50,50,0,5,0,0.0,RandomForestClassifier,safe_w200,2025-12-12T08:54:25,predict_next_joint,0.0,-200.0,200.0,0.0
2025-12-12,816,816,8,1,6,0.0,RandomForestClassifier,safe_w200,2025-12-12T08:54:25,predict_next_joint,0.0,-200.0,200.0,0.0
2025-12-12,815,815,8,1,5,0.0,RandomForestClassifier,safe_w200,2025-12-12T08:54:25,predict_next_joint,0.0,-200.0,200.0,0.0
2025-12-12,814,814,8,1,4,0.0,RandomForestClassifier,safe_w200,2025-12-12T08:54:25,predict_next_joint,0.0,-200.0,200.0,0.0
2025-12-12,813,813,8,1,3,0.0,RandomForestClassifier,safe_w200,2025-12-12T08:54:25,predict_next_joint,0.0,-200.0,200.0,0.0
2025-12-12,812,812,8,1,2,0.0,RandomForestClassifier,safe_w200,2025-12-12T08:54:25,predict_next_joint,0.0,-200.0,200.0,0.0
2025-12-12,811,811,8,1,1,0.0,RandomForestClassifier,safe_w200,2025-12-12T08:54:25,predict_next_joint,0.0,-200.0,200.0,0.0
2025-12-12,810,810,8,1,0,0.0,RandomForestClassifier,safe_w200,2025-12-12T08:54:25,predict_next_joint,0.0,-200.0,200.0,0.0
2025-12-12,808,808,8,0,8,0.0,RandomForestClassifier,safe_w200,2025-12-12T08:54:25,predict_next_joint,0.0,-200.0,200.0,0.0
2025-12-12,807,807,8,0,7,0.0,RandomForestClassifier,safe_w200,2025-12-12T08:54:25,predict_next_joint,0.0,-200.0,200.0,0.0
2025-12-12,806,806,8,0,6,0.0,RandomForestClassifier,safe_w200,2025-12-12T08:54:25,predict_next_joint,0.0,-200.0,200.0,0.0
2025-12-12,804,804,8,0,4,0.0,RandomForestClassifier,safe_w200,2025-12-12T08:54:25,predict_next_joint,0.0,-200.0,200.0,0.0
2025-12-12,803,803,8,0,3,0.0,RandomForestClassifier,safe_w200,2025-12-12T08:54:25,predict_next_joint,0.0,-200.0,200.0,0.0
2025-12-12,802,802,8,0,2,0.0,RandomForestClassifier,safe_w200,2025-12-12T08:54:25,predict_next_joint,0.0,-200.0,200.0,0.0
2025-12-12,832,832,8,3,2,0.0,RandomForestClassifier,safe_w200,2025-12-12T08:54:25,predict_next_joint,0.0,-200.0,200.0,0.0
2025-12-12,831,831,8,3,1,0.0,RandomForestClassifier,safe_w200,2025-12-12T08:54:25,predict_next_joint,0.0,-200.0,200.0,0.0
2025-12-12,830,830,8,3,0,0.0,RandomForestClassifier,safe_w200,2025-12-12T08:54:25,predict_next_joint,0.0,-200.0,200.0,0.0
2025-12-12,829,829,8,2,9,0.0,RandomForestClassifier,safe_w200,2025-12-12T08:54:25,predict_next_joint,0.0,-200.0,200.0,0.0
2025-12-12,828,828,8,2,8,0.0,RandomForestClassifier,safe_w200,2025-12-12T08:54:25,predict_next_joint,0.0,-200.0,200.0,0.0
2025-12-12,826,826,8,2,6,0.0,RandomForestClassifier,safe_w200,2025-12-12T08:54:25,predict_next_joint,0.0,-200.0,200.0,0.0
2025-12-12,825,825,8,2,5,0.0,RandomForestClassifier,safe_w200,2025-12-12T08:54:25,predict_next_joint,0.0,-200.0,200.0,0.0
2025-12-12,824,824,8,2,4,0.0,RandomForestClassifier,safe_w200,2025-12-12T08:54:25,predict_next_joint,0.0,-200.0,200.0,0.0
2025-12-12,822,822,8,2,2,0.0,RandomForestClassifier,safe_w200,2025-12-12T08:54:25,predict_next_joint,0.0,-200.0,200.0,0.0
2025-12-12,821,821,8,2,1,0.0,RandomForestClassifier,safe_w200,2025-12-12T08:54:25,predict_next_joint,0.0,-200.0,200.0,0.0
2025-12-12,820,820,8,2,0,0.0,RandomForestClassifier,safe_w200,2025-12-12T08:54:25,predict_next_joint,0.0,-200.0,200.0,0.0
2025-12-12,819,819,8,1,9,0.0,RandomForestClassifier,safe_w200,2025-12-12T08:54:25,predict_next_joint,0.0,-200.0,200.0,0.0
2025-12-12,818,818,8,1,8,0.0,RandomForestClassifier,safe_w200,2025-12-12T08:54:25,predict_next_joint,0.0,-200.0,200.0,0.0
2025-12-12,817,817,8,1,7,0.0,RandomForestClassifier,safe_w200,2025-12-12T08:54:25,predict_next_joint,0.0,-200.0,200.0,0.0
2025-12-12,848,848,8,4,8,0.0,RandomForestClassifier,safe_w200,2025-12-12T08:54:25,predict_next_joint,0.0,-200.0,200.0,0.0
2025-12-12,847,847,8,4,7,0.0,RandomForestClassifier,safe_w200,2025-12-12T08:54:25,predict_next_joint,0.0,-200.0,200.0,0.0
2025-12-12,846,846,8,4,6,0.0,RandomForestClassifier,safe_w200,2025-12-12T08:54:25,predict_next_joint,0.0,-200.0,200.0,0.0
2025-12-12,845,845,8,4,5,0.0,RandomForestClassifier,safe_w200,2025-12-12T08:54:25,predict_next_joint,0.0,-200.0,200.0,0.0
2025-12-12,844,844,8,4,4,0.0,RandomForestClassifier,safe_w200,2025-12-12T08:54:25,predict_next_joint,0.0,-200.0,200.0,0.0
2025-12-12,843,843,8,4,3,0.0,RandomForestClassifier,safe_w200,2025-12-12T08:54:25,predict_next_joint,0.0,-200.0,200.0,0.0
2025-12-12,842,842,8,4,2,0.0,RandomForestClassifier,safe_w200,2025-12-12T08:54:25,predict_next_joint,0.0,-200.0,200.0,0.0
2025-12-12,840,840,8,4,0,0.0,RandomForestClassifier,safe_w200,2025-12-12T08:54:25,predict_next_joint,0.0,-200.0,200.0,0.0
2025-12-12,839,839,8,3,9,0.0,RandomForestClassifier,safe_w200,2025-12-12T08:54:25,predict_next_joint,0.0,-200.0,200.0,0.0
2025-12-12,838,838,8,3,8,0.0,RandomForestClassifier,safe_w200,2025-12-12T08:54:25,predict_next_joint,0.0,-200.0,200.0,0.0
2025-12-12,837,837,8,3,7,0.0,RandomForestClassifier,safe_w200,2025-12-12T08:54:25,predict_next_joint,0.0,-200.0,200.0,0.0
2025-12-12,836,836,8,3,6,0.0,RandomForestClassifier,safe_w200,2025-12-12T08:54:25,predict_next_joint,0.0,-200.0,200.0,0.0
2025-12-12,835,835,8,3,5,0.0,RandomForestClassifier,safe_w200,2025-12-12T08:54:25,predict_next_joint,0.0,-200.0,200.0,0.0
2025-12-12,834,834,8,3,4,0.0,RandomForestClassifier,safe_w200,2025-12-12T08:54:25,predict_next_joint,0.0,-200.0,200.0,0.0
2025-12-12,833,833,8,3,3,0.0,RandomForestClassifier,safe_w200,2025-12-12T08:54:25,predict_next_joint,0.0,-200.0,200.0,0.0
2025-12-12,864,864,8,6,4,0.0,RandomForestClassifier,safe_w200,2025-12-12T08:54:25,predict_next_joint,0.0,-200.0,200.0,0.0
2025-12-12,863,863,8,6,3,0.0,RandomForestClassifier,safe_w200,2025-12-12T08:54:25,predict_next_joint,0.0,-200.0,200.0,0.0
2025-12-12,862,862,8,6,2,0.0,RandomForestClassifier,safe_w200,2025-12-12T08:54:25,predict_next_joint,0.0,-200.0,200.0,0.0
2025-12-12,861,861,8,6,1,0.0,RandomForestClassifier,safe_w200,2025-12-12T08:54:25,predict_next_joint,0.0,-200.0,200.0,0.0
2025-12-12,860,860,8,6,0,0.0,RandomForestClassifier,safe_w200,2025-12-12T08:54:25,predict_next_joint,0.0,-200.0,200.0,0.0
2025-12-12,859,859,8,5,9,0.0,RandomForestClassifier,safe_w200,2025-12-12T08:54:25,predict_next_joint,0.0,-200.0,200.0,0.0
2025-12-12,858,858,8,5,8,0.0,RandomForestClassifier,safe_w200,2025-12-12T08:54:25,predict_next_joint,0.0,-200.0,200.0,0.0
2025-12-12,857,857,8,5,7,0.0,RandomForestClassifier,safe_w200,2025-12-12T08:54:25,predict_next_joint,0.0,-200.0,200.0,0.0
2025-12-12,855,855,8,5,5,0.0,RandomForestClassifier,safe_w200,2025-12-12T08:54:25,predict_next_joint,0.0,-200.0,200.0,0.0
2025-12-12,854,854,8,5,4,0.0,RandomForestClassifier,safe_w200,2025-12-12T08:54:25,predict_next_joint,0.0,-200.0,200.0,0.0
2025-12-12,853,853,8,5,3,0.0,RandomForestClassifier,safe_w200,2025-12-12T08:54:25,predict_next_joint,0.0,-200.0,200.0,0.0
2025-12-12,852,852,8,5,2,0.0,RandomForestClassifier,safe_w200,2025-12-12T08:54:25,predict_next_joint,0.0,-200.0,200.0,0.0
2025-12-12,851,851,8,5,1,0.0,RandomForestClassifier,safe_w200,2025-12-12T08:54:25,predict_next_joint,0.0,-200.0,200.0,0.0
2025-12-12,850,850,8,5,0,0.0,RandomForestClassifier,safe_w200,2025-12-12T08:54:25,predict_next_joint,0.0,-200.0,200.0,0.0
2025-12-12,880,880,8,8,0,0.0,RandomForestClassifier,safe_w200,2025-12-12T08:54:25,predict_next_joint,0.0,-200.0,200.0,0.0
2025-12-12,879,879,8,7,9,0.0,RandomForestClassifier,safe_w200,2025-12-12T08:54:25,predict_next_joint,0.0,-200.0,200.0,0.0
2025-12-12,878,878,8,7,8,0.0,RandomForestClassifier,safe_w200,2025-12-12T08:54:25,predict_next_joint,0.0,-200.0,200.0,0.0
2025-12-12,877,877,8,7,7,0.0,RandomForestClassifier,safe_w200,2025-12-12T08:54:25,predict_next_joint,0.0,-200.0,200.0,0.0
2025-12-12,876,876,8,7,6,0.0,RandomForestClassifier,safe_w200,2025-12-12T08:54:25,predict_next_joint,0.0,-200.0,200.0,0.0
2025-12-12,875,875,8,7,5,0.0,RandomForestClassifier,safe_w200,2025-12-12T08:54:25,predict_next_joint,0.0,-200.0,200.0,0.0
2025-12-12,874,874,8,7,4,0.0,RandomForestClassifier,safe_w200,2025-12-12T08:54:25,predict_next_joint,0.0,-200.0,200.0,0.0
2025-12-12,872,872,8,7,2,0.0,RandomForestClassifier,safe_w200,2025-12-12T08:54:25,predict_next_joint,0.0,-200.0,200.0,0.0
2025-12-12,871,871,8,7,1,0.0,RandomForestClassifier,safe_w200,2025-12-12T08:54:25,predict_next_joint,0.0,-200.0,200.0,0.0
2025-12-12,869,869,8,6,9,0.0,RandomForestClassifier,safe_w200,2025-12-12T08:54:25,predict_next_joint,0.0,-200.0,200.0,0.0
2025-12-12,868,868,8,6,8,0.0,RandomForestClassifier,safe_w200,2025-12-12T08:54:25,predict_next_joint,0.0,-200.0,200.0,0.0
2025-12-12,867,867,8,6,7,0.0,RandomForestClassifier,safe_w200,2025-12-12T08:54:25,predict_next_joint,0.0,-200.0,200.0,0.0
2025-12-12,866,866,8,6,6,0.0,RandomForestClassifier,safe_w200,2025-12-12T08:54:25,predict_next_joint,0.0,-200.0,200.0,0.0
2025-12-12,865,865,8,6,5,0.0,RandomForestClassifier,safe_w200,2025-12-12T08:54:25,predict_next_joint,0.0,-200.0,200.0,0.0
2025-12-12,896,896,8,9,6,0.0,RandomForestClassifier,safe_w200,2025-12-12T08:54:25,predict_next_joint,0.0,-200.0,200.0,0.0
2025-12-12,895,895,8,9,5,0.0,RandomForestClassifier,safe_w200,2025-12-12T08:54:25,predict_next_joint,0.0,-200.0,200.0,0.0
2025-12-12,894,894,8,9,4,0.0,RandomForestClassifier,safe_w200,2025-12-12T08:54:25,predict_next_joint,0.0,-200.0,200.0,0.0
2025-12-12,893,893,8,9,3,0.0,RandomForestClassifier,safe_w200,2025-12-12T08:54:25,predict_next_joint,0.0,-200.0,200.0,0.0
2025-12-12,892,892,8,9,2,0.0,RandomForestClassifier,safe_w200,2025-12-12T08:54:25,predict_next_joint,0.0,-200.0,200.0,0.0
2025-12-12,890,890,8,9,0,0.0,RandomForestClassifier,safe_w200,2025-12-12T08:54:25,predict_next_joint,0.0,-200.0,200.0,0.0
2025-12-12,889,889,8,8,9,0.0,RandomForestClassifier,safe_w200,2025-12-12T08:54:25,predict_next_joint,0.0,-200.0,200.0,0.0
2025-12-12,888,888,8,8,8,0.0,RandomForestClassifier,safe_w200,2025-12-12T08:54:25,predict_next_joint,0.0,-200.0,200.0,0.0
2025-12-12,887,887,8,8,7,0.0,RandomForestClassifier,safe_w200,2025-12-12T08:54:25,predict_next_joint,0.0,-200.0,200.0,0.0
2025-12-12,886,886,8,8,6,0.0,RandomForestClassifier,safe_w200,2025-12-12T08:54:25,predict_next_joint,0.0,-200.0,200.0,0.0
2025-12-12,885,885,8,8,5,0.0,RandomForestClassifier,safe_w200,2025-12-12T08:54:25,predict_next_joint,0.0,-200.0,200.0,0.0
2025-12-12,884,884,8,8,4,0.0,RandomForestClassifier,safe_w200,2025-12-12T08:54:25,predict_next_joint,0.0,-200.0,200.0,0.0
2025-12-12,883,883,8,8,3,0.0,RandomForestClassifier,safe_w200,2025-12-12T08:54:25,predict_next_joint,0.0,-200.0,200.0,0.0
2025-12-12,882,882,8,8,2,0.0,RandomForestClassifier,safe_w200,2025-12-12T08:54:25,predict_next_joint,0.0,-200.0,200.0,0.0
2025-12-12,881,881,8,8,1,0.0,RandomForestClassifier,safe_w200,2025-12-12T08:54:25,predict_next_joint,0.0,-200.0,200.0,0.0
2025-12-12,912,912,9,1,2,0.0,RandomForestClassifier,safe_w200,2025-12-12T08:54:25,predict_next_joint,0.0,-200.0,200.0,0.0
2025-12-12,911,911,9,1,1,0.0,RandomForestClassifier,safe_w200,2025-12-12T08:54:25,predict_next_joint,0.0,-200.0,200.0,0.0
2025-12-12,910,910,9,1,0,0.0,RandomForestClassifier,safe_w200,2025-12-12T08:54:25,predict_next_joint,0.0,-200.0,200.0,0.0
2025-12-12,909,909,9,0,9,0.0,RandomForestClassifier,safe_w200,2025-12-12T08:54:25,predict_next_joint,0.0,-200.0,200.0,0.0
2025-12-12,907,907,9,0,7,0.0,RandomForestClassifier,safe_w200,2025-12-12T08:54:25,predict_next_joint,0.0,-200.0,200.0,0.0
2025-12-12,905,905,9,0,5,0.0,RandomForestClassifier,safe_w200,2025-12-12T08:54:25,predict_next_joint,0.0,-200.0,200.0,0.0
2025-12-12,904,904,9,0,4,0.0,RandomForestClassifier,safe_w200,2025-12-12T08:54:25,predict_next_joint,0.0,-200.0,200.0,0.0
2025-12-12,903,903,9,0,3,0.0,RandomForestClassifier,safe_w200,2025-12-12T08:54:25,predict_next_joint,0.0,-200.0,200.0,0.0
2025-12-12,901,901,9,0,1,0.0,RandomForestClassifier,safe_w200,2025-12-12T08:54:25,predict_next_joint,0.0,-200.0,200.0,0.0
2025-12-12,900,900,9,0,0,0.0,RandomForestClassifier,safe_w200,2025-12-12T08:54:25,predict_next_joint,0.0,-200.0,200.0,0.0
2025-12-12,899,899,8,9,9,0.0,RandomForestClassifier,safe_w200,2025-12-12T08:54:25,predict_next_joint,0.0,-200.0,200.0,0.0
2025-12-12,898,898,8,9,8,0.0,RandomForestClassifier,safe_w200,2025-12-12T08:54:25,predict_next_joint,0.0,-200.0,200.0,0.0
2025-12-12,897,897,8,9,7,0.0,RandomForestClassifier,safe_w200,2025-12-12T08:54:25,predict_next_joint,0.0,-200.0,200.0,0.0
2025-12-12,48,48,0,4,8,0.0,RandomForestClassifier,safe_w200,2025-12-12T08:54:25,predict_next_joint,0.0,-200.0,200.0,0.0
2025-12-12,47,47,0,4,7,0.0,RandomForestClassifier,safe_w200,2025-12-12T08:54:25,predict_next_joint,0.0,-200.0,200.0,0.0
2025-12-12,46,46,0,4,6,0.0,RandomForestClassifier,safe_w200,2025-12-12T08:54:25,predict_next_joint,0.0,-200.0,200.0,0.0
2025-12-12,45,45,0,4,5,0.0,RandomForestClassifier,safe_w200,2025-12-12T08:54:25,predict_next_joint,0.0,-200.0,200.0,0.0
2025-12-12,44,44,0,4,4,0.0,RandomForestClassifier,safe_w200,2025-12-12T08:54:25,predict_next_joint,0.0,-200.0,200.0,0.0
2025-12-12,43,43,0,4,3,0.0,RandomForestClassifier,safe_w200,2025-12-12T08:54:25,predict_next_joint,0.0,-200.0,200.0,0.0
2025-12-12,42,42,0,4,2,0.0,RandomForestClassifier,safe_w200,2025-12-12T08:54:25,predict_next_joint,0.0,-200.0,200.0,0.0
2025-12-12,40,40,0,4,0,0.0,RandomForestClassifier,safe_w200,2025-12-12T08:54:25,predict_next_joint,0.0,-200.0,200.0,0.0
2025-12-12,39,39,0,3,9,0.0,RandomForestClassifier,safe_w200,2025-12-12T08:54:25,predict_next_joint,0.0,-200.0,200.0,0.0
2025-12-12,37,37,0,3,7,0.0,RandomForestClassifier,safe_w200,2025-12-12T08:54:25,predict_next_joint,0.0,-200.0,200.0,0.0
2025-12-12,36,36,0,3,6,0.0,RandomForestClassifier,safe_w200,2025-12-12T08:54:25,predict_next_joint,0.0,-200.0,200.0,0.0
2025-12-12,35,35,0,3,5,0.0,RandomForestClassifier,safe_w200,2025-12-12T08:54:25,predict_next_joint,0.0,-200.0,200.0,0.0
2025-12-12,34,34,0,3,4,0.0,RandomForestClassifier,safe_w200,2025-12-12T08:54:25,predict_next_joint,0.0,-200.0,200.0,0.0
2025-12-12,928,928,9,2,8,0.0,RandomForestClassifier,safe_w200,2025-12-12T08:54:25,predict_next_joint,0.0,-200.0,200.0,0.0
2025-12-12,927,927,9,2,7,0.0,RandomForestClassifier,safe_w200,2025-12-12T08:54:25,predict_next_joint,0.0,-200.0,200.0,0.0
2025-12-12,926,926,9,2,6,0.0,RandomForestClassifier,safe_w200,2025-12-12T08:54:25,predict_next_joint,0.0,-200.0,200.0,0.0
2025-12-12,924,924,9,2,4,0.0,RandomForestClassifier,safe_w200,2025-12-12T08:54:25,predict_next_joint,0.0,-200.0,200.0,0.0
2025-12-12,923,923,9,2,3,0.0,RandomForestClassifier,safe_w200,2025-12-12T08:54:25,predict_next_joint,0.0,-200.0,200.0,0.0
2025-12-12,922,922,9,2,2,0.0,RandomForestClassifier,safe_w200,2025-12-12T08:54:25,predict_next_joint,0.0,-200.0,200.0,0.0
2025-12-12,921,921,9,2,1,0.0,RandomForestClassifier,safe_w200,2025-12-12T08:54:25,predict_next_joint,0.0,-200.0,200.0,0.0
2025-12-12,920,920,9,2,0,0.0,RandomForestClassifier,safe_w200,2025-12-12T08:54:25,predict_next_joint,0.0,-200.0,200.0,0.0
2025-12-12,919,919,9,1,9,0.0,RandomForestClassifier,safe_w200,2025-12-12T08:54:25,predict_next_joint,0.0,-200.0,200.0,0.0
2025-12-12,917,917,9,1,7,0.0,RandomForestClassifier,safe_w200,2025-12-12T08:54:25,predict_next_joint,0.0,-200.0,200.0,0.0
2025-12-12,916,916,9,1,6,0.0,RandomForestClassifier,safe_w200,2025-12-12T08:54:25,predict_next_joint,0.0,-200.0,200.0,0.0
2025-12-12,915,915,9,1,5,0.0,RandomForestClassifier,safe_w200,2025-12-12T08:54:25,predict_next_joint,0.0,-200.0,200.0,0.0
2025-12-12,914,914,9,1,4,0.0,RandomForestClassifier,safe_w200,2025-12-12T08:54:25,predict_next_joint,0.0,-200.0,200.0,0.0
2025-12-12,913,913,9,1,3,0.0,RandomForestClassifier,safe_w200,2025-12-12T08:54:25,predict_next_joint,0.0,-200.0,200.0,0.0
2025-12-12,944,944,9,4,4,0.0,RandomForestClassifier,safe_w200,2025-12-12T08:54:25,predict_next_joint,0.0,-200.0,200.0,0.0
2025-12-12,943,943,9,4,3,0.0,RandomForestClassifier,safe_w200,2025-12-12T08:54:25,predict_next_joint,0.0,-200.0,200.0,0.0
2025-12-12,942,942,9,4,2,0.0,RandomForestClassifier,safe_w200,2025-12-12T08:54:25,predict_next_joint,0.0,-200.0,200.0,0.0
2025-12-12,941,941,9,4,1,0.0,RandomForestClassifier,safe_w200,2025-12-12T08:54:25,predict_next_joint,0.0,-200.0,200.0,0.0
2025-12-12,940,940,9,4,0,0.0,RandomForestClassifier,safe_w200,2025-12-12T08:54:25,predict_next_joint,0.0,-200.0,200.0,0.0
2025-12-12,939,939,9,3,9,0.0,RandomForestClassifier,safe_w200,2025-12-12T08:54:25,predict_next_joint,0.0,-200.0,200.0,0.0
2025-12-12,938,938,9,3,8,0.0,RandomForestClassifier,safe_w200,2025-12-12T08:54:25,predict_next_joint,0.0,-200.0,200.0,0.0
2025-12-12,937,937,9,3,7,0.0,RandomForestClassifier,safe_w200,2025-12-12T08:54:25,predict_next_joint,0.0,-200.0,200.0,0.0
2025-12-12,935,935,9,3,5,0.0,RandomForestClassifier,safe_w200,2025-12-12T08:54:25,predict_next_joint,0.0,-200.0,200.0,0.0
2025-12-12,934,934,9,3,4,0.0,RandomForestClassifier,safe_w200,2025-12-12T08:54:25,predict_next_joint,0.0,-200.0,200.0,0.0
2025-12-12,933,933,9,3,3,0.0,RandomForestClassifier,safe_w200,2025-12-12T08:54:25,predict_next_joint,0.0,-200.0,200.0,0.0
2025-12-12,932,932,9,3,2,0.0,RandomForestClassifier,safe_w200,2025-12-12T08:54:25,predict_next_joint,0.0,-200.0,200.0,0.0
2025-12-12,929,929,9,2,9,0.0,RandomForestClassifier,safe_w200,2025-12-12T08:54:25,predict_next_joint,0.0,-200.0,200.0,0.0
2025-12-12,960,960,9,6,0,0.0,RandomForestClassifier,safe_w200,2025-12-12T08:54:25,predict_next_joint,0.0,-200.0,200.0,0.0
2025-12-12,959,959,9,5,9,0.0,RandomForestClassifier,safe_w200,2025-12-12T08:54:25,predict_next_joint,0.0,-200.0,200.0,0.0
2025-12-12,956,956,9,5,6,0.0,RandomForestClassifier,safe_w200,2025-12-12T08:54:25,predict_next_joint,0.0,-200.0,200.0,0.0
2025-12-12,955,955,9,5,5,0.0,RandomForestClassifier,safe_w200,2025-12-12T08:54:25,predict_next_joint,0.0,-200.0,200.0,0.0
2025-12-12,954,954,9,5,4,0.0,RandomForestClassifier,safe_w200,2025-12-12T08:54:25,predict_next_joint,0.0,-200.0,200.0,0.0
2025-12-12,952,952,9,5,2,0.0,RandomForestClassifier,safe_w200,2025-12-12T08:54:25,predict_next_joint,0.0,-200.0,200.0,0.0
2025-12-12,951,951,9,5,1,0.0,RandomForestClassifier,safe_w200,2025-12-12T08:54:25,predict_next_joint,0.0,-200.0,200.0,0.0
2025-12-12,950,950,9,5,0,0.0,RandomForestClassifier,safe_w200,2025-12-12T08:54:25,predict_next_joint,0.0,-200.0,200.0,0.0
2025-12-12,949,949,9,4,9,0.0,RandomForestClassifier,safe_w200,2025-12-12T08:54:25,predict_next_joint,0.0,-200.0,200.0,0.0
2025-12-12,947,947,9,4,7,0.0,RandomForestClassifier,safe_w200,2025-12-12T08:54:25,predict_next_joint,0.0,-200.0,200.0,0.0
2025-12-12,946,946,9,4,6,0.0,RandomForestClassifier,safe_w200,2025-12-12T08:54:25,predict_next_joint,0.0,-200.0,200.0,0.0
2025-12-12,976,976,9,7,6,0.0,RandomForestClassifier,safe_w200,2025-12-12T08:54:25,predict_next_joint,0.0,-200.0,200.0,0.0
2025-12-12,975,975,9,7,5,0.0,RandomForestClassifier,safe_w200,2025-12-12T08:54:25,predict_next_joint,0.0,-200.0,200.0,0.0
2025-12-12,974,974,9,7,4,0.0,RandomForestClassifier,safe_w200,2025-12-12T08:54:25,predict_next_joint,0.0,-200.0,200.0,0.0
2025-12-12,972,972,9,7,2,0.0,RandomForestClassifier,safe_w200,2025-12-12T08:54:25,predict_next_joint,0.0,-200.0,200.0,0.0
2025-12-12,971,971,9,7,1,0.0,RandomForestClassifier,safe_w200,2025-12-12T08:54:25,predict_next_joint,0.0,-200.0,200.0,0.0
2025-12-12,970,970,9,7,0,0.0,RandomForestClassifier,safe_w200,2025-12-12T08:54:25,predict_next_joint,0.0,-200.0,200.0,0.0
2025-12-12,969,969,9,6,9,0.0,RandomForestClassifier,safe_w200,2025-12-12T08:54:25,predict_next_joint,0.0,-200.0,200.0,0.0
2025-12-12,968,968,9,6,8,0.0,RandomForestClassifier,safe_w200,2025-12-12T08:54:25,predict_next_joint,0.0,-200.0,200.0,0.0
2025-12-12,967,967,9,6,7,0.0,RandomForestClassifier,safe_w200,2025-12-12T08:54:25,predict_next_joint,0.0,-200.0,200.0,0.0
2025-12-12,966,966,9,6,6,0.0,RandomForestClassifier,safe_w200,2025-12-12T08:54:25,predict_next_joint,0.0,-200.0,200.0,0.0
2025-12-12,965,965,9,6,5,0.0,RandomForestClassifier,safe_w200,2025-12-12T08:54:25,predict_next_joint,0.0,-200.0,200.0,0.0
2025-12-12,961,961,9,6,1,0.0,RandomForestClassifier,safe_w200,2025-12-12T08:54:25,predict_next_joint,0.0,-200.0,200.0,0.0
2025-12-12,32,32,0,3,2,0.0,RandomForestClassifier,safe_w200,2025-12-12T08:54:25,predict_next_joint,0.0,-200.0,200.0,0.0
2025-12-12,31,31,0,3,1,0.0,RandomForestClassifier,safe_w200,2025-12-12T08:54:25,predict_next_joint,0.0,-200.0,200.0,0.0
2025-12-12,30,30,0,3,0,0.0,RandomForestClassifier,safe_w200,2025-12-12T08:54:25,predict_next_joint,0.0,-200.0,200.0,0.0
2025-12-12,29,29,0,2,9,0.0,RandomForestClassifier,safe_w200,2025-12-12T08:54:25,predict_next_joint,0.0,-200.0,200.0,0.0
2025-12-12,28,28,0,2,8,0.0,RandomForestClassifier,safe_w200,2025-12-12T08:54:25,predict_next_joint,0.0,-200.0,200.0,0.0
2025-12-12,27,27,0,2,7,0.0,RandomForestClassifier,safe_w200,2025-12-12T08:54:25,predict_next_joint,0.0,-200.0,200.0,0.0
2025-12-12,26,26,0,2,6,0.0,RandomForestClassifier,safe_w200,2025-12-12T08:54:25,predict_next_joint,0.0,-200.0,200.0,0.0
2025-12-12,25,25,0,2,5,0.0,RandomForestClassifier,safe_w200,2025-12-12T08:54:25,predict_next_joint,0.0,-200.0,200.0,0.0
2025-12-12,24,24,0,2,4,0.0,RandomForestClassifier,safe_w200,2025-12-12T08:54:25,predict_next_joint,0.0,-200.0,200.0,0.0
2025-12-12,23,23,0,2,3,0.0,RandomForestClassifier,safe_w200,2025-12-12T08:54:25,predict_next_joint,0.0,-200.0,200.0,0.0
2025-12-12,22,22,0,2,2,0.0,RandomForestClassifier,safe_w200,2025-12-12T08:54:25,predict_next_joint,0.0,-200.0,200.0,0.0
2025-12-12,21,21,0,2,1,0.0,RandomForestClassifier,safe_w200,2025-12-12T08:54:25,predict_next_joint,0.0,-200.0,200.0,0.0
2025-12-12,20,20,0,2,0,0.0,RandomForestClassifier,safe_w200,2025-12-12T08:54:25,predict_next_joint,0.0,-200.0,200.0,0.0
2025-12-12,17,17,0,1,7,0.0,RandomForestClassifier,safe_w200,2025-12-12T08:54:25,predict_next_joint,0.0,-200.0,200.0,0.0
2025-12-12,994,994,9,9,4,0.0,RandomForestClassifier,safe_w200,2025-12-12T08:54:25,predict_next_joint,0.0,-200.0,200.0,0.0
2025-12-12,995,995,9,9,5,0.0,RandomForestClassifier,safe_w200,2025-12-12T08:54:25,predict_next_joint,0.0,-200.0,200.0,0.0
2025-12-12,996,996,9,9,6,0.0,RandomForestClassifier,safe_w200,2025-12-12T08:54:25,predict_next_joint,0.0,-200.0,200.0,0.0
2025-12-12,997,997,9,9,7,0.0,RandomForestClassifier,safe_w200,2025-12-12T08:54:25,predict_next_joint,0.0,-200.0,200.0,0.0
2025-12-12,998,998,9,9,8,0.0,RandomForestClassifier,safe_w200,2025-12-12T08:54:25,predict_next_joint,0.0,-200.0,200.0,0.0
2025-12-12,999,999,9,9,9,0.0,RandomForestClassifier,safe_w200,2025-12-12T08:54:25,predict_next_joint,0.0,-200.0,200.0,0.0
2025-12-12,1,1,0,0,1,0.0,RandomForestClassifier,safe_w200,2025-12-12T08:54:25,predict_next_joint,0.0,-200.0,200.0,0.0
